,Topic 1,Topic 2,Topic 3,Topic 4,Topic 5,Topic 6,Topic 7,Topic 8,Topic 9,Topic 10,Topic 11
ENSG00000268903,1824.81720332145,1983.1018560567377,5930.96401546016,2377.3114086963014,1493.3791742547614,11399.44461491255,445.3186155319843,2757.010215457249,24.414883144241788,4751.998614127278,1577.3049474471482
ENSG00000269981,2355.592471692743,2750.4258662177554,8388.47267415924,3252.677200383369,1247.3432950946737,12106.821117522084,799.9168551476893,3512.5399497435005,296.4982858276113,5811.340036306203,2319.489627208771
ENSG00000225972,4110.853717069021,5757.036757408562,3662.1357918603626,3721.2441689881457,11044.633065046468,1773.2743626800993,4914.952480151316,6398.4663484612665,9136.153045685214,4181.683254684911,5527.091181452675
ENSG00000229344,4675.166736758447,4696.25865118754,3287.253917836585,3305.3628048145006,11720.97302916472,1768.976154767485,6021.9523677347825,8012.866802658,8478.386057175756,3949.428377647446,3785.1873491666615
ENSG00000178821,762.6183594484125,200.53527432608905,551.0876651767895,7947.40901813236,2196.1264355284507,12.768277655264274,203.86205921332532,464.8949221985058,7131.024213037199,2419.2280368288443,185.5220920973393
ENSG00000242349,1551.3331257996213,1256.4669223103044,6130.401208498268,1439.4478277471235,1883.7031381496581,1393.8640297574752,731.14832336287,2287.865811752093,1308.3231354204465,950.6598857415983,1320.6773742819082
ENSG00000175206,664.2768776069107,2535.282601705711,2346.02981371051,705.8165514640805,2919.451216027839,1036.1709361926635,1239.4406166952742,4330.0271601029135,12652.42297368911,1630.6211710047564,3362.365288168587
ENSG00000120937,8.073060016677111,61.01384204839582,14.423414969650036,15.807079839907862,1148.5419285581654,7.456128748963573,8.459706047733448,45.87818658887759,9252.427141437258,10.030964679393769,100.48521389015308
ENSG00000162438,1.270098256825677,1.3379609034916093,1.3867055901093581,6643.07169863866,1.1230499071568267,181.10975923729376,1.2430117789503914,1.2160638303809734,1.1313099159350575,1.2295237430113526,1.3350378947407193
ENSG00000142615,1.4386637792878274,1.5393650298011723,1.5506827179562446,10159.820692907359,3.659133725264753,1.4519984618831931,1.5447547302469196,1.9759973320797173,1.3575008231721468,1.6468852057491792,1.6193867395470163
ENSG00000215704,1.1736608817133667,1.2056511124847413,1.2284617549743528,4828.695182316445,1.096731878065332,1.1805661979484705,1.1754591984000877,1.2024011028529988,1.1055919643124354,1.1247455849555266,1.2452601445234515
ENSG00000158825,2937.0244333290143,4426.677643103813,2659.680721489979,283.9634292929574,1780.455626181193,11825.17846462872,8452.430007910976,2998.393074303602,1696.583667000647,8819.834376680043,3224.4480874344526
ENSG00000162551,3078.68441386758,7182.090954917474,5395.825088437917,1987.6247068320156,7415.332998106576,13154.38654570987,3979.643630868523,3776.8855844375767,1293.2996599138323,1667.164981296279,4751.462458561966
ENSG00000219073,2.4112106185448527,1.8280176268834356,1.9626179829821224,13610.494064213362,1.3385809870719445,1.8836477619435072,1.8871364239067505,1.8918254601266704,1.5186942127727643,3.026481727790703,2.1711378636772207
ENSG00000142789,41.044793330407366,30.638794076419536,33.095269342394346,23446.608765836467,8.023357364386163,43.888473200841084,38.8717677218758,51.16758034468612,41.0643844427396,153.58938917816718,62.277156914010696
ENSG00000020633,3052.3395820483734,1528.8550036845165,1541.2278788695075,62.12976586189286,2.006582807790028,9966.477608369823,3043.104744941304,180.50102657777688,2.2115371319528645,5451.638385414525,3211.7609436087646
ENSG00000158022,3.448892615610705,8.223550480112472,5.294482104701436,3.077321583754421,1.2396466563309525,1.6084507675657076,6.206614419119893,9.885789532698414,16782.784908446552,1219.349849870305,17.46524550708698
ENSG00000169442,6159.850703299383,6289.855556310101,4279.5951294256565,310.8679106327955,913.353526632947,14151.155646076351,504.80761030221925,1538.9655041142044,261.05694579254134,2962.655220135399,4303.309779510579
ENSG00000000938,2014.9076904655615,10592.784691826959,5294.475965481382,828.9549208824046,3166.004777587078,15146.18988769083,701.1119639547026,3751.741212396725,1586.5488049171313,2010.5767255199016,6417.054731025848
ENSG00000020129,2274.3805384237107,4837.96504775544,5107.4777539092765,2491.2878589138313,21341.18406570197,2096.5677931701243,9806.521976930999,11450.49914214416,5190.790658146312,3448.1056914674787,3950.2219118792823
ENSG00000119535,1821.919845400539,8560.334854572953,3736.0486773417547,439.64112950294833,2877.4760176371524,18749.050207688124,343.8190619327007,3035.653654345862,1741.6297057696124,105.47720585264923,4823.484554298452
ENSG00000117399,4068.5296710855428,192.46358941187728,969.8511573572971,385.10034464774753,5.467256335962838,3384.5051264842155,8399.307686409375,51.138003608582224,2.7882491606703605,6146.6706832093805,142.75681440525327
ENSG00000117472,13836.88675978549,467.9617446383786,11263.659707296758,1936.2489688891617,467.75608925126204,8.78763482129314,645.5321362486477,2161.978139660425,213.98429360176854,1450.4562301883348,511.2085510323993
ENSG00000184292,5491.25206050682,1731.6172738080147,3010.8055704507638,3727.1627384093804,1.3833698338082987,725.9808985572503,4409.959899900137,342.15403627145355,4.009421095910453,23169.317961076325,3995.2498230983747
ENSG00000243480,1.3037445120260343,1.6917860401247233,1.7438355326638348,6883.948295805316,900.5698794471111,1.2826636966057074,1.5256896841794567,2.5282840644436853,1.343781832759514,1.2989247968481232,1.4755375340709218
ENSG00000143119,5487.450584360746,11138.323246660198,5928.078352133762,1245.4316418607953,4290.7420028952165,15680.205975495433,561.8599137994337,6149.7551210530855,1244.2610490607865,1753.4904974611582,8615.829471189483
ENSG00000064886,1147.9629589085052,7479.364278505184,3960.79535338208,15.346918923859795,331.29316700967877,3497.7002854439406,1818.3093760307117,439.86891079052054,105.18730274289004,2163.6639114357295,5724.608319854125
ENSG00000203814,1764.9451358191434,631.6938147850444,4235.91891659726,378.7396393482026,746.2071516955907,5755.165472613757,608.793065067222,1835.9061550402444,17.956297339146207,2918.3309414032274,634.7373629102553
ENSG00000143369,3071.461095493146,5990.143428679372,3895.655403118593,1199.0248491886048,3568.229317083298,36.02570244482183,14693.836948041127,10945.393080058551,4458.300472883973,11407.976495738838,7134.959452561915
ENSG00000163141,794.5756951708063,7.7731344744916875,2850.771039757228,11.668042072007513,10.422815715641573,654.195459206431,46.61822293361608,12.429583305212773,2.0065961338712928,18377.602255322163,11.732662950585528
ENSG00000163157,529.4178518568305,65.7729989848349,349.1052952629925,13.664862580089403,1.382025962685943,751.2174782676196,73.40729320123977,477.2733296802028,9790.672410802066,4.881762679659876,143.92314100335417
ENSG00000196407,141.29183075183667,34.98423711147166,64.25196195710856,69.6956195630979,2750.354372998324,1000.3738919893833,32.55787242189599,33.00255222696855,15.207635562495897,12896.092764182502,21.83621973295986
ENSG00000143536,173.62346967221808,45.71141763454463,70.6368200913294,885.8490117524295,9.905604521762642,133.49956002536862,174.94614126466612,257.6552038133138,42.77976995909245,16905.55769358892,47.983731580778624
ENSG00000169509,1.4321222676551435,1.2996217908696281,1.2977443493220857,1.3166597264599484,1.107554857595821,1.2150302538970437,2.826678668984133,1.4967016117385425,1.14945887222903,18899.377839329936,1.2965457504713789
ENSG00000169474,138.4640486725295,12.366253696889606,13.162657278066513,452.70132498317827,3.3981434755134106,26.904502364676397,256.8270972711167,38.48604287058997,23.272666087392096,22428.295681383803,18.839504298257992
ENSG00000163209,1493.4906818025615,478.7326714978698,444.96026288196083,2571.0812464322503,208.7503435431646,438.00070852489944,1017.3049835606988,2840.087393788443,504.9008554238815,13831.452481698143,367.44179742587806
ENSG00000169469,4.123497208441196,2.1910930809160805,2.111736190319635,6.721857077860744,1.282796927609676,1.9947152835063626,183.67759896563726,2.4423203374057634,2.6376500555467643,23153.080465676667,2.372156592037136
ENSG00000241794,49.47936972439423,9.266232873940043,9.950720506698433,98.14299009256442,1.7344671840367172,9.712621429872145,35.72046014133582,39.66869561301798,2.7889996560319252,14089.642416407767,12.274065880584853
ENSG00000203785,1.882205636169055,1.767360357218235,1.738983864370914,1.6940765965440983,1.2266462712445103,1.4079610607567539,3.1512818885389517,1.8234633492378993,1.7499112718848064,20336.828408253034,1.8440991750171263
ENSG00000203782,4.057001701090381,18.822201639050554,15.294537639383666,4.3575101717558296,519.6913541669984,50.234563840884306,65.54309785068968,22.53129589163731,137.24331979758642,16896.750877872368,24.567808467515903
ENSG00000163221,995.1745065527541,4303.501630324281,1373.703051616513,197.61303741244464,1447.799131588306,21021.939899020777,199.81455863701635,665.6861775312996,1603.0521917650333,3020.314397019831,2984.5603313281576
ENSG00000143546,3998.1301455300663,9710.684330445072,3520.385341815434,2220.2428521656316,4512.274666100188,19392.71754215781,2299.817907608213,5896.174631357183,5435.146087386069,14135.08022381209,8123.169718619452
ENSG00000143556,2.1985069696022586,2.567263730260435,3.2094681230410673,1.6179389058584404,265.03143320592307,2.014616300984603,22.16148849350005,6.232056029467151,1.380134920030913,13981.0569559907,2.273980360304487
ENSG00000188015,395.8515648447569,2594.5043965699037,1269.8299007521255,22.49703414055623,2.7324034349639823,11.483009276884246,10249.631313658594,706.5993086607847,39.72942466046266,6796.0722111015975,4350.046260261657
ENSG00000196754,510.60345211047945,252.10827110413643,2573.159621846903,23.57893126932422,28.559761888847564,3.322884032537006,5396.616852769035,1021.1484235819139,49.300546824243895,19111.446643047508,358.0212371004095
ENSG00000160781,1636.313042721487,1463.6327215374054,3787.2890990863757,618.5416657904742,27262.626940442213,4138.473663785082,2846.158665674879,2988.8597077571044,615.8084048577439,5730.245769015428,615.9956535880397
ENSG00000143320,1397.1629098325461,3055.8928771862543,4649.428982896564,618.1578053615714,6888.882639600233,1034.2339102845112,13614.68617990375,8313.145731355755,1072.6277953589356,16802.81814279255,1968.5482495496717
ENSG00000163563,590.1210801957113,6316.395759355506,3336.932877033001,294.30917325337066,1812.7508708459684,16341.854845358843,355.00791176027894,2466.2221182765124,538.5587234869652,437.05339714905926,4857.625835833014
ENSG00000132693,355.2549195489416,21.519449900130404,13.066327713885991,6107.549438536172,1.6591945972447752,341.323365013113,141.43660563097313,6.5169507200439725,10.418701660968347,8.446127089551831,372.3527676416767
ENSG00000143318,48.80835216489214,513.0905453227748,256.10139214039776,28.419417569774758,5104.025747581811,17.25444248571753,140.96515673524095,6441.305632239801,16294.49750101775,95.21348073927847,603.6663057999383
ENSG00000117091,3212.6265928625776,711.4939684455113,734.1152727730552,13.068698443551385,1.328761173579603,13283.384230987253,33.44203351424738,38.02967172763169,1.4128995692724806,14.684530852966473,899.5512777165418
ENSG00000158874,355.2700626923723,5.965371716900478,9.296462636876779,3722.5634047855924,13.099799045150407,2038.527890576132,2.8782985004606383,4.708121037895812,1.8374647534727564,2.049441214851615,143.83432141328962
ENSG00000248485,996.7467777893066,923.7740785190657,1080.644544875164,48.20994196887959,15554.14976879542,23.960302027160274,747.8710928395619,5406.1959963030795,2.4528429567384045,6239.468733677638,512.5173893341779
ENSG00000143226,1378.3573241962085,12442.366835725765,3529.1702777156943,607.205671770942,675.897066813644,11568.458828233046,743.6622507402108,5926.268914498325,406.1933931089523,275.9236730913126,7585.318943883834
ENSG00000173110,862.2669983391735,5438.009804469868,4275.391228668798,502.00569894445624,2791.605347169919,13186.876644969067,491.50703187535794,4102.538019323158,296.85923841092296,1779.6782380895206,3820.127514918535
ENSG00000162747,29.95601953815997,208.0718759170516,104.17437301393443,3.2742408651304076,48.28009951820597,17383.52679065088,11.821036091941952,17.999266394518717,62.0767034446103,1126.2554976013705,178.18340330450525
ENSG00000188404,476.2278350967364,3338.186937574334,1931.8642752831179,32.82732289189411,2243.8821449757893,19467.430984163562,137.3250224806946,1199.0556839795406,71.47247822464459,3.5793360513626835,2607.7218182717506
ENSG00000116701,1306.4563087082445,8669.55773819215,2887.041612302149,411.0507210144619,158.08125217884677,15612.64895547321,615.0085218582134,2814.6092601409578,537.3652573252211,5203.525007868483,6672.668853499499
ENSG00000090104,6454.182870678926,11883.902434148606,8830.068714446475,1723.545050520805,3517.0454671511743,2079.814624429821,1561.0180536242185,14841.189159634272,659.1965898880012,4163.733470369986,10288.792536113277
ENSG00000081277,164.5108618035754,2734.6854899966997,165.36127807358463,2.5541380193375134,1.8451745478839674,14.642835087898092,510.18598784605143,26.16236375930937,811.0987517300495,23445.73212598543,2235.658795031033
ENSG00000159173,156.20086361353734,1.498172897140742,1.7775668688367232,38.88149540892176,1.145822453604697,1.5092977939698549,1.449993512987082,1.5092849569901845,11035.994609887026,146.7246588606402,2.0189492229829415
ENSG00000143847,66.80012863280407,240.4122502660945,721.4583658916522,38.04994693568848,13524.715494478965,80.48298156041663,4232.969384439531,1801.3468653794819,6939.656244861265,2044.8000908519732,487.1570191972679
ENSG00000133048,2022.8703067894282,8370.225067704767,3188.654895162522,1955.2171775074323,11631.463224100533,7675.7454591786045,5958.392579651563,1862.8612548934063,2294.5520844133143,9443.177986069637,7853.273018156297
ENSG00000162896,18499.807541951486,3.82691918156043,8.603036472201056,1038.5361037246657,1.1447727323044756,11.165715748641082,3.565969272157699,2.0272673485511468,1.1642490464579351,12.854319839045287,9.107910919921117
ENSG00000240524,1.0193100904391383,1.0302793910894672,1.078513970545283,1.0194531738595658,1.0134228224685893,1.0223137051024043,1.025397286321292,1.032355848555477,53.83945451713057,1.0097607409263007,1.0315637770645285
ENSG00000115705,400.9030559109176,3038.176482237115,13713.202751296638,39.17129044180786,1.323674887408713,8.626629111021957,336.67384386369906,1985.3991015650856,1519.6756781591944,19.741310732318137,943.7429569543408
ENSG00000271787,2.3425389766089912,1.6593403136807576,2.5297924765221174,1.3821795231358245,1.132204497229694,1.2104096637563397,1.4962182934425043,1.7680813819211947,1.2452799846497027,1.1024415141653898,1.823673743571687
ENSG00000163032,153.45042652839564,9.90868973727677,17.241532424633736,43.391056432188954,17130.158117277235,4.460209418992511,18.71785612244026,25.382320216802665,1223.413821484636,7489.490184593554,18.117251659734706
ENSG00000224220,757.4375325803351,1.7713970529139953,1.8750884073502516,1.3156833476779237,1.1152751535200531,1660.0141068014277,1.423838779306526,1.203455466127488,1.1057903945083087,1.1433221823612207,2.1793821274572287
ENSG00000138100,2.2007578271161203,6.540430773528989,21.604598213528167,54.293497819075306,1327.765454205062,1.9527468023452497,2.530089140916643,96.13264633348757,18505.171685214726,1.227833583311704,14.590176602215228
ENSG00000152154,1977.9805132990714,2045.1385119272497,5570.669869592686,1305.512048638371,16442.539525961052,8.386216199644348,3322.2639054228657,9396.668830521474,1017.581673770572,791.4316098098092,1970.8487914539971
ENSG00000119888,14841.912528119485,50.84913022973262,7210.188882965655,4755.605677013743,4258.838162768279,75.69947560550452,82.99385971190851,350.1168099427362,1.5465829031145437,4289.911294682947,31.584372003225155
ENSG00000115956,2569.3099050081714,10729.533116508648,3144.5462149539244,256.6698928209892,2535.0258148623925,14031.060810484016,461.6079013325335,3932.261877234458,668.1687443030439,730.5510374552375,5995.731508165365
ENSG00000169605,4458.195782008302,18.14989384185604,16.341036332728528,2693.7468433767935,2.6920111244581877,2.2072877916624245,33.30182581589357,119.34801718139258,19.91413223701581,21.893775043574827,27.123630663696563
ENSG00000059728,4289.290096359814,4630.26948338131,5396.668874502311,1597.392808863691,4944.121015266834,12019.020497144336,3347.0850471126023,6612.778541735876,3070.599057230158,8338.171658188034,5812.770679987326
ENSG00000244617,180.72061548521688,2733.3221801731243,3081.4958727463854,117.00172285249364,6239.964426919749,4214.67867613576,1942.048858194138,3813.924246508381,1477.5912196423385,12781.105245962302,1046.6343723854377
ENSG00000172023,101.65276352048977,18.9434934515929,19.289599120209576,18137.598016205367,4.8694181824309135,40.267536030464555,17.577172732986785,18.078512410352246,11.041054027866299,33.48085645358307,21.86378456218347
ENSG00000115386,1509.8244916307297,200.2868854769835,180.78307442178888,30844.581275502893,124.23670792992108,264.0427771387686,205.88736915424445,255.11673255168645,165.47173692624648,270.21978762758897,218.7464110826717
ENSG00000172016,168.7423498613398,2.1652809355798066,2.0631618504604607,9467.730495431071,1.300812190796989,2.493442736284323,1.7984867583292588,1.918022704716912,1.2260342009901,1.4649640989807258,1.9826364897718425
ENSG00000168878,1913.7228057722948,244.1960885036615,9156.658067215616,10.464764644079127,1.7606317307476376,1265.6306967953337,23.899178331009733,23.54428461448351,71.21670834535917,2.255095480187513,673.2196139664449
ENSG00000115523,1432.074696546831,4723.2399463892125,3609.4279331839743,43.16016550616699,1256.009412135885,12092.464703762236,180.11219210303014,1503.3160278074588,2084.458150469233,269.00718733569437,2563.4741067179725
ENSG00000172005,5833.569936490576,3935.986987262798,5585.9995102025905,244.19220733574417,16736.639504103347,4284.598121282296,811.1835551873323,11950.822113584487,1243.5131921131438,10729.856292597598,1346.8391514183306
ENSG00000158050,3042.6108390768877,3683.30827718395,5507.075167789473,659.9990717569874,5851.613641481502,9518.162442347128,2772.249474808364,3431.5349564410694,2114.466038983057,6890.5044715477325,3953.1234427947056
ENSG00000115590,2971.957554346245,3190.6408018152797,545.5092235006805,197.4722638836639,1.5288661632848077,13926.675483143723,2085.5482170895543,124.33744725008162,265.5544706907184,8189.4851896447035,3178.8166157174614
ENSG00000115607,1874.1748358179182,1036.0009196082256,467.10553529534326,8.446617481253679,1.2729283483196354,14457.20450997108,22.11958292847866,14.284817254418929,2.6032343746068687,9.00630259475936,907.9792574259498
ENSG00000136689,2721.7919001353575,559.3808334411381,426.6314012200311,232.05953382984333,1.3360407016481282,10998.943742314515,260.4879285177257,27.713494253975995,2.236516845058684,18749.10291078837,1081.5585084200727
ENSG00000125618,737.6723353835007,430.70663274025713,14773.192766526592,103.54214461923226,7.10272656877718,4.717913650393383,1378.1358926408125,937.780417957889,2.9020597437810873,814.2437641424941,109.87835229216708
ENSG00000075886,6.855574404515701,3.0713400628917813,357.99876081298504,1724.7860560052281,961.2807053313793,1.589045739382868,61.71557918068501,125.81151112129236,4836.092171573303,2.267814272621386,2.7803925688752167
ENSG00000121966,6422.03817568917,10262.907213225795,10718.704637946581,1561.3094761429675,3775.1301468372644,13154.875771907087,1026.3015264496355,7411.963624975972,2046.9562606891777,2535.8244206685317,7049.884562122358
ENSG00000168280,165.3866805314295,1077.8917671986014,1647.0666016464359,352.68355093739,25386.410027089387,12.056027495388294,220.61560067154576,4494.272288028346,77.49689093940512,5.559899538571586,331.68764965380456
ENSG00000183091,1.6434105639382737,1.4631772792970221,5.042509563408758,1.5717553822513433,1.6935150781028814,1.3353000415325416,1.6171544833187361,2.2782007816300993,11218.753468221204,327.8840090458137,1.708369061769021
ENSG00000115271,2982.4224980823356,7839.0025771313485,5943.750482831424,3138.462377893136,7553.359005798872,11175.514866386678,2544.585715759492,7071.329829120772,1214.036447714581,2250.2110532724378,4435.714967082756
ENSG00000091428,1212.820316345012,3778.6418951388673,3845.8799513397767,1322.6192287016152,16666.86701348343,11.720894474940216,439.28044857303644,3741.209974377543,375.6871640554092,3460.6810899525317,1925.7031133602513
ENSG00000128656,493.91791288878255,3975.4926186571174,3866.1100539308154,371.73376556065415,18882.386999728456,15.702064259390074,10941.24139358706,10006.677340728435,649.2331896276332,362.8832129132103,2443.190929386137
ENSG00000155657,2.0065200665978065,1.7004582501863927,3.486027335668907,4.166693911405544,1.1254569439080166,2.179644580654352,1.372049536697564,1.5478863664602507,13436.312202674842,1.1340027551429614,2.5529566904217473
ENSG00000162998,1665.8767554920953,5613.187624887754,5297.17022888504,809.774854061892,2858.7282158300773,14.075327241955124,2871.040943499112,20559.07736856605,4328.484664418867,2168.1341651579523,8358.07574877794
ENSG00000163464,3.7024096211370163,18.515288584137373,4.885293731521807,1.4010468774588674,1.2618257655263128,14561.825947518962,1.6775677588870181,1.6346553902922147,3.3433468680054683,1.508003192329001,17.060742937748277
ENSG00000018280,1118.2726862988368,12419.10782732951,3731.790799643585,825.9854149068834,950.9683056541877,14105.11893188668,305.0695164251276,3582.771829292044,1449.632084840967,227.28882488795983,7797.45673049425
ENSG00000130294,2.950834910390094,7.552085135775283,24.417227855181235,2425.174977929543,28525.2862209201,1.2439084259917719,5.393805834927419,209.01878571175317,69.12499400654049,2.4464835373524627,2.6526433271444105
ENSG00000187288,1565.302104165357,16481.310090685653,663.8703663894638,317.65894260172223,1.33238374397246,4.5645105559973915,3889.7064877370426,272.694314218699,1234.8166352134047,1332.7031465647706,7343.545957259637
ENSG00000157017,3896.5460834363184,93.80699023860787,1591.4533010817836,1453.2422607879519,21.595488459596467,1624.8287888366328,24.251174190779146,179.12781759074787,1.5594892025531308,6.742158495657255,60.300554531896495
ENSG00000162267,461.03559360501833,2048.6950941864648,2021.337341627317,635.1989704984312,1.64129863135499,35.43342726210765,574.3034584695395,1825.933144259489,204.19349507174678,41.26791702270472,17213.532198763543
ENSG00000181458,1213.4948515341675,4825.433698199757,3863.196086182602,3156.5918609053174,251.83333706034597,102.12980013474406,15843.615478192336,5939.368118475377,1225.6794950168646,12067.987641726886,7652.601062556877
ENSG00000180353,3852.8053701805425,12699.56056661685,6377.6693122665,1777.362292243852,1345.2590891483649,12569.070385593575,5727.9651855046195,6432.181053828141,2892.5764643432653,2360.808854192597,8570.26814620147
ENSG00000121552,1967.6440662533716,3885.325162120357,963.2407956011617,233.94105056364253,1.6976938924277813,7677.846584926381,6125.099344554314,284.1278043956106,18.942798173749907,20365.5912778784,3683.240183058034
ENSG00000091513,2752.285454661554,3581.7246533728317,1761.0810442615837,2334.1163747150104,20492.178373737705,41.21151355568004,752.8575118725067,933.7388070355678,9.83881754389985,3719.6420665767587,4194.972687811322
ENSG00000174564,169.17894566018845,421.8710511654233,762.9918445194716,79.13923084720689,3.1645990994567543,17.539332732267308,10005.94228360118,349.3998651088535,30.487864458937178,16685.71676299558,606.9065694487185
ENSG00000153002,80.68184468574687,1076.553804369675,199.90336744034153,17312.515834599595,2.564693799730199,129.90464820134557,225.50336005198974,197.88335019580327,16.935653749311754,459.6741933402009,1081.9472896168033
ENSG00000196549,601.8472374319412,3454.439813990798,464.2629167235325,33.18094731423892,28.912990980583,5388.626246048298,15686.88878856459,298.74008096832375,3023.4226131915757,20.416331212659554,1989.5234866158394
ENSG00000240045,1.323098412650104,1.7650147309989421,1.6070083471820797,1.323622665941713,959.4933338550599,1.3409450930083018,1.7485616118445841,3.102840802248459,11208.068864601559,1.632749218244503,1.5324837635743205
ENSG00000163661,679.9143302150924,8973.971765260054,1575.9725292374085,1456.9052896743406,7.891228948544314,1294.1970705788551,22732.83038647416,1145.4001860248004,752.4718501429483,303.62992552801273,8618.942718391345
ENSG00000118849,5428.50143459645,8830.625280487604,5413.704580444397,1350.9730441476163,11.842323001646756,15.603382599729041,3204.87166327389,9427.863724154786,2303.0490993223084,1306.170402219276,14226.554061288938
ENSG00000013297,334.784926011739,2485.043182151391,2222.738491186959,159.1187685928698,11546.719164949358,5.731895463379069,16675.998020099003,4988.143008487296,51.342979202734746,925.3175851262042,748.8734689566437
ENSG00000163347,1289.868611299869,1983.5272430590865,6854.695569723839,4630.105095156444,582.572012058797,10.735268310785088,2235.8610644873756,3003.3910225055447,48.310409474240956,16926.259170429395,4317.437328316919
ENSG00000163993,7516.899118701902,141.33770160977016,144.19630851933945,126.60446798785577,3.1157549911388087,12202.774600885625,265.5122963801179,28.877620342988106,6.091244279013714,11499.320201771905,132.79637983073223
ENSG00000251624,1.7292815908803523,1.1705026256902769,510.89573467805405,1.1339145084909081,1.0393991149325514,1.0655899049620594,1.1581978177445171,1.5752930254086044,1.0486749409967513,1.0499270649356205,1.1360289887865107
ENSG00000171195,3336.5760263978377,120.07709816212169,431.0488558262614,569.4412310434237,440.53219455623974,54.35636396646514,542.6415039015961,475.0417038730226,422.21231310982995,3327.339796663364,139.75264393173012
ENSG00000132465,27655.91977687772,855.8079086842108,1211.7615989318315,522.0403822201938,1.3942345404089176,7084.017608431276,746.5292986682218,71.07208467543461,13.91277045493428,601.2931594046819,3448.3941645756686
ENSG00000163631,1316.8822698879103,441.9877418175155,1141.977265132959,13397.600140534709,1722.1431145205058,3228.0895234289746,196.05903555527885,830.4681354606183,201.0966603938159,126.46841994605374,1143.988945388534
ENSG00000169429,637.3335842215694,2937.9537806581247,1123.4382071413024,788.0327075757306,245.6079873756412,6994.814679470608,7890.795396852912,425.0565280030348,282.6668536854955,5.558375064686629,5016.146229197251
ENSG00000163739,5190.816671928549,2020.7400392433208,714.9718679565898,1883.8487661537192,871.5229662889083,6365.731917131622,10880.205072392988,585.8037445430816,822.152393806121,673.6518491870137,2019.8425650295408
ENSG00000081041,3473.4878300767314,7163.212735634419,2689.6390465628792,4699.025270675331,793.0030206308385,169.80517434210486,7644.316953560832,5050.682039425589,6107.042415575385,338.29750054868003,11542.579398987631
ENSG00000169245,3359.15325124371,3116.1981002974812,3461.1801112907015,84.52212526950787,255.4935884681713,615.1621344508852,217.91289336578188,700.8464194205662,396.6013223684764,428.4363599229158,3409.684771288218
ENSG00000145287,6606.255189854006,8.175696638481828,12.176506008857967,3.628853279279633,1.2549167157258823,9354.947212422054,6.158235220226493,1.6559389439583576,1.1347697909163206,612.3267092870118,8.614028626392763
ENSG00000118785,1657.3779668898019,13071.470520969071,3386.021525487714,4970.590427473555,17082.317243371792,548.6319441785547,959.4258426519052,9500.709664299506,416.0035635596802,22.66213612560597,8402.93885604768
ENSG00000145358,66.78198711679494,1090.3160578381876,796.1034220069915,19.973028611282658,4417.425568022373,2.387464630970047,3084.4937381253912,5281.531267413622,8098.281402019727,43.0867275166367,1328.2817051792301
ENSG00000172399,2.4070578353595953,261.9761705472168,26.56705744192205,6.183849146939155,1.440389510089337,1.6913145148754107,365.4884127221371,1468.4966188406008,17669.50574316294,1.213025834614903,2479.6598900793488
ENSG00000137462,1814.9938871446573,10252.63875029494,4910.56729865261,1233.8346689935088,633.8405458660459,10593.636334291188,3693.3589378291813,4374.532115683842,772.236343043572,1708.4081730323476,7055.879008132988
ENSG00000171564,1405.4853391759605,6.287349141249426,7.110149698549301,5472.483266315747,1.449706342657787,396.86365217175256,7.460724385410825,3.8770275989314777,6.849383055204641,3.667128368880482,112.55598858503093
ENSG00000171560,1446.5990439466227,2.4923480271380214,4.194587887627589,6362.356564579881,1.205659220358671,266.3219905654987,2.13480838033589,1.610646314947324,1.606683192007192,1.5665442584630722,29.564942444089375
ENSG00000171557,2364.5840970900085,12.15008909581138,36.268179658296596,6543.724277864984,1.3294136617729657,983.3039798456322,5.842972693239951,3.682689751811587,2.4309957370290007,1.7682792595202947,335.3856200013568
ENSG00000066230,7333.194698292752,328.13824916985243,3317.2603685438876,602.4400242245226,2089.7756133952425,5.414736514445753,1118.7797889811613,3225.9838040957707,2.948124390356908,3624.5520637633304,155.36797443991804
ENSG00000134057,4089.0758366916657,663.670346668402,2255.127537239433,1262.60379193307,4251.023531171472,1949.7334632550296,11826.028864857337,1584.9543370955578,747.5037414904274,4899.0161442867675,869.2074435646158
ENSG00000171617,4949.662670330041,2383.7532101752427,2756.1460191041087,4253.991040071424,13290.189988038905,2498.4060818912144,6825.088903625875,2225.3598939601347,2124.930960422489,2710.5406381628372,1819.812539404721
ENSG00000120708,3952.373541910744,11059.114686501007,5455.056561424925,2285.2328945373947,98.41040305059671,4472.0723251329555,23743.59726079387,11087.277454630472,6255.172356862358,7044.535419077698,11574.16818565992
ENSG00000120729,226.8266217797927,296.62862929680296,412.4351825354723,21.372913550595584,2880.1812688208242,2.096781221160594,79.05976037655557,9740.595253097563,13122.359997269987,21.829938054948656,271.8075668470986
ENSG00000164266,4389.135148932045,13.388559002112602,11.706239166574512,11392.714102304693,1.189389061368845,4.0212732412609435,12.180943704175348,12.793994044776111,2.0027960252488306,716.7474994206568,105.17337218799143
ENSG00000133710,1231.9794919481271,28.390980882911997,313.2004516032819,8.334758275268413,1.3115708309363872,2.949881864484785,29.319575984769717,14.586852863844834,210.45921297879912,21570.11412793587,34.23887960265701
ENSG00000155850,5692.476869064868,3156.170312020513,3830.45335155538,1111.106331173836,1731.7111386137951,62.32076827207984,8390.814962667922,6889.971824518285,1917.9396415578265,4262.616311135552,2699.8869106747293
ENSG00000113739,728.8216983461366,3148.759043421524,2124.091192317842,2219.1389693763485,2.3220823090437412,47.668564609828465,16830.081769137803,1855.377061758886,2068.2389652618153,1435.3619207197726,3561.4401543544527
ENSG00000074317,1.1061450214420303,1.1589126798320943,1.1983604937421979,1.218591897572819,19043.892313146906,1.1100757093593898,1.2161714797333267,1.440853808559321,51.50247015186492,1.147068138026003,1.1173390868631359
ENSG00000160883,904.0183071707136,6344.320674156544,2564.9296969680518,412.695421511295,16.229318013672657,14870.903166636523,234.65148500179257,1782.871366743525,968.1588591341489,10.79326820926085,6451.975759190852
ENSG00000248996,785.9858869849749,1757.6490309964647,1381.4026225697278,97.2639166266498,749.4482450194128,12143.64004894837,383.41741472189995,1093.151457969718,23.855478717539654,65.42364737317475,1103.5529589052453
ENSG00000146094,2490.2042346733347,4023.093137090928,4126.589030985218,866.1655949644672,3385.9896855902407,14606.817332659215,1473.6369448782232,3545.9333185877717,1009.7337961455621,1000.7025652661807,2577.9849737184823
ENSG00000161055,8156.915686260516,539.9511639631755,4971.201198506573,939.7573327408193,1514.5501186282654,1091.7866565705503,221.13780673595377,183.87787366103785,2.0256004050544525,2786.061447261892,734.8278235238586
ENSG00000137285,786.3224448849583,1467.2271830124107,644.9115246846757,830.846062555927,24709.40583470694,6.8690072669045685,3002.8353796988904,5773.164938302527,476.6667483701223,2190.0666189322847,622.4658621165221
ENSG00000172179,776.5389438148277,292.8346691961723,985.5889493593276,4213.126353954174,2103.3387671068544,1162.2045145270592,1337.6323388635071,4791.964047046981,444.65410768577146,484.7672211951745,276.6628009348704
ENSG00000111913,1231.0287270360081,3916.999872301103,2707.6631821349088,80.28426711865336,5862.916235458281,12603.673821966286,1433.2825512585055,2621.5726817280015,3412.3011725068345,1914.3359540110223,1837.5404915310874
ENSG00000226979,8.765208053482976,3.749957627166058,62.81179135950493,153.5717960580766,626.0332320305166,5755.884858109782,4.149815234689016,7.299499234549454,32.44941805033258,1.5452690598968792,2.5225193207507624
ENSG00000232810,364.71870523736163,73.82242566868022,41.40716000187407,3.141884258320533,1.4706377120373786,6726.641348693391,10.556790449647954,6.576670496613813,29.742628470328572,1306.2281041003148,194.8546283391184
ENSG00000227507,3656.8876635098572,924.9489209660658,1339.3251071837856,306.772796417773,1344.7573145862282,15219.101290888668,80.59411133883955,273.15761716378415,3.939217107757154,1802.98338655814,861.3830737872726
ENSG00000204482,1712.526127526604,7199.105420018062,2721.9410653409836,357.1933259324248,3653.0518131452422,13296.778828187475,506.1904717086529,3225.228279462243,73.44009362718421,2184.382017635947,3541.901971903913
ENSG00000204421,12.738079178130377,31.408031603848542,112.52063951673757,2.6025285382280976,4.2637742292882725,769.3492659178925,49.60360550937069,25.29387498877744,1.6009731000600753,17663.974860546226,58.12828576482811
ENSG00000243649,7338.539177082771,9492.436177307207,4809.808834032723,4839.720760790482,1550.1643622828165,54.67653918470417,6542.652204609532,9661.139311859813,1320.6529069991418,2292.276808768556,11685.406255305745
ENSG00000213654,4621.857817532201,8749.364334119839,4774.513202627158,1542.4213435908634,4148.0303910129205,15608.992703852677,6357.951684640294,5685.703537493765,2143.478829189005,2779.6159859931972,6708.379494944288
ENSG00000124507,12.265490057967863,5.111477567372636,4.903864625487799,211.30296568732126,19844.76658726521,10.252330513430431,1.8237558538578893,34.02609208870469,768.49694811589,1.2127582167198643,2.586685915805629
ENSG00000137392,45.362828373529965,63.413744337228934,57.443902436787376,25325.067472323644,31.790772309954303,97.27963400088433,71.71310114805752,111.68642676057543,78.90657891787184,249.14673745100077,69.13745439247623
ENSG00000112139,441.61372496979163,1825.64850212859,2388.260092701443,52.713825144403,7160.776219083831,103.77019054791899,1748.5252527807686,6172.904285133421,8.42216904240389,2729.9445160998675,1992.8012335881087
ENSG00000124701,16.758684375261346,2.075284024682387,2.274632917416441,2439.5730743520144,1.2584978151048576,3.571144424942883,1.5571393192142944,12.633361808715382,14676.068432075,1.3361744407735041,3.297024992610219
ENSG00000124731,7.168899655369239,545.8584205029946,54.80809739744479,1.7169459239362597,1.32557007486185,11754.75027918853,103.60208921671357,7.269364247224159,2.978131603108524,1.165205986280427,1041.422872805237
ENSG00000096088,11586.937372025925,271.1169511305632,539.9091958739276,9418.749500164698,429.25057789653613,376.53099711805385,429.2772419509336,894.3765822991853,327.52410460420435,173.93845284316097,464.34794388241187
ENSG00000135346,24.017560369976394,6.120560212508503,37.465314355430806,586.0562619370518,1891.0308634946632,1.919553589076976,10.308438481546045,1065.6450245587423,386.02883508380404,329.2579344964365,3.7999068685485877
ENSG00000135549,5808.345891480812,15.418684711761982,103.45857819250695,754.712093673035,7525.786127487694,2.111547225499044,33.73087595658133,53.607225592092426,1.3570887143184447,2193.312841591472,16.95123518259912
ENSG00000118520,50.61610238965037,10.001163317744565,5.993012615571601,34.4314184010453,1.1850354242272318,11364.039201070844,3.5381551059691616,1.4435966780765317,1.4361043196307717,8329.452986868822,63.45035668567398
ENSG00000112299,1560.1643657291547,989.4846429407617,89.17961133531182,323.30648976269435,1.1752371965934894,11057.443454169186,114.42664244271391,8.316303615359423,1.4693538457631317,27.39917223908074,1556.311810234089
ENSG00000112303,472.38815376570085,2540.069318257663,577.707914410365,93.0103428638797,2.9618151823821504,18897.285861213364,75.13019005019252,131.00426256477388,75.12357110367718,2.0152816018277147,2136.8300650321953
ENSG00000136244,468.5785402937212,7595.893830337834,3316.5521149689034,112.69926683074182,54.897629636967096,46.56425921890674,8205.068095857081,2841.601361949659,1093.7779547674174,215.56773490966611,8683.028570066985
ENSG00000011426,449.5312236739182,93.11674644096838,89.45714931246556,29.398837229761337,11309.833157645326,330.82145964762196,7832.4947089005,171.81267468883868,1.9643126760377565,4648.738891832875,58.4976329957476
ENSG00000106631,32.058616858062294,306.41453686526165,112.62240832989495,62.32662025566654,2295.387212718949,20.56433034199234,116.29459280241771,928.0006906438313,13285.71058499906,105.08852393325529,575.8041819308552
ENSG00000243566,2253.417717175846,1463.2968700127806,3062.6261398202587,87.12548312972076,1.6832709978931044,1885.9070640119683,378.180326433864,129.38871662864457,6.34026329109628,6211.723246039455,3298.918020571974
ENSG00000105825,98.94811638706817,3074.507664377921,414.5058719243694,1683.4847561420484,2.0013437160621037,4.57729335608826,11894.949228883532,913.2921470217243,283.7981153811101,1.7765775355201994,6451.111217984233
ENSG00000006128,503.9772035555009,2431.2891455177923,3865.271932344943,26.078226472461626,12226.557490077446,33.56141701655524,309.5690628490726,5054.875759489176,2.8218543439455086,43.04837075403003,790.4474895474793
ENSG00000158516,19.3466865365228,47.819953131458064,11.882116949661645,16158.1639451451,336.6108714959241,3.5957224442444726,6.768662520362476,16.245745866707107,1.531897730327471,2.9074801077715273,15.614640598086702
ENSG00000091704,92.20854473186218,1015.0480702157903,314.0429929950118,25149.087476582226,48.58836316638632,205.32349646866174,427.7769240239328,506.36794617444633,257.43646210914704,298.24627260600903,1536.7080320416796
ENSG00000204983,248.88731764496845,249.8852481900049,290.8620789734284,32101.709243790516,195.5308804316239,380.86397121551596,365.80336524673146,584.4921165815384,385.40507113153905,757.9513173060061,365.52883226576046
ENSG00000211772,7394.754728434823,5983.114128984559,7446.837663876312,1293.6867956199949,4297.083907604834,12814.956949559248,794.591604100527,4919.85654249227,1529.380237996057,2995.6346486205107,3272.7923374905613
ENSG00000159763,2089.131926923425,32.446927962108475,101.48011299723922,86.6589526981752,5.164691474085932,11.77868006972982,216.47889067224017,16.140264286107286,37.62076119162647,12637.752116085392,55.6262950709496
ENSG00000239839,23.368027629753186,340.78199781995744,332.98296868248985,10.242322538313381,668.3232732541283,15168.622773529978,23.614743454715345,139.88088546869898,792.4738867099942,2.300364100366976,318.20518389704455
ENSG00000164816,3888.667099725357,19.94833969511164,20.369345527593786,449.24063535303287,11.16075529772853,33.62197628435062,44.24482313877392,39.12770846617511,8.627216512556773,3.842514142799656,17.76709832618559
ENSG00000173535,49.236459607439215,612.2583916689962,907.4544413794781,79.404418137515,1.7932334383387398,11432.803438894538,2154.926367334722,63.21170873634635,2.4431911697863016,1.29191585990664,592.4110346453467
ENSG00000147454,3420.9116820809422,6728.961791371446,6456.271438427734,4556.082110575713,6486.385925893242,12186.100150945376,10589.384228254119,9104.66370236681,5998.574793564107,4023.950955165473,4327.002218890176
ENSG00000104435,657.9311910946712,131.51283130728808,35.12785757893012,424.339991285875,24544.979877516485,2.0335511323735997,6740.669928315182,814.3462904187498,1.5523096608437845,761.2750539526352,23.650318701451667
ENSG00000164879,2949.539612902333,1199.3166974541787,3981.1690774220597,294.1209713893227,812.8899383720785,225.85271500706986,583.8165149181002,2881.8132312278226,14268.229577368857,2146.603076576485,4032.1276568865583
ENSG00000104267,11603.408567405912,1392.0299855626113,3319.3186295558576,4653.057140964366,15324.594403274112,4981.682700909658,363.05656970812686,1482.6486551323362,7355.486219399131,7448.827743601396,1119.8221640997872
ENSG00000164761,165.6129175136458,1944.6243752809626,4625.068137012991,68.8438218736393,44.41931905324043,4.893432828321135,6947.418096938044,1448.5178280897148,59.33754132664399,1.554857036527268,11116.55792129131
ENSG00000136999,522.3322318230471,5336.6813818862665,6837.748326617711,1258.5675386749672,2333.0897269354227,16.929102008173263,4384.670380551662,19570.83219600513,1027.9568237868787,2764.0530698728867,9363.119890323556
ENSG00000042832,228.23496190702932,77.28475353646012,15019.217269878156,132.73615983727748,5.383176545947878,66.8109941459966,902.0256373035627,413.7342650404591,134.2106330610357,1242.631942328015,23.540305078581234
ENSG00000167653,7497.409191395659,4.070473165387717,12.626086842719882,273.85566370005677,2.4159753172529435,1.9095162090217834,1233.929599959839,5.8113100867436325,1.303550548563593,9337.173830557527,5.861273501715894
ENSG00000160886,14.69533346310331,196.39433230291087,312.6200636416709,80.12120546455482,589.1876995585532,1.7206442830309234,8217.465390765678,99.59122376335999,768.9286093202741,4499.652962187384,107.72031447249616
ENSG00000126233,1.2307207792387778,1.2010112325122804,1.2197496674571058,1.189490736413245,1.0990256184325573,1.1279449868097668,1.2925360856756536,1.2414087648144003,1.13928164172275,19320.219708200842,1.2085754848208663
ENSG00000160882,3.7449780863670386,37.45141892738388,196.43766681631408,4067.2544850702056,2.603285500949831,2.514550660116836,12.45187227381132,1492.7505462869485,4.301205564135227,2.2750153276724707,25.347165322794538
ENSG00000165272,9487.12435638862,2277.5011430929194,2722.672812593243,4425.1946947541755,145.7880582972123,3721.6650309817805,1267.3927294190123,2205.8997741325506,3298.9822173688663,20686.198157681283,4368.286827556826
ENSG00000168913,2364.498108800001,215.3324972895647,420.6149634656695,407.34878139653983,27105.758045715782,33.692314030592655,116.32307453288047,394.77963658073855,15.643659896218876,2110.2725746490783,74.62400090261427
ENSG00000213927,10.525862979567162,160.30823498758934,697.4624758319347,18.930579604685416,2518.847462425905,1.6397581441906683,1073.9439334793924,2582.438630657317,4.617317276832954,9620.6803387505,100.29611170304533
ENSG00000172724,4933.5112994377905,6688.18365876953,5516.591047314829,358.58273207641395,140.92043214494356,46.20954250827162,873.5716157960231,2726.8422734551345,28.61698298456642,5602.61840148422,11267.193194611526
ENSG00000215187,124.9307474593804,2385.3108671121295,1121.8660298774444,149.27556798899198,214.511044358253,5.192380770203768,298.13264855290373,5865.74582923747,7103.046848957732,714.6295766126385,4986.235977783547
ENSG00000123975,6001.816996088286,3918.286504302872,4317.974155384651,2339.676273602352,5204.594159715305,4699.779705346712,15135.375960742986,3570.52853803945,3398.972126802088,5653.751585505307,2484.0820436828585
ENSG00000130222,3266.2522314893627,7137.89378851513,6746.787963610899,6513.916864679305,6699.084618146116,2543.122753156442,2037.453906930196,17452.93611468306,11083.655063808495,5340.6518538143155,8844.322084488955
ENSG00000229314,1909.046992132974,250.2660172111932,178.74253589244557,5803.5882534588345,12.066089795522611,8687.250343609501,140.42912659954595,52.90294096644829,151.66314274515554,22.026373809059947,906.6129382607671
ENSG00000160401,189.60850664472534,51.20352125234316,4823.852987356761,208.68664706271608,2754.6615898551695,38.44332253148316,1023.9362645654737,220.32436666213752,5.692450343332209,117.27956646460676,45.51792690452305
ENSG00000148346,11487.081455237318,47.15101557451756,144.40155733556549,2214.3493049710505,1.9492824213093671,10370.277389237668,525.7175650913143,12.901132773562194,6.851681861229548,9938.396993794144,89.7648404117261
ENSG00000085265,67.29556488573415,1594.4046602488554,169.58467549936543,7.608533154629858,1.2393589645722551,14518.249498166311,16.156876139338998,21.515672823795903,8.312722504604539,2.2506751171840618,1229.0283097317094
ENSG00000197191,1237.0538670136957,169.60798897689574,2781.6661205449773,670.01952473479,4421.184835579332,11.477633285083135,1509.3872428994998,1014.3912160354892,4.658789847143027,14620.915685287118,78.93484442261521
ENSG00000178372,48.71685014782816,115.22413736514001,52.06991783970074,39.09033634254773,12.12443250922296,52.146714326991884,491.6817846745332,80.3595848703171,498.61492302424466,25146.490200488468,151.8699070965905
ENSG00000178363,1.7358572504605767,1.1355107237999553,1.2709744095274045,1.3640052200121853,1.087822784085938,1.0970958007841316,1.3105402951891434,1.1516333123808373,1.1190907543082727,16108.370472832348,1.1591105377859372
ENSG00000152463,23.2601953023794,1137.9713141172178,777.788955419765,186.1395167046358,2.112647726346227,5631.352307288946,3075.450191708697,587.3040995698036,3.0423773955041646,176.97186188376187,925.9683034148129
ENSG00000077943,1674.5816691737875,4093.6842101767397,3663.3534338665218,100.66730272707522,76.03411064331189,9.530929006228774,993.4200003702686,15854.18934107967,802.9274502471904,1189.12550127687,12539.841741429502
ENSG00000107984,11.335566481294956,263.05662697404466,21.751566511295113,3.1737610709858974,49.640083764266514,2.1819166410488635,14857.384337668509,18.5905382400136,1.7485952621112373,3553.725598547455,158.74257221513295
ENSG00000075073,1506.9469014598446,210.43071041220233,98.99602092595626,37.3355138529721,63.7491385578051,1.5690668572827027,197.8313561795577,16170.441851334128,682.4708943064389,1056.819931126697,53.85771734552382
ENSG00000148600,3003.2485605848465,4.107136070095193,10.772519937149667,4.471791644062588,6725.791370809652,257.262573114926,5.921723996002405,9.447812173335395,2.5449774297457384,12507.701296155012,2.783713898346994
ENSG00000182333,6319.072202402075,226.42167592201292,334.45598794601256,9014.713221832939,273.15287917944033,96.0001179456882,457.32027812631895,1024.0651739833193,321.12517815005094,224.7805746068653,148.4685250899704
ENSG00000138207,1633.7914063307694,15985.698256048932,3018.5343345315678,4762.626232135282,8376.254848491044,103.1069533005768,3725.9866618738365,2330.5289438285167,703.2448379329222,370.36316492902694,9202.028697265248
ENSG00000165887,2.424499196981523,8.44187783419355,7.844014875368948,4.899498341954163,1850.1277651101395,6.368517426811049,690.7495908369513,43.90657514071914,15867.615232433347,1136.670131074302,27.241830159992087
ENSG00000119927,914.9316221339565,9633.78858693011,2903.3429052572524,1996.300158613512,4960.628113239445,7.838721372783155,7758.3613665558305,4592.646988654782,2414.9992441730064,319.92735519429334,5293.563433699963
ENSG00000175535,26.010864908362873,37.14324462535854,32.36029608503662,22407.64246884354,9.080966752725,57.32428485407821,38.944479075277066,42.35114275444181,46.256581941793854,141.37426424876358,39.43899747202818
ENSG00000187021,1.0878510824160756,1.0844877697063793,1.0771367298014431,5057.11047515816,1.0437233196392712,1.0701597905192954,1.0773955269556947,1.0679649943202287,1.0538185620958351,1.0788207326977781,1.083425725418034
ENSG00000151651,3086.716871298854,4129.002637484367,4360.523470943527,1679.7848924003458,2637.818936553558,14177.568701402613,1093.7099484185135,3123.985489881156,288.412516848573,2536.038666395004,2794.6207706162772
ENSG00000184363,9030.797399235447,22.90669087484817,1562.2895604137907,2179.229498263481,11.88537368955785,4.0969650927052,546.6291047351305,24.549241086903688,1.2733010390843138,18214.94766073753,17.163039235475697
ENSG00000184524,2.4565044586715215,3.0517180744888397,3.8625132216561204,2.7334231624060035,23315.80585187848,1.7150016531937908,1663.5821331418972,74.26772960015201,1.4149073315304652,1.2373142892619262,1.7436210279972584
ENSG00000244734,3108.805787860711,11338.997739145116,11139.91022320531,3818.912916632633,17957.714316520043,26805.98225455849,4796.542091351206,14781.507137013923,12162.822479572798,4573.846375137638,10143.43964689799
ENSG00000213934,1.1623866193822567,1.2804557230503302,1.3135217003795239,1.1466076956966231,1.2830604656381879,4168.591759631498,1.176196642444581,1.2272635857864538,1.3317574735139197,1.1163444664916118,1.2527582618397053
ENSG00000196565,1.6751361931815454,12.118494460456878,12.67636177629905,1.4411833799794154,31.44302560601573,6995.94174024511,2.1783226907328443,7.816958528513505,12.592885913699055,1.4464969700985617,5.725313592446565
ENSG00000213931,1.966867379118297,8.523911469481561,35.029151512476815,4.477019790191939,164.1862275173227,4005.287655209245,5.331854989522455,68.40447257543772,7.288108133351815,1.8256684026163938,4.216462000887593
ENSG00000134339,2897.1199851937427,3204.9306274148053,245.22837595926384,791.3044776531983,1.2666178571845952,88.2099276874339,2474.833571828249,25.11928193290938,2241.7307597496147,986.1476686358343,11084.85958982295
ENSG00000134571,70.37175550755686,6.217545127818842,4.88152046623658,101.03004817537999,1.2548013437718044,3903.8689908152883,1.5120226624112079,2.144018935725639,10338.396983989034,1.221841804655923,17.181997678548218
ENSG00000066336,2747.673784822219,10756.710640888434,4751.275179082699,1104.7788774917076,3400.2809815009077,15331.431289373517,712.1924042710391,5990.475963971997,1758.551440328384,3215.04811500861,7909.755091450651
ENSG00000214872,93.81934413268766,102.74875755939772,479.98382973297845,10.493884921848682,248.03642791183904,1508.6112132767942,24.80770921284888,118.95861479244782,8411.70794751115,2.7072036826139163,299.30602259277134
ENSG00000229859,3523.7304197036765,1.323714086534514,1.4134456546542615,514.4794903310178,1.2947955623327143,1.212365893942986,1.397926325583282,1.5273934716432909,1.2992378474443558,1.2405945870864212,1.373724978785405
ENSG00000124920,6534.824752306299,1404.660118735975,1444.6296586951103,4919.26465922408,14279.505838575518,179.1968623035527,1314.379948373516,921.223139294984,2.0981407797686207,30.843802223761962,1174.8185113032935
ENSG00000110076,128.85403939996792,850.055649286502,1693.1401180749958,453.8941685866914,17281.475717126792,2.772826860279779,1606.8035809246285,5396.784124907276,14.039093654093872,3.9668420764340975,571.4670235869562
ENSG00000172543,2959.6612841065594,2043.6592436060573,3514.2483330824452,70.72445514266545,2.3369488051208274,11207.101544700508,305.24664466398434,448.24144434622553,19.45483386989898,715.8523551843555,2567.2062575909476
ENSG00000175315,189.8923612825108,386.5411757587071,5422.36122236539,20.89934848514706,4.468447933346445,7.622533936823813,4088.6721049637777,892.8727463744755,96.54143762152462,16283.624657750397,3533.2951846506785
ENSG00000174871,121.32885005431986,62.885599223704794,353.3687885130252,780.2572044384045,20091.825950189854,604.1935664250625,119.22799910972321,133.27527438237823,1.387136463904988,1621.8846888478674,40.70650391978805
ENSG00000172508,538.1806336788666,3066.621698862543,3537.184074018812,437.9686636157223,12886.308740869641,534.0212059221614,331.9718611390915,6920.664924632898,6449.201250372798,31.93907822219139,2445.665472215123
ENSG00000021300,2552.2818602929246,1888.9608951550802,6456.452412267655,1845.6398205383248,27459.639653766313,990.572967148903,631.1069906744937,10425.953863914236,2408.774106508604,796.2791264985909,689.2753497808221
ENSG00000175564,387.6653827455474,678.5840486665182,2707.541450015837,127.20122749625365,1351.0820776550154,350.13181121831775,471.5053250923313,3911.5994683250606,8752.140468540943,366.0081429580532,515.3248359731623
ENSG00000110245,2130.799866887082,8.749225458120293,9.274886483065785,4334.702032604425,1.5249533870814982,1488.2568546476289,62.65134866911769,5.652175834257061,2.563120682155064,2.3188750566890906,111.72422543325747
ENSG00000137699,279.69291927024864,387.9691731519219,767.4065895070851,13.523453283126033,8.901890227850076,3.009819376200656,1018.9289004753176,730.3259287802368,2.9475118500248634,25513.392327175137,630.3671215790208
ENSG00000249790,2.878746762812898,204.85938576854446,98.29894738426755,6.608097854454035,110.37049198172907,6466.160057536068,1634.506093490848,283.6751164677218,1.9481803393637296,1630.5227704555286,373.64532778347524
ENSG00000231503,4.438021961808213,4.694527541170502,5.960571390278835,1.6197668806839118,3.1841299850557307,2.2477103426384786,3.5636569997580505,4.5962934653279,1.485276631930863,3.164199076502497,7.48310749500372
ENSG00000111215,2390.3545479716545,2396.07773304643,4042.3423948462846,665.0459104623421,4348.98656448344,28.960216021301918,3518.766123984222,6481.23796952014,1833.9620327534585,4940.758538437207,2002.499592239839
ENSG00000121316,4261.466962210595,7490.204488890684,5599.737490987638,3263.9644097366568,27.944335374983318,11022.38221836348,2402.34798226009,4319.756365375736,4882.871340923563,9183.581235106154,6212.776479083926
ENSG00000172602,4925.553513784849,2590.597410759331,5649.042314087201,977.1064473471112,10456.32904217603,113.10632704802875,510.18840303730957,2154.269245487639,82.5786925085027,194.68124372739018,2993.0258279559525
ENSG00000258232,1.4161962263759618,3.1842310985413325,2.67424208544913,2.50742298284053,4.493389309817699,1.3668635922416492,3.8496101702703105,2.9058636427431646,2.114264064026404,1.5835961559307534,2.2147113035031682
ENSG00000135480,4579.623314620129,1241.064477145153,10443.421463267485,2601.9820296908183,1.2334338934027596,26.846269765279388,8746.258134058364,227.7403031895626,19.176152518536853,9001.220344153484,4607.302569662078
ENSG00000205420,709.4737082903264,145.56107864745857,260.40711645829805,1078.0223513918313,17.82408212588069,239.61969702379022,2816.6798615207904,227.2601640308883,243.50205596347558,25315.897564141324,311.160607519275
ENSG00000172867,53.03946714353384,526.942589708021,315.15415175199195,60.50365367386893,322.80072655025714,395.17767511936677,842.7949265154746,702.2689765781226,1198.8213686767865,18777.001775470573,647.2465943617585
ENSG00000170477,2857.6945024625775,603.9805288929887,973.5092123782782,3299.306222019144,282.24342751509846,676.0212682387695,1196.8944245095165,1729.0263037479365,554.37659891588,14616.033733670363,685.9476808640493
ENSG00000139626,3816.590053236723,705.3948360657811,2261.810956061316,9.783785646130909,2.617105482705817,7953.114544345638,263.0210971924272,170.3750075929971,1.4528480959373216,3804.3489218514896,742.6390859882363
ENSG00000161634,7.637903421389536,55.16984108111962,15.038667535548019,13.255160554410699,2.7261467482034165,12.02898852991041,164.89762913851882,19.82947091097715,257.8653314510361,14778.132722863002,92.02324058982876
ENSG00000172551,3.190593676949116,1.8941436930706612,1.9147064218274596,1.3943450532910722,1.329054196513177,2.111332437629842,3.8815589651125726,1.4428062450628458,1.3132975842274122,12636.280068506758,1.935772294976283
ENSG00000258345,2.4087974849876237,6.776227420805629,157.04703814947624,809.5316250802415,31.64516981400521,9.121709625019639,66.8398613836613,94.46645592331441,26.998135886356447,3.8693016920294774,4.441659094142468
ENSG00000139540,3315.9737185948798,1.4240469529386566,2.005024755043391,5099.185734611254,1.2882407250066652,1.6302202769967757,1.2821481174923912,1.7265164625976115,1.0863072793337527,1.0806396417581507,1.9664238111402623
ENSG00000185482,1428.4824223393127,1032.5416177514883,2990.019165891421,644.2119182811429,2061.1665067770978,5560.47459105378,2281.1764470137064,1913.5741452072082,13064.797822733934,1852.8546988517915,1839.690912147058
ENSG00000123329,3830.930863757761,5234.480616505142,4943.631650688554,1003.3811069492477,2693.8260955120772,14673.15374973537,486.7511638625337,2664.8758551597175,172.74161367508012,913.1278288960723,3824.9419832198982
ENSG00000155980,38.015281861085256,111.31651883953361,433.6560041012354,28.614215699962855,28200.75030044157,1.8453606050744726,158.42988123561642,2506.8684148380485,1.9374188794419256,1.6637765971979996,72.1081565011741
ENSG00000090382,10925.994139056424,11313.29568277154,4597.720641018102,3108.450902325798,249.7926914556661,14946.073697168942,751.9495346881686,3609.698748023758,2075.9584076256715,2334.416256922732,9395.121290676238
ENSG00000257453,1.4625331996346393,3.1589469177391396,2.994860087709714,1.4930586902948635,1.9072164892201364,1.7354142736838012,3.7862126299228054,4.360924481007596,2.7059884578803106,12.050039002331708,5.859321349081655
ENSG00000257715,2.115417225864914,1.6014551324951425,2.329060864634518,6.4973022458177265,4.4001687621589145,827.7603098320894,1.5165191520167993,3.157102561433214,1.3065896919975504,45.1075261513027,1.8650149287422264
ENSG00000258177,1.2730847476526095,1.2323064132761774,1.4239741253869114,1.192847844761937,1030.633241005558,1.3098314216507625,1.2852396212586346,1.2944772438952477,1.0896726183071708,1.3123893833198077,1.2822020924375963
ENSG00000110876,2085.2865381674915,5883.301422191915,3540.567220043205,505.63919087948744,4719.821318831419,15499.09489907587,4164.323813522001,3179.882181206603,471.5491062416347,1235.7594214551232,4947.804573831647
ENSG00000111245,488.30780084817934,978.3933679107839,1136.5619706254352,608.5891192974484,1063.8171199169606,1640.524029479776,1618.8242969702546,2631.7410048751462,30207.02919503526,1691.092234522275,2443.1318971518995
ENSG00000170890,265.6600238562307,47.45434781385384,123.96898730873436,19178.868418720947,2.6123018442435115,250.14112424006117,24.34484658828638,33.853840917151544,3.948508463082407,13.122066651462196,120.84779950971159
ENSG00000165474,5067.472475955384,152.87697929280907,356.2738812772807,392.95106743558824,2185.2455924016085,24.09518844075464,316.1128354927344,129.38337064638395,1.5829842534852754,17218.61804471324,158.7895497435875
ENSG00000132965,2713.233042133021,12703.188139335953,4110.1854371791005,1238.896730066392,1744.7263344266316,14002.069389396756,668.9147267696147,5452.523202176654,647.8170861471972,1399.9840138328582,7567.038551253097
ENSG00000102837,9249.77067854872,80.3070517351031,106.07859245635431,3556.761715629143,165.2785120826566,5439.89036286146,17.83563982936567,52.08385414430111,14.828645054808684,7.938040378132224,58.678362794284865
ENSG00000234377,1.0120417869553402,1.0804901715389672,1.0662242552877916,1.0404917273868906,2171.3022728352835,1.02309076034688,1.0500552411980124,1.1500234538606002,1.0340751186565835,1.0096551293462301,1.0312728024186761
ENSG00000153531,32.580848484779594,267.26861717062604,66.77954600347601,92.96356449214255,156.1313245431059,1.416641589627539,2384.730606145448,5549.445014101504,13603.362469254884,20.492450871247904,777.3772816054104
ENSG00000169385,116.83899413250842,7089.173053738285,547.537221544406,111.6259912726001,326.7128044255389,11744.94676166967,97.537154941628,1113.5899104604648,91.38051771448792,4.195560592766877,2670.9423075183477
ENSG00000197616,2.136019583293863,3.3964871068078235,3.466579789854183,3.133460527523331,2.6192517566245064,2.7011937326271735,2.2856070040995182,9.05357537555684,17225.693351228838,4.873169335175243,7.441491619282547
ENSG00000258444,1.0529528492815854,1.0816077006154523,1.0685462289091574,1.0778326269832776,1.0590962475373487,1.0795028926112944,1.0652175496258787,1.0792823324310505,6197.543104160951,1.0329218517293255,1.0848302053924768
ENSG00000092295,842.3455425519279,1043.6490348037223,3523.809329116588,233.25287542218211,2442.2136526093095,230.05396191604902,1536.2996941086765,835.6683778345397,3.630491653681798,16906.696704282138,952.8812160103602
ENSG00000139899,1423.6106997156496,3404.4812345152905,4200.536971333823,816.2357821555247,6572.988791472268,432.89446516847033,9299.651180642053,8560.6451824454,182.83778786861464,1026.1493115330252,3460.718193135131
ENSG00000151838,1.5061139625165891,1.2356826945333024,3.3453640681766226,16.362748305800412,2452.261022851534,1.3768396449798561,1.5660021136400366,2.264040882355661,1.3891297720470883,1.1878961848751843,1.2790700100582615
ENSG00000139970,261.199450289705,8697.359852398686,3126.930667852009,372.67274761507235,20343.298947400534,1126.2349453992506,3208.1843277759112,6071.66992279864,16.041912369776234,337.2483185732635,5040.511460328987
ENSG00000176153,11185.22213529789,2.202564627216331,8.374619152388927,2741.6819175590963,16.90892655405943,17.94412543808762,5.626841818169785,3.072178425217709,1.3177871885085028,9316.89155668806,4.24268637738562
ENSG00000054690,4201.325207822373,583.2341562944454,9371.921622684828,3334.354233801098,15036.7655615013,4.5013784276594535,262.71581452550583,3316.9639593418824,799.7109978628068,5684.728700030013,141.20465126787363
ENSG00000100604,3021.9148426579072,3.892843807109847,32.085678990688734,6983.072963453954,16987.50652721641,1.4053983126323988,5.081483823199808,115.02299987218889,1.4117665717381125,1.4919673028713185,1.9013265522916503
ENSG00000197249,8408.06632419554,3024.518867254062,3761.914168700247,5806.191105737298,596.1433663529053,15748.47328994971,577.3080374085557,880.2975297521741,98.46176606928391,97.47169604599794,5684.097012878596
ENSG00000197119,3862.6601912390956,6154.798415878538,12748.588990701513,2971.515827035471,9229.027041657015,2215.6872409655275,6061.423629856948,12689.483261250964,3393.685165942343,5459.844036283483,4592.043787127416
ENSG00000211890,30922.472034720206,1030.8823636342956,773.3406527346319,1734.6042423023198,4.257007868347832,8503.485074359038,591.4994497862098,214.32121328398992,313.89629809265307,2373.3152741159447,3205.0249119279238
ENSG00000211892,15399.039883800273,911.5895999156758,3059.283347481646,93.70969221320179,1.5730768556869252,5133.832402341323,67.64769156018797,65.49901021514472,3.143888218839874,209.8355505614715,2155.939336717603
ENSG00000211893,19257.758278261288,2986.7901820074994,3263.030676365859,494.04015431902104,2.6839677988609187,9543.629132502527,284.9465484060998,592.4297068430566,552.6735882895559,683.3062688680432,9664.726521561492
ENSG00000211896,21587.312131479724,3560.1905774698357,4969.541672140705,1127.3473613545666,6.3469197979604495,8735.734712277586,623.7454799348922,923.2401838744219,668.7084106936537,702.1501882276165,11401.100208606143
ENSG00000211897,18957.32642679501,2830.278276473627,2965.544195639954,304.2639309503393,1.7508748189672139,7882.010381824668,173.6416256976807,288.396303764794,201.23843410009468,198.74588730616568,7631.152341789165
ENSG00000211899,21070.552980932607,2366.5415298617236,1744.6511744968632,1292.9883630120007,3.4877209293748197,15116.538631233158,368.3002033312631,221.4872961050117,235.30474740375197,71.5005751292825,4611.73375258423
ENSG00000166922,161.5191344961348,164.08693584019218,756.2089585760771,4819.465435558618,21716.63913501386,2.2268420366289137,6339.788270337462,2147.5377678601603,1.9007174595262128,2.1273119415507598,127.64736206303273
ENSG00000166923,2026.4059771529844,473.25369856738246,143.4560135199105,138.28128921290354,1367.862117956286,1.8614170120679794,13203.487961056857,3905.701810395104,1.4229273685248685,1316.2855464139866,127.65184247600692
ENSG00000104140,2508.2527475842166,3.317107862505339,28.407538078345013,1632.6840559340449,2597.251791921785,17.866189407927294,16.579725592815983,3.7544203924253927,1.2082999889533481,18416.055900901803,3.3173261838719013
ENSG00000166920,10178.980565334257,28.614908435150916,299.02108100915336,1913.4612380125318,1.4216080226244998,656.5264964958811,122.77211267394647,11.930892696225927,1.749528476929585,11516.575717724352,41.734750080749606
ENSG00000103569,124.34118559785837,737.3949753922525,116.19591610437799,33.67777924332505,235.76112453106978,17562.414606456496,938.9508364223252,20.56377576941981,6.314833485641093,6107.734499009076,1660.8514041647854
ENSG00000138623,950.9320707321816,1338.4425006726844,2590.7062540662937,206.65300656105492,10907.714661298392,5221.924365272707,10366.9086412478,1750.8760011371382,784.503818513183,3985.763524543753,1038.2902238146023
ENSG00000140465,280.4580226648914,2512.854586116465,497.6248669456794,43.25440891999598,1.5972322152254055,7.051126244073733,758.9856633558368,338.65137337805874,745.7746746301679,2890.3113698800225,5940.847318092682
ENSG00000198794,2675.723879889575,1335.1720338160474,4187.12596847989,4894.559177734367,21493.76612693795,58.93893203582096,2033.565060825114,3806.9243217208978,53.5527523421028,193.31858665071576,736.8190332329222
ENSG00000260235,9.035783742555719,4.523449743488775,6.550920011427671,4.043541734499617,15.30039495624546,6.518993772035863,2.660726069044238,11.97511845315325,13.725185301001613,4.500083763494036,7.18585444691589
ENSG00000140379,835.2202239430836,3908.459191122062,993.2491555171474,34.11285422288058,134.55151886675208,16260.493703676337,1130.519936677352,192.53567539485385,34.550284995555224,11.501876162804988,2784.047954079281
ENSG00000103888,149.819518893481,319.70906844414975,998.1331517555238,21.588815004645177,3394.138146892677,17.70048394675821,12231.434958383425,336.6684229684345,1.905029228618829,3218.312908179813,736.4100459440394
ENSG00000140519,272.14977416798047,60.674268255103804,79.71806857713779,1235.577055999448,3167.8269949032206,11.020103514696679,114.50657425633125,249.79090634263835,33.10462832406148,18295.41197784134,37.85863667785506
ENSG00000166819,680.0118918735751,18537.31518817407,3771.8109024125415,1336.0447965195974,1590.4526598822151,6.734021942388544,2167.8446611186173,3390.653135758079,2356.265080703493,1463.0560057264959,6031.470818205708
ENSG00000166825,5492.765137881886,6079.762996952244,2680.5366022360363,7685.739565202493,22.838829069267153,8746.211063048317,18646.951480397885,1575.0860477644026,915.161227406435,4549.963845138056,7193.231614592917
ENSG00000185615,187.31347302201505,257.5822117904887,144.54849808147975,8982.063155769025,17394.552742274434,2.469364603178472,40.248150131541294,1500.1585420101064,277.8775577590697,1.3633166496354916,119.51867902741071
ENSG00000127585,796.676951025228,37.949759119264975,2601.6009236064124,335.2462025536872,26027.80083351836,978.6679866749427,70.63656866601929,190.32150109009334,1.897310306062196,8124.055630619684,12.349965561850924
ENSG00000172382,345.07253769304987,928.4929974365238,1619.5037201387238,50.68641373456505,4816.670279097846,254.7576105799436,1608.864426047159,1899.341607759951,1.8327103740141892,9452.118404413324,811.1483581339861
ENSG00000162078,7248.710985681265,10.09401100104255,90.67445532227389,329.7146705137378,32.89459702869092,52.16082403949305,194.0046439291108,33.24575836972776,45.7937379955518,7853.828140022003,21.98311490155595
ENSG00000008516,1011.6815649701479,717.11702039532,1054.2706895219503,79.76812420689626,57.98465391972775,17056.56778421216,41.58833696630139,67.80038537759376,99.76800899798178,427.2162889793237,449.8612528932492
ENSG00000122304,123.65346073154153,93.92877230512822,2776.112577641077,7546.333451477128,172.7834498232468,68.25427503148464,879.4258415717574,1122.564317550538,422.33299208232376,475.8068906001854,90.82548790767362
ENSG00000175646,108.33088258919933,111.71966962156695,2341.6447386424197,7450.0938232365215,148.08537381712668,61.42377561035979,914.4306609659332,1297.2892625128275,414.8105003360117,469.3119956331503,78.50626007276318
ENSG00000261448,981.2358665264063,13.46668416220394,107.7810488347631,410.6148007025819,1.448800113233581,1439.7103366934411,2.5651707518857774,13.031306290499746,1.3668896751602566,1.2325052653106192,8.599615527460832
ENSG00000140749,717.2294155670475,2925.025245316744,1344.3615292860768,17.05717984172659,966.1317082730874,10800.780790831217,83.37039585757555,331.71744122831063,1.6923348128408535,250.7814116661047,1493.1371918964355
ENSG00000184730,4983.0140682123665,3033.0975060946657,2540.8815607555803,200.44553517967168,51.277659496133516,12986.295552597881,176.53913817427204,493.8191986480437,3.954818629206893,1911.820535656368,1340.2877631702781
ENSG00000196296,589.9488179396551,143.74011673057285,1683.7851015893687,166.29005884055795,106.55688787766663,422.44676537659115,914.1511561906794,716.5277222522811,13614.131978071831,992.233117963812,281.065752315581
ENSG00000180209,8.27663779856375,11.508600890552229,29.010901619256256,18.981534912915063,3.315879187663902,66.79167724241358,23.66222978916504,32.56887114858766,16019.346829301208,214.68326861506836,49.93132466963967
ENSG00000099365,542.6890195558645,1068.7883072947131,985.4135675608759,329.3712924262596,19396.583971098877,17.234078906455633,2669.3501563224677,1958.2063374468175,17.45017831517441,1929.4116267148559,717.1241359399538
ENSG00000140678,1534.9579174582257,6301.6081056512785,3335.1555189985315,383.5363780739145,3798.9329299401193,14891.490374561077,298.85564933183065,2360.6124574088003,134.68227369351598,404.18230349133205,4859.815167226224
ENSG00000087250,34.78940291135527,406.7974808536044,264.7179360289186,25.394700883616878,34647.42731188779,7.336939072366653,362.6552012402729,3132.754329088715,870.3496417764449,110.83668653050772,84.55118365529222
ENSG00000260549,2384.789118062197,6634.9820422301145,6040.580124985776,4070.228357682398,5639.009729148086,189.65017299072477,15138.660994353506,8429.162927808544,3933.5341520373972,785.1487668187532,7543.805049702097
ENSG00000198417,5555.062722314775,5122.8772834320225,10296.359555687031,5662.21180836934,12337.997822275622,2259.181868931297,2779.5086390021665,3695.661295809241,152.46178344439488,1697.0566807095227,2805.464711255754
ENSG00000140932,6.3760806887175905,16.427245275215668,943.2544165535766,1051.1614273637226,1839.1152137242395,10891.38009437743,16.786036116314474,39.705861248581215,8.871479755217566,1.6724524059608943,8.581151705250557
ENSG00000176387,12536.903484691606,165.32090505753487,4420.109767769668,2041.5892018559302,3044.501108515766,10.516243741565635,419.7295757094268,1557.9507395015228,29.924365852685977,11238.942875711731,160.76875199104728
ENSG00000257017,1090.49020632,3463.927980386177,614.3312420860542,1827.4842282489114,5.284503521314726,7647.750445857147,230.5707471782144,332.5671575669691,583.2163066709269,9.47581905471983,14577.087803398685
ENSG00000168928,15.517597055358097,21.88324087624107,20.485404550780345,19835.134760975252,5.689407499991112,38.50887074910321,22.869360153446294,33.11506302250767,12.090515537448763,68.98308311575494,22.008974975038498
ENSG00000168925,8.766000941060359,12.298557015713136,9.895550126150779,18260.810780165448,3.178530075659203,20.519686652072956,11.367208878485897,19.651133236415898,7.240090077161259,35.54458642483092,21.87100993885948
ENSG00000240338,1.2054381055146393,1.2523081000048502,1.231451133617584,6600.989374913698,1.1486192543629434,1.2326562576103142,1.2494778126931614,1.2416549492365707,1.2818949226194456,1.170583933556402,1.303463744852678
ENSG00000261317,1.5795039811767642,1.5394377548461076,1.5069849895937721,1.4770701891066857,1.0669863444035972,1.0879806106288576,1.5563436745207302,1.8729237046756293,1.1811505830046072,2.423957879643006,2.317533165098052
ENSG00000108405,2001.6227184862282,3585.4714434655825,1488.466271013233,4125.908485035151,2.02510867392257,7233.699415212637,696.2920832962217,5367.484746032981,29.826847754797157,3278.2678416454264,11635.055039980958
ENSG00000181885,14925.579012228241,815.9470351065515,6045.128566717635,3710.1293050470995,1.4882043230466382,39.56551501566065,3498.0946853774794,443.2987022128921,8.265190630380273,7220.038843430716,1377.3922760267437
ENSG00000129244,865.1097987065604,3944.882539945692,4759.832050807333,707.5069853685401,23491.378557436874,102.48293815586177,597.6483856530606,11834.32271860253,2131.166284678862,718.4148895758432,1557.1009974143515
ENSG00000133026,1359.1553363085247,6628.1992170596195,5361.266088985796,2045.4953608665942,8041.713985089001,35.47400131622988,13941.093769108144,15390.138507547572,3372.5718263336476,2134.2563603934036,10240.294533731425
ENSG00000109061,1.642753360638177,2.3274018367918807,1.8841233690498211,2.448747275085461,1.324476320612821,2.268092764363168,2.0399302444805607,2.0450720756306886,11924.183491267086,1.7080491970308294,2.9683338207487724
ENSG00000125414,1.4717574781574474,1.3678279424082689,1.379986866786608,1.2660632795816116,1.2026155692149072,1.4856498873331012,1.4955181458996263,1.599270001861195,10651.907298694001,1.3956367014985878,1.4315888739514533
ENSG00000108602,4927.524694599929,145.74149042006025,181.15705082859938,86.15635780118087,2.534849378669505,6.8538886408938255,111.15660313965907,25.41920140072411,93.55112575589317,13104.781682759314,203.92169121327944
ENSG00000131771,6103.370374000284,6097.214414281444,2053.499683160965,3818.114344645071,24212.326290529858,11.795119295411881,1449.012930789503,3202.2191687010077,10.300672370006927,7373.238507416889,1399.3515213089552
ENSG00000108342,236.25204663109633,2572.2664137331994,895.9306078837509,82.10232494124159,542.517247956915,66.83529759144538,6400.447387233752,1458.4150956073454,3797.4976431805076,18.074256732835007,4792.613796061741
ENSG00000126353,1090.185379695304,1779.5741685279456,1668.4689977285839,32.308229703434996,1.3786212427926168,8664.247832161951,4488.702740732423,138.91780390359523,6.8783837160565335,486.19527626248816,2695.3141752503034
ENSG00000171401,3768.2750734072088,782.117157293152,1659.0468519768115,4693.0049174703,720.4615135327363,929.4055170304357,1942.6216245805203,3667.4478758416617,1087.0402910678256,15174.814422049141,1124.019928449071
ENSG00000171346,999.2738948314328,2.1401124799661235,7.930820022451891,12.580530142381624,1.1882734200307097,2.5258528503325595,35.70472715435242,1.5679617323204593,1.2733213868393474,24689.274368876333,2.86112038664089
ENSG00000171345,20063.62971297706,1870.6057125483865,9386.81343594554,3995.640975055816,1396.2948949430565,40.86192679642247,5921.794270409846,4469.600069178082,41.66649149064151,13957.262767621412,2745.0084002833787
ENSG00000186847,513.1541655854974,2029.324152009953,1685.903668847186,285.7227920475335,258.29662342899894,179.9003860964896,5903.894678655388,2675.4161851205336,1434.6523365605162,29615.124442355765,3412.74424056552
ENSG00000186832,9.374610498390878,279.3378436958224,35.683260540064396,3.054286587808339,1.1575685546635774,1.4651741792735615,2214.6930261599978,71.17772335924465,1.4861980962157846,18394.335794142684,4612.783946089465
ENSG00000108309,37.283288242938156,13.35102378627396,246.28846089175227,748.0488613040395,25105.356657881188,5009.9877109183335,16.639437156639335,101.35420677417547,2.100934069945399,4213.074548868544,3.33056683727201
ENSG00000005961,47.67752569649067,316.0814413393701,4907.622141304549,39.62773541807966,3182.5467166730828,7588.463682975859,51.62037766873504,728.7478737555974,8.45176289288223,1.4656362382050636,89.66548186720841
ENSG00000073670,34.42154626853476,319.7818482363391,598.47063925996,32.232112590252925,14455.566803631127,1.911573980273962,222.89415393048512,3667.0544996848,1970.7549843340644,1107.0166444449712,180.34918217526874
ENSG00000131095,8.0157490934173,432.8753736118358,182.0532522759151,10.031910140816816,30966.911627584584,300.2403182519601,142.99741995438694,314.9699257605498,476.6885707252941,3.683059200146579,189.1826310423363
ENSG00000120088,1.864927685764533,1.563252054752176,4.099088654628521,1.5201972490110527,7821.283515852789,1.157163384441047,2.637403991162383,8.124260438063855,1.1768606347746742,368.4024705865298,1.4676379548744094
ENSG00000198336,58.10475708656667,229.60449462169888,2303.0113994920343,32.22580656600604,1.3969531626994787,5824.535038246567,15.071016897992173,72.4245070212402,9428.993981019152,2.6591830431820753,427.2505268481374
ENSG00000173868,6.52509687013093,15.813569822080904,336.9944692071333,88.78870588053289,2587.4491129461344,10778.173006972474,6.844889601524688,31.163914159120974,1167.6159382620585,1.6890538764926588,8.8829507155041
ENSG00000259384,1389.466041487776,460.31306411669834,1422.1356603978318,3651.452427684349,2644.122837948593,750.7949592285519,834.2304519962441,5963.2475290243165,578.9591245097655,769.141130544737,341.628948375465
ENSG00000091583,576.947937203708,1.9557936969641414,1.84673845441972,4498.790106692263,1.1599521528790635,1054.1300578509313,1.3847201472907456,1.4202338575743902,1.170074198358387,1.185486730321001,13.499796863888085
ENSG00000182676,1.3742770796635124,1.249695640387157,1.5414612628347528,1.7110026139483467,1.4902507772205384,1.5398569717783284,1.3837177431719947,1.8116703690427562,9040.811788809046,67.28966707253656,1.2532533528175576
ENSG00000173762,4238.823698270707,1654.5720255555802,1430.1917315429732,37.77142210067801,1.5491459226902344,9871.071456883437,2753.9909169122543,236.33590074424455,1.9081596849815297,792.5475292922804,1923.9197513986824
ENSG00000266495,2.2070383099187567,1.6377892843281667,6.935822653246483,1.223660521242392,1.1033367832522825,1.8895038694354929,1.5699283080937856,1.4584661707646551,1.1930931946868197,1.1744298521011924,1.7865889525495788
ENSG00000118271,142.76399819821467,8.061340850585566,13.147910672134326,8557.85127388651,5656.615759218695,782.7390323807591,3.172468275455833,48.38372880212062,1.5372480506641377,3.7528764862174064,17.363160963460384
ENSG00000141682,1480.9340093873445,251.86118164711627,491.2593197233718,132.75300678766487,2112.217180814345,4025.1332629743415,7018.967706888799,218.7578617690945,352.3869950826078,7684.390721707238,229.23453281460613
ENSG00000150637,5.700182548864282,2.4037210404713787,3.0909286262581674,1.3251101521339226,2.5147144319814507,3287.3304387352305,1.4811680169402373,1.4215222608276639,1.23879033403295,1.093843289093673,2.3620551273984973
ENSG00000197971,1275.6227249126703,4479.5944175700915,3968.710756458514,1313.6689582281879,27938.0513840378,5244.640116241101,2961.0540588691238,4406.514378222291,4095.4929900279444,3686.6356656598045,1993.5357586464572
ENSG00000197540,1653.095319341767,680.5217947426759,2572.3404316810256,94.6571174041368,1758.1245880313327,9758.112917982353,103.69829283828844,414.10558616694567,2.5056655428764123,556.2684184447603,444.4424976879816
ENSG00000172232,14.159069201410386,63.414401021162504,212.44701229946747,6.681620291438282,1469.1458969433284,8194.39403121238,13.54729119950102,32.02183339593395,14.206604663716268,4.08006103728648,67.14865760994327
ENSG00000176533,3377.0918398455397,3393.4208298735525,4142.673482223967,2358.8025123564794,20173.53692222975,3329.3580494806615,1115.8878348227563,8908.824681545313,3599.6465328510585,1740.2478102315365,1421.6298638458454
ENSG00000077009,2.264576248946608,15.074900198432712,11.071459599874805,4.441909431582088,2.918243177083597,1.4800586543930583,4.0515863749020005,500.2690102904155,19886.213926575983,1.3185149927326567,88.38351243604191
ENSG00000105246,2721.770309484369,7768.363423248567,1713.14839945815,156.09377522527834,865.8439491998962,2172.6802851536213,352.8757291597966,1577.2587285044835,2.897050835245673,8.302272466141973,4534.398269663527
ENSG00000171236,6149.917661945089,1003.1881558641365,251.68754051802134,4209.5102585566065,1.3686764184540503,11158.299223638605,96.89878729626574,35.02328716354217,35.52621279186795,4329.644621609728,2022.3142536212536
ENSG00000104833,9.105878616536978,104.76434654877625,168.98545496200833,230.02637854516254,28710.145563531893,538.3413251739863,21.240633505210972,662.8423475687168,700.5109914199691,36.62063666406141,18.412201622860486
ENSG00000178531,873.4040237824878,1482.3321365286015,2423.6432015088785,468.39919196037795,20564.46945808534,8.166734175926344,4133.150579986065,17781.033308664144,3.868885626597165,2243.8876859137035,911.1769459884765
ENSG00000142347,2556.0939539946985,7232.088193089421,4195.86640208172,632.1992185630583,1156.547077802845,14047.787624020973,1529.1779135714667,3616.2440516349384,385.91157468834456,1091.6773699119776,4686.281015438469
ENSG00000267607,23.332053194607166,43.681817233579224,24.382122298503592,1.4640133788142538,1.086941665259681,441.4583043814264,2.1900073061409295,1.3938676633969516,1.1920991067732667,1.253949920712702,196.22769133420502
ENSG00000076662,2305.6351494777164,177.54977784453777,294.64848447469024,6.368536500127661,1.4667748546230372,15508.474812465707,17.862910916676732,11.083704477381993,1.4255122947949181,419.9327058447391,278.96944641946914
ENSG00000214212,116.91013544942442,1174.405856244041,753.3311813284902,231.14417273926324,1185.8550473260325,13826.481987094163,75.58249319101681,497.19683153551796,1009.4200131248385,1.6162556953179144,617.0348227172356
ENSG00000105649,1291.6057158483318,1626.6171271053684,2608.6502600984904,791.4474778828306,21796.426446560035,2294.5762174496817,2704.481668100191,7804.967578268271,3895.079152882678,2260.7474742969125,1670.3407708831849
ENSG00000130513,6413.234194115944,3589.131915992452,2426.447516006654,4366.211538176413,2.5340964204662146,222.31421331155823,10224.270809867427,1989.8436122788453,377.17608578352264,151.29595601779036,6862.8949226674185
ENSG00000105696,255.15604839807153,1105.1451088312526,1742.8103337758203,828.2568273893867,24417.248737179874,2.6282027169070203,4291.000616080993,9976.262885573042,2203.661922007374,121.26029388177301,698.3804521405694
ENSG00000268751,644.2477334512363,1202.8060792444803,3993.90600445929,1603.579890790215,6897.227775579836,18.042926424922722,1288.8961108944977,4518.941753120832,1306.930254280819,9351.79727268377,905.231029115673
ENSG00000221946,30.70561337247309,2072.1918417517754,647.5279572250114,8.9479678620588,19697.213939031448,1965.1668384535947,226.94997389204178,1541.7631633369601,724.3374723918731,279.7323421744702,318.8213430942976
ENSG00000105697,164.45661695402066,312.5762266659827,90.62372558434933,4000.7202746787857,5724.11874685814,500.71066108796265,16.07410907573591,156.08552706503067,2479.4466615954475,4.658178301208071,1181.767902379104
ENSG00000012124,2059.2107265588306,1020.2078740800945,4585.041475146319,74.9448838199265,9904.740359146479,8328.959853254704,127.58714657798262,1973.9322149291945,1.588933834170142,4.450515013622593,294.3288309163233
ENSG00000188508,66.4754759747356,233.60599387674398,1160.5379676445802,463.3182230178572,584.9446590231474,94.12133974036037,1115.108178146259,710.9942938491878,717.4988001000352,23997.542733249433,201.10802012563454
ENSG00000161249,2043.3374401390104,1345.201321108523,7200.285507720346,3479.2414389093724,2502.1787504118615,28.245847896205962,8528.466844357497,5162.049107916651,137.5666183534322,19851.807004675575,1508.0458592634382
ENSG00000105679,1.2400181161250312,1.210494145989098,22.024616485991686,2899.9183285575778,2.0044671800439935,1.2691265006474404,5.757590407405969,2.7855987162418105,5.449691708822835,1101.0461657203018,1.1637725749512546
ENSG00000011590,71.43334057948884,4.149042048822258,599.01365097051,1758.2581366806974,1.9655780390327355,4052.7461704232433,8.963391717064546,7.659074318999428,2.726342469948268,1.7971890380468971,4.880178767710239
ENSG00000105290,164.00268328251786,870.1116682151741,845.0195041590189,4206.256499615828,25594.40267478238,2.3739719283037317,2345.599130082235,5063.744265196277,607.5819047078405,1.7552060351948475,774.1213714653297
ENSG00000196218,5.73609273399838,24.114416818525356,41.80711318120524,3.6182175679168793,7394.73519260563,1.998910946857851,17.443553017543735,114.67893679601991,9887.46935683656,2670.347768922998,13.242339581465396
ENSG00000171747,12781.155797299138,690.2360108900473,1055.6761591087288,4216.851334534184,51.80639401060518,47.933761967407186,231.91451052677547,1893.4685001942232,442.7579981604639,478.082870801149,482.6115585892801
ENSG00000188505,3.1136447057321557,1.2553628879368262,1.8987755088837721,972.1722723696151,1.1297197293493264,1.2361922429727692,1.610613191820637,1.2718805832673052,1.118982599700605,19308.109489315902,1.2747446439571297
ENSG00000179751,1.7373900118944068,1.480584423734594,1.914872585537229,12265.945870380905,1.3060782149774446,1.4983698407915513,1.984783657667297,1.9300156929493009,1.5754786803652527,93.1974288625476,1.5689020256154749
ENSG00000130755,4183.220453183782,9954.179653316196,7366.929317095888,1297.9626939144316,3228.7132308540217,12829.759740507881,3498.750658784907,7447.488100625857,2531.6478284390955,2669.1246439440843,7543.090796612194
ENSG00000105369,7519.1304147608835,13.178295526448352,19.1776466936378,3.3287310604564664,1.1263097550944476,10171.551769574016,3.8294902244338767,1.7494757901000706,1.99751440752047,8.050259643719153,29.085651611182616
ENSG00000105427,1057.6621625173832,1616.850063564484,1204.8020599696351,322.66035808799614,3255.413534265056,529.2375954675524,1610.539949121629,897.476211202672,10.542119929489953,23682.891796335236,479.11970628580417
ENSG00000079435,905.63404295557,15643.299866949867,4650.255771582109,685.9533909836076,6232.024585547588,240.69291464949967,4200.390286863836,3858.8202242158227,3438.341442169994,2335.241704793443,3934.417037126236
ENSG00000079385,12288.17687475363,1348.5621320777104,2173.131832986463,519.5758634332076,1.4957564624050796,6738.241324481991,262.16498058640843,301.72670434326415,420.6370601558601,5020.0408559683965,1506.055463216683
ENSG00000204936,2712.444391366982,1016.765868957579,630.5037893046443,7.6794628947325,6.157739588110578,13850.967085516193,60.93332279133685,130.51624160812594,18.901311438187676,15.302840742724687,644.0689602473489
ENSG00000125740,2078.791435754509,6071.354998701575,3681.5848997505373,1115.7758194294377,1310.8179610850468,294.92863932314145,7429.410579237038,7974.099717189444,823.8456691409621,6355.73821127114,7339.95976679771
ENSG00000008438,2.2164173273420316,5.462595361777247,12.251471561383457,2.052770667898936,320.01466349779093,11608.663861937202,1.6355303710197908,3.3221364899649926,4.817112108760491,1.1992620613038711,4.196452435227548
ENSG00000197405,1055.08838886758,10941.345179691883,3990.1576299175676,1247.926282238292,292.14074829790457,11483.527393595954,3652.4303576234406,5824.089677973653,584.3409369347892,289.2000630699769,10083.143565415157
ENSG00000088002,2395.788019515199,4.729352602617024,223.8172843029275,9.388370079232216,57.71547241462723,8.910627805577233,15.536904120867751,5.6496543688299194,1.2273457389172304,18364.969318518753,6.65696407879834
ENSG00000063180,1950.9412140072754,4799.624107919935,7234.711456198903,1709.8150431519302,22920.338092433685,975.2936391289915,2061.093693245733,15463.432808362175,3252.219187583104,5348.245953391486,2368.019762953055
ENSG00000104894,4484.13652412198,7433.417797212322,5146.374463638873,1177.3323647783564,1642.593675076805,14541.29683914229,1036.6997107979032,5845.7387217221585,415.91524341624785,1697.7849004181728,5200.577816118199
ENSG00000104888,103.86915030739442,3174.5539500593545,2777.993976510533,27.3694152064539,15126.468513268364,2.1975234285071332,1024.3517341924546,3794.0452902444895,1173.5810901681004,1763.9352460471919,1004.1481031076053
ENSG00000104951,395.8032602504703,739.6102314280251,1987.6785139089218,1020.6938413985774,8.276341649409854,4109.45190870485,952.3148980001931,96.4534955018413,4.061318369210536,22.334884608495823,671.8718015700663
ENSG00000086967,2.5624184580060505,1.5076032504709784,2.5045851282999494,1.7971265591299155,1.8863544069502336,4.485918364839955,1.4362627429758699,1.4683392423763442,10040.693636183176,1.2207747080313407,1.62700162118997
ENSG00000186806,1057.695906127167,1772.021924422912,2090.485199284881,181.2590714496155,2960.912115196529,117.09106230981355,3163.070284599524,6242.332650368385,38.057264226913155,12628.421574684144,1427.129905468526
ENSG00000105374,3012.958826441135,4416.547912581491,3613.42705919446,208.14813464140818,716.4606399058364,15723.337515694362,181.95153805629235,1777.2773923447853,915.8818289691081,303.105209714903,4311.592128708292
ENSG00000142512,3131.9658095988707,3963.2613273265165,1598.4662519815597,515.1833915734476,2552.797713813088,11024.914435081802,102.77027674400142,740.955018091906,3.3197908366367086,174.4917229866155,1482.95531874076
ENSG00000171051,256.96855321740696,8175.860294956302,1482.5896562139146,288.95045808872084,739.1740017175761,16271.535400047153,3180.3432949371672,1520.391716143214,410.71766377599243,11.374136718124863,5537.425598371728
ENSG00000170909,314.13134490874097,3695.0149315906333,1943.7817318847103,49.07554469329471,973.6677073403332,11426.138022218194,3878.5851862973273,877.2717629776248,3.845060659189558,1429.591914935963,2375.452404313061
ENSG00000244482,468.04800209244456,7627.3340207286665,1063.9227577342028,61.42148069187757,1.7936528839069663,11944.568731433454,155.57862666117774,962.1976654162731,300.4960432822479,31.097795213425847,4895.930419315147
ENSG00000187116,235.88054050902565,2645.0110277954022,305.565579238151,25.477522250865086,1.6555472894338894,16768.015939280634,28.416464697126774,94.51844512557619,83.98120035710483,1.702490920648105,3408.2769424281023
ENSG00000105048,15.647740032851472,60.71118845939013,46.67024453341733,31.402359441915277,4980.683150458215,1809.8216563085334,1339.3644831371537,106.32510255517002,20550.788035734487,6969.942347396779,105.04529212717419
ENSG00000101307,5.08809756066297,96.910226583923,13.333547992327,1.7999586969647154,669.6998619712439,9383.512683214138,211.73744681644396,5.191459262490404,1.28206439439222,1.4417979830918417,58.00055238622589
ENSG00000125780,5.685268961630326,1.6993062936562142,2.2997174182011184,4.7464634308561315,27.371374973572866,1321.8906455865476,2.164589252093556,1.9704007575828357,1.237369425699334,18076.483831628928,1.5330912586086403
ENSG00000101405,199.23869289901174,1469.356027185207,1261.798916005608,882.3029825347597,2662.503277787881,9.767563760098026,405.20944370109845,404.8580309565793,2.903108466230741,317.4646580928454,506.2523230292439
ENSG00000088836,1083.6022337973186,214.80439923272507,9029.585164288132,67.01521613941706,2961.96014231117,3.6544962416014104,2182.367530701894,401.90063354215744,1435.0249067449274,8357.838444307177,71.59490165515275
ENSG00000089199,10.225727674908471,3.7570044640415743,19.993510756125815,3615.927157763567,18813.013748662386,1.2803606855429033,4.613884084865177,133.38437048409367,2812.6117942559636,1.1822854576662445,2.8425185061762055
ENSG00000132639,89.25903288895312,660.0094938377941,496.96642751679667,801.8083524445781,27921.082113608292,8.436839962024019,1200.7958322998268,4768.3969739407685,15.359959902143101,2.1846780024368115,747.3877709637502
ENSG00000237259,1.3817301350231308,1.300662266251283,11.044313931517571,734.9911605624767,94.2755585524809,1.4953039796886558,3.6750908623546725,3.2336235863133393,2.8609162279823614,1.553740846744958,1.2581994487765116
ENSG00000088325,2601.8172582647962,188.34109289096097,419.2847628686842,313.10111115845694,655.818423050596,3070.751566958056,10024.990061072456,138.87079489508474,477.26856916250614,5707.046981033138,306.7935931833531
ENSG00000101336,2204.6553568983145,8213.998422559445,4105.154619282189,704.2284257328762,2186.901671218022,14851.162141164663,542.1921200637034,3494.4311646369165,579.2183887922598,1959.1218428893158,6859.228383641618
ENSG00000053438,1768.1405084755584,6734.344055720966,1719.4136752437207,382.5595965672136,21752.482008029518,17.237628514164125,3895.4918223561144,6878.420509655708,3569.306937033878,2613.44666476332,1449.0360339927417
ENSG00000101447,3934.7097169379604,1102.0979224259736,577.6486728552629,218.23067763830556,110.29160230973376,129.70562682795196,8184.651014156519,12554.687831182368,3.4588238281991095,7610.225251721417,1225.9614204813763
ENSG00000124102,5524.331779966035,16.253190165045723,23.35002389379996,15.452923773218785,1.3368384751299773,8714.897945270406,62.67751160653376,4.588167576370841,2.555314598511497,14824.719011771705,31.36739171709091
ENSG00000100985,404.6057285257959,1838.9092649864494,863.313130727918,11.33045016253213,2.0677888644492697,17536.467597105624,1090.7548852326615,39.075451770863246,34.00964373819692,1264.325274001192,2162.325951954629
ENSG00000204044,1.3465807496273672,1.4067359770012937,2.4135518874357555,3.56658459665937,128.09678594008346,1011.0764318769857,1.3660392313114231,2.851254581651604,1.2871377323949937,1.2182754211201927,1.2944129679060874
ENSG00000124253,5066.879686375653,8548.591812848152,677.9097741397397,305.40356644655833,62.45785174365925,8.82878303647017,326.44660546891447,619.7186709745454,8.36691313526607,7.60823531356555,7016.807651203566
ENSG00000228314,1701.993862108711,4384.647816188822,4890.352970013856,974.685860418879,5105.6392950721975,862.9976747182042,889.064386842235,3075.485814528278,2.9283790611658143,5568.947501381851,1390.9176374749945
ENSG00000234883,2128.5080466707923,1395.7862138442304,451.1088289397336,13.671658781206451,1.5401179525029487,1747.6889654978852,3861.5265153886517,60.41093688133535,1.823620035302962,2.7555311466107058,4186.235873394581
ENSG00000156299,831.1230501838493,2883.842977169252,1789.3324863781313,172.53401924952271,12616.090857504782,944.7931293045065,3740.097831197463,1508.5303485126533,6.029648963191537,8548.859096800783,972.8623363410853
ENSG00000183036,386.09060286080137,446.9274036129608,5482.253394218561,201.61355092005317,16211.384323701803,1.7572166857350406,364.6778620204008,18247.629994533356,24.86578453411117,4851.693835406313,107.34648436638209
ENSG00000160213,6158.913631304157,10096.943114817132,6565.935037537742,4491.221181883342,10691.464496645465,6845.517104737102,14407.526082596036,14253.075978630335,7671.275247855351,13613.565889213027,7308.012397002742
ENSG00000160255,3169.7233912329793,12360.08136630942,3430.3679851514944,1162.289231577495,2304.888752811953,14008.232631734109,2749.420536335253,5690.212876208541,975.3283403938827,2177.9789123750106,8559.601860044348
ENSG00000160307,1508.4664710144425,13929.362936855521,3424.7054840769833,387.64107726588367,26087.34145917977,882.3172131416096,1674.863207305557,12641.687862208604,576.1345153777136,3235.150137117049,3220.313696196568
ENSG00000211675,28819.544919393586,3265.993548276067,3358.5726353259897,1761.1281186024494,5.956456917274546,10894.049807151854,564.5465771212712,532.5278778283803,828.9706390485527,1509.8579609054357,7417.212933400713
ENSG00000211679,26540.453592901846,2381.624620753768,2173.9499344037986,1011.9191411980943,2.1327068565472356,9970.500433421616,261.48286496817707,297.59185047355606,358.2076668911417,980.7393589075791,5990.848080904541
ENSG00000100285,66.69113787571628,151.1593761771551,322.1701022175999,133.76359529627425,17341.83545867104,114.5227718254257,3127.6691695621794,1391.3542670731076,1.5498333194053417,2.8612935054648103,32.62471836560866
ENSG00000185133,3738.7566260887697,168.29618771647122,10046.517651659578,2480.0134015103777,6896.729347813082,2.1505837333033897,326.8117202958589,6834.151934842959,2719.3779471841294,2175.5435094112663,186.80664967263544
ENSG00000100365,4211.692700631867,10787.778233065015,5607.041039693552,815.3929303794848,633.6431407392859,14334.039052756589,849.2690401669935,6069.820908831978,1739.6422986886191,2049.9143111850676,6253.142033887931
ENSG00000100385,3006.546433091508,340.6227904107761,643.1217086645861,17.56101378180551,1.2563483701954914,10538.670578749936,61.73472153371425,15.344747596109833,2.4777206786105466,3493.6812345571448,883.8121749271393
ENSG00000008735,494.04133891781,546.7301331149637,1825.7087604029969,1215.6321265451425,23572.539856786232,4.479553292097941,331.6348661047287,2153.0353900087466,1.639563485964457,2521.7033084792083,118.83514513604857
