Topic 1,Topic 2,Topic 3,Topic 4,Topic 5,Topic 6,Topic 7,Topic 8,Topic 9,Topic 10,Topic 11,Topic 12,Topic 13,Topic 14,Topic 15,Topic 16,Topic 17,Topic 18,Topic 19,Topic 20,Topic 21,Topic 22,Topic 23,Topic 24,Topic 25,Topic 26,Topic 27,Topic 28,Topic 29,Topic 30,Topic 31,Topic 32,Topic 33,Topic 34,Topic 35,Topic 36,Topic 37,Topic 38,Topic 39,Topic 40,Topic 41,Topic 42,Topic 43,Topic 44,Topic 45,Topic 46,Topic 47,Topic 48,Topic 49,Topic 50,Topic 51,Topic 52,Topic 53,Topic 54,Topic 55,Topic 56,Topic 57,Topic 58,Topic 59,Topic 60,Topic 61,Topic 62,Topic 63,Topic 64,Topic 65,Topic 66,Topic 67,Topic 68
ENSG00000114480,ENSG00000126457,ENSG00000100445,ENSG00000119421,ENSG00000197386,ENSG00000211456,ENSG00000151689,ENSG00000185896,ENSG00000068438,ENSG00000083444,ENSG00000169813,ENSG00000134970,ENSG00000170581,ENSG00000178685,ENSG00000103145,ENSG00000163660,ENSG00000103152,ENSG00000068745,ENSG00000104886,ENSG00000089220,ENSG00000135365,ENSG00000100605,ENSG00000197562,ENSG00000166272,ENSG00000213625,ENSG00000105755,ENSG00000104687,ENSG00000135446,ENSG00000113719,ENSG00000130402,ENSG00000104889,ENSG00000174775,ENSG00000108578,ENSG00000122515,ENSG00000149743,ENSG00000022840,ENSG00000100764,ENSG00000165175,ENSG00000010322,ENSG00000114942,ENSG00000105254,ENSG00000013306,ENSG00000169228,ENSG00000174444,ENSG00000148730,ENSG00000067064,ENSG00000135677,ENSG00000154122,ENSG00000143549,ENSG00000139433,ENSG00000185000,ENSG00000164105,ENSG00000166333,ENSG00000149428,ENSG00000105835,ENSG00000165886,ENSG00000085377,ENSG00000160213,ENSG00000157514,ENSG00000100243,ENSG00000179833,ENSG00000146278,ENSG00000111640,ENSG00000115738,ENSG00000186395,ENSG00000134333,ENSG00000108518,ENSG00000140416
ENSG00000091527,ENSG00000138757,ENSG00000158863,ENSG00000164405,ENSG00000198911,ENSG00000129187,ENSG00000010017,ENSG00000084073,ENSG00000090686,ENSG00000082153,ENSG00000127952,ENSG00000173726,ENSG00000102158,ENSG00000160908,ENSG00000243147,ENSG00000122678,ENSG00000180957,ENSG00000046651,ENSG00000161013,ENSG00000248487,ENSG00000137575,ENSG00000068971,ENSG00000156599,ENSG00000142230,ENSG00000197894,ENSG00000005022,ENSG00000149923,ENSG00000166012,ENSG00000143622,ENSG00000198742,ENSG00000074800,ENSG00000177646,ENSG00000143753,ENSG00000103365,ENSG00000115694,ENSG00000196547,ENSG00000153113,ENSG00000068903,ENSG00000162729,ENSG00000125977,ENSG00000101290,ENSG00000100225,ENSG00000100226,ENSG00000105193,ENSG00000111275,ENSG00000033627,ENSG00000104805,ENSG00000129625,ENSG00000119929,ENSG00000178585,ENSG00000142166,ENSG00000146425,ENSG00000119950,ENSG00000044574,ENSG00000121060,ENSG00000117984,ENSG00000254772,,ENSG00000186350,ENSG00000005812,ENSG00000136942,ENSG00000150991,,ENSG00000143878,,ENSG00000122884,,ENSG00000186919
ENSG00000171490,ENSG00000168439,ENSG00000137817,ENSG00000100442,ENSG00000167508,ENSG00000109083,ENSG00000101444,ENSG00000168264,ENSG00000204392,ENSG00000185624,ENSG00000003056,ENSG00000081154,ENSG00000176393,ENSG00000099331,ENSG00000143198,ENSG00000126456,ENSG00000071537,ENSG00000103091,ENSG00000133313,ENSG00000100997,ENSG00000173744,ENSG00000220205,ENSG00000136754,ENSG00000140553,ENSG00000160691,ENSG00000136810,ENSG00000145901,ENSG00000071082,ENSG00000177628,ENSG00000196975,ENSG00000132341,ENSG00000137216,ENSG00000141232,ENSG00000142188,ENSG00000167705,ENSG00000097033,ENSG00000009307,ENSG00000129245,ENSG00000068400,ENSG00000178035,ENSG00000111897,ENSG00000130830,ENSG00000159720,ENSG00000125457,ENSG00000167468,ENSG00000153561,ENSG00000105404,ENSG00000102401,ENSG00000160299,ENSG00000127080,ENSG00000068323,ENSG00000071127,ENSG00000068383,ENSG00000164733,ENSG00000132589,,ENSG00000125871,,ENSG00000144655,ENSG00000102316,ENSG00000142541,ENSG00000122547,,ENSG00000146433,,ENSG00000105355,,
ENSG00000174851,ENSG00000179958,ENSG00000137497,ENSG00000106554,ENSG00000101843,ENSG00000127022,ENSG00000143149,ENSG00000141380,ENSG00000132467,ENSG00000095139,ENSG00000129255,ENSG00000112697,ENSG00000143368,ENSG00000231925,ENSG00000182551,ENSG00000143224,ENSG00000139641,ENSG00000112033,ENSG00000244187,ENSG00000211584,ENSG00000027697,ENSG00000089818,ENSG00000014216,ENSG00000163320,ENSG00000110651,ENSG00000172831,ENSG00000182117,ENSG00000122406,ENSG00000064601,ENSG00000187091,ENSG00000181163,ENSG00000175416,ENSG00000104228,ENSG00000213015,ENSG00000121073,ENSG00000120063,ENSG00000132388,ENSG00000112531,ENSG00000197694,ENSG00000170515,ENSG00000133265,ENSG00000131669,ENSG00000185883,ENSG00000113580,ENSG00000172057,ENSG00000166912,ENSG00000127946,ENSG00000142192,ENSG00000213337,ENSG00000160439,ENSG00000197070,ENSG00000092531,ENSG00000116473,ENSG00000090520,ENSG00000177156,,ENSG00000120992,,ENSG00000198355,ENSG00000157933,ENSG00000167962,,,ENSG00000145012,,,,
ENSG00000115758,ENSG00000156471,ENSG00000102901,ENSG00000064726,ENSG00000103018,ENSG00000167272,ENSG00000077235,ENSG00000166908,ENSG00000131473,ENSG00000089597,ENSG00000153922,ENSG00000111678,ENSG00000130733,ENSG00000116679,ENSG00000108861,ENSG00000167967,ENSG00000117868,ENSG00000136271,ENSG00000106077,ENSG00000183828,ENSG00000159128,ENSG00000005486,ENSG00000154845,ENSG00000143624,ENSG00000068697,ENSG00000129235,ENSG00000103194,ENSG00000089009,ENSG00000133961,ENSG00000184743,ENSG00000099901,ENSG00000099797,ENSG00000117036,ENSG00000100084,ENSG00000064545,ENSG00000104973,ENSG00000141030,ENSG00000184207,ENSG00000183020,ENSG00000134294,ENSG00000130511,ENSG00000105701,ENSG00000117410,ENSG00000067955,ENSG00000198382,ENSG00000105647,ENSG00000183255,ENSG00000197586,ENSG00000122477,ENSG00000163472,ENSG00000083168,ENSG00000198373,ENSG00000125503,ENSG00000184164,ENSG00000005302,,ENSG00000158006,,ENSG00000157557,ENSG00000124067,ENSG00000137154,,,,,,,
ENSG00000102054,ENSG00000167085,ENSG00000139613,ENSG00000169021,ENSG00000100983,ENSG00000016864,ENSG00000105677,ENSG00000072310,ENSG00000089280,ENSG00000108829,ENSG00000101782,ENSG00000123562,ENSG00000129562,ENSG00000068079,ENSG00000107140,ENSG00000162517,ENSG00000164346,ENSG00000125877,ENSG00000179163,ENSG00000177030,ENSG00000064932,ENSG00000159363,ENSG00000109787,ENSG00000175215,ENSG00000150093,ENSG00000181830,ENSG00000030110,ENSG00000161970,ENSG00000111802,ENSG00000186918,ENSG00000115415,ENSG00000180900,ENSG00000119862,ENSG00000144659,ENSG00000185608,ENSG00000196182,ENSG00000155313,ENSG00000121671,ENSG00000243708,ENSG00000115053,ENSG00000157216,ENSG00000159346,ENSG00000172354,ENSG00000100129,ENSG00000168899,ENSG00000060237,ENSG00000049860,ENSG00000117691,,ENSG00000143412,ENSG00000140564,ENSG00000047644,ENSG00000065882,ENSG00000143870,ENSG00000146828,,ENSG00000213965,,ENSG00000179094,ENSG00000152818,ENSG00000083845,,,,,,,
ENSG00000115677,ENSG00000124767,ENSG00000154803,ENSG00000184076,ENSG00000177889,ENSG00000167775,ENSG00000008282,ENSG00000136802,ENSG00000171960,ENSG00000106397,ENSG00000183684,ENSG00000077380,ENSG00000164758,ENSG00000092010,ENSG00000107372,ENSG00000163516,ENSG00000080845,ENSG00000177565,ENSG00000204564,ENSG00000178467,ENSG00000169826,ENSG00000179456,ENSG00000106330,ENSG00000101363,ENSG00000151348,ENSG00000120437,ENSG00000140350,ENSG00000125691,ENSG00000111229,ENSG00000118985,ENSG00000112118,ENSG00000243789,ENSG00000103319,ENSG00000213339,ENSG00000161671,ENSG00000082146,ENSG00000169764,ENSG00000153944,ENSG00000110514,ENSG00000166197,ENSG00000158526,,ENSG00000241878,ENSG00000112679,ENSG00000110422,ENSG00000162302,ENSG00000148175,ENSG00000135720,,ENSG00000198039,ENSG00000204713,ENSG00000148484,ENSG00000239697,ENSG00000167004,ENSG00000180138,,ENSG00000119912,,ENSG00000105856,ENSG00000120896,ENSG00000173473,,,,,,,
ENSG00000128590,ENSG00000169032,ENSG00000092094,ENSG00000010256,ENSG00000099956,ENSG00000141349,ENSG00000117450,ENSG00000164096,ENSG00000102172,ENSG00000144136,ENSG00000128973,ENSG00000151176,ENSG00000172845,ENSG00000100911,ENSG00000126524,ENSG00000139636,ENSG00000160256,ENSG00000176444,ENSG00000119431,ENSG00000103160,ENSG00000113732,ENSG00000089486,ENSG00000140497,ENSG00000182095,ENSG00000130340,ENSG00000167553,ENSG00000102144,ENSG00000135316,ENSG00000115091,ENSG00000139154,ENSG00000120802,ENSG00000167114,ENSG00000069667,ENSG00000137409,ENSG00000175727,ENSG00000003402,ENSG00000139842,ENSG00000264364,ENSG00000280789,ENSG00000106628,ENSG00000008952,,ENSG00000167578,ENSG00000144895,ENSG00000093144,ENSG00000177169,ENSG00000127947,ENSG00000106615,,ENSG00000103044,ENSG00000269858,ENSG00000137478,ENSG00000159884,ENSG00000179218,,,ENSG00000173085,,ENSG00000137193,ENSG00000118369,ENSG00000198034,,,,,,,
ENSG00000161011,ENSG00000108561,ENSG00000094631,ENSG00000091140,ENSG00000196262,ENSG00000182220,ENSG00000113282,ENSG00000100417,ENSG00000143390,ENSG00000132432,ENSG00000196396,ENSG00000077254,ENSG00000105612,ENSG00000130313,ENSG00000175155,ENSG00000079432,ENSG00000107625,ENSG00000035141,ENSG00000105135,ENSG00000063176,ENSG00000079277,ENSG00000198668,ENSG00000141429,ENSG00000064961,ENSG00000134352,ENSG00000164284,ENSG00000198876,ENSG00000265681,ENSG00000169230,ENSG00000173848,ENSG00000175792,ENSG00000172663,ENSG00000121989,ENSG00000185236,ENSG00000072778,ENSG00000070495,ENSG00000198925,ENSG00000161981,ENSG00000131584,ENSG00000143621,ENSG00000167220,,ENSG00000171552,ENSG00000118181,ENSG00000140848,ENSG00000079459,ENSG00000124155,ENSG00000131507,,,ENSG00000155097,ENSG00000067560,ENSG00000121067,ENSG00000172123,,,ENSG00000072736,,ENSG00000165030,ENSG00000117318,ENSG00000105202,,,,,,,
ENSG00000214706,ENSG00000135900,ENSG00000140400,ENSG00000140374,ENSG00000086061,ENSG00000168701,ENSG00000119718,ENSG00000100439,ENSG00000119335,ENSG00000244038,ENSG00000162434,ENSG00000146540,ENSG00000205302,ENSG00000168310,ENSG00000265491,ENSG00000162231,ENSG00000109171,ENSG00000128699,ENSG00000161395,ENSG00000107902,ENSG00000067182,ENSG00000110931,ENSG00000103769,ENSG00000113384,ENSG00000117143,ENSG00000148429,ENSG00000085117,ENSG00000243678,ENSG00000171302,ENSG00000112699,ENSG00000182199,ENSG00000170873,ENSG00000213782,ENSG00000135473,ENSG00000114796,ENSG00000034152,ENSG00000159461,ENSG00000120265,ENSG00000133612,ENSG00000197451,ENSG00000166974,,ENSG00000102921,ENSG00000186468,ENSG00000119185,ENSG00000135924,ENSG00000049245,ENSG00000119242,,,ENSG00000082996,ENSG00000100242,ENSG00000139718,,,,ENSG00000027001,,ENSG00000139132,ENSG00000101665,ENSG00000171858,,,,,,,
ENSG00000106588,ENSG00000116649,ENSG00000112983,ENSG00000085662,ENSG00000173272,ENSG00000257727,ENSG00000147383,ENSG00000143162,ENSG00000100823,ENSG00000058262,ENSG00000198176,ENSG00000177879,ENSG00000134046,ENSG00000213928,ENSG00000119138,ENSG00000146067,ENSG00000053254,ENSG00000104613,ENSG00000167113,ENSG00000144283,ENSG00000143384,ENSG00000168000,ENSG00000242372,ENSG00000108654,ENSG00000133812,,ENSG00000142252,ENSG00000104408,ENSG00000241553,ENSG00000145246,ENSG00000132646,ENSG00000164086,,ENSG00000127838,ENSG00000167969,ENSG00000247596,ENSG00000172340,ENSG00000182768,ENSG00000141258,ENSG00000111641,ENSG00000168710,,ENSG00000100330,ENSG00000063046,ENSG00000115459,ENSG00000084733,ENSG00000135404,ENSG00000138760,,,ENSG00000100299,ENSG00000152291,ENSG00000101452,,,,,,,ENSG00000165675,ENSG00000166441,,,,,,,
ENSG00000100567,ENSG00000111669,ENSG00000088448,ENSG00000131828,ENSG00000008324,ENSG00000111269,ENSG00000173418,ENSG00000166484,ENSG00000125743,ENSG00000138674,ENSG00000105887,ENSG00000141367,ENSG00000117448,ENSG00000198818,ENSG00000196781,ENSG00000100258,ENSG00000117859,ENSG00000185619,ENSG00000075240,ENSG00000173581,ENSG00000129657,ENSG00000203879,ENSG00000127666,ENSG00000169682,ENSG00000256043,,ENSG00000172531,ENSG00000143486,ENSG00000013364,ENSG00000157483,ENSG00000196230,ENSG00000109670,,ENSG00000105221,ENSG00000172493,ENSG00000158470,ENSG00000117592,ENSG00000170027,ENSG00000157978,ENSG00000173457,ENSG00000198792,,ENSG00000110046,ENSG00000124789,ENSG00000133027,ENSG00000140854,ENSG00000073921,ENSG00000116857,,,ENSG00000125734,ENSG00000106799,ENSG00000114861,,,,,,,ENSG00000144445,ENSG00000108107,,,,,,,
ENSG00000107581,ENSG00000116161,ENSG00000123933,ENSG00000119471,ENSG00000160752,ENSG00000089006,ENSG00000144867,ENSG00000125534,ENSG00000002549,ENSG00000157020,ENSG00000184216,ENSG00000189403,ENSG00000143570,ENSG00000125772,ENSG00000121057,ENSG00000158552,ENSG00000184990,ENSG00000139546,ENSG00000113504,ENSG00000198168,ENSG00000118564,ENSG00000067836,ENSG00000148985,ENSG00000127483,ENSG00000111450,,ENSG00000151465,ENSG00000140750,ENSG00000172757,ENSG00000089123,ENSG00000123416,ENSG00000183060,,ENSG00000161265,ENSG00000090266,ENSG00000101457,ENSG00000164967,ENSG00000107758,ENSG00000167702,ENSG00000124207,ENSG00000047249,,ENSG00000104915,ENSG00000108298,ENSG00000103264,ENSG00000171159,ENSG00000143418,ENSG00000114544,,,ENSG00000204386,ENSG00000150403,ENSG00000163681,,,,,,,ENSG00000077232,ENSG00000148303,,,,,,,
ENSG00000134001,ENSG00000108179,ENSG00000099622,ENSG00000262814,ENSG00000111726,ENSG00000004897,ENSG00000204138,ENSG00000168036,ENSG00000092201,ENSG00000158290,ENSG00000167645,ENSG00000090863,ENSG00000157637,ENSG00000175938,ENSG00000137177,ENSG00000101199,ENSG00000197043,ENSG00000148824,ENSG00000111271,ENSG00000018189,ENSG00000178719,ENSG00000130758,ENSG00000143537,ENSG00000165102,ENSG00000123384,,ENSG00000163466,ENSG00000182827,ENSG00000136279,ENSG00000197077,ENSG00000107833,ENSG00000172594,,ENSG00000028528,ENSG00000154930,ENSG00000090013,ENSG00000114416,ENSG00000189241,ENSG00000148341,ENSG00000125107,ENSG00000148218,,ENSG00000136280,ENSG00000124151,ENSG00000115306,ENSG00000078902,ENSG00000167566,ENSG00000130024,,,ENSG00000173327,ENSG00000101160,ENSG00000144749,,,,,,,ENSG00000138448,ENSG00000134574,,,,,,,
ENSG00000113328,ENSG00000115541,ENSG00000111653,ENSG00000137547,ENSG00000141959,ENSG00000189266,ENSG00000066583,ENSG00000044115,ENSG00000104517,ENSG00000181789,ENSG00000108424,ENSG00000065154,ENSG00000132661,ENSG00000135148,ENSG00000073910,ENSG00000189339,ENSG00000152601,ENSG00000101158,ENSG00000168924,ENSG00000125247,ENSG00000112062,ENSG00000127220,ENSG00000165527,ENSG00000110090,ENSG00000188215,,ENSG00000198604,ENSG00000116212,ENSG00000107566,ENSG00000148842,ENSG00000130816,ENSG00000159788,,ENSG00000204227,ENSG00000131368,ENSG00000134686,ENSG00000177981,ENSG00000176871,ENSG00000204371,ENSG00000188976,ENSG00000105223,,ENSG00000178896,ENSG00000167716,ENSG00000147119,ENSG00000168159,ENSG00000084234,ENSG00000104695,,,ENSG00000121691,ENSG00000110711,ENSG00000109458,,,,,,,ENSG00000170364,ENSG00000163961,,,,,,,
ENSG00000108559,ENSG00000152332,ENSG00000099949,ENSG00000182154,ENSG00000180817,ENSG00000128951,ENSG00000186187,ENSG00000135926,ENSG00000159202,ENSG00000184432,ENSG00000198900,ENSG00000107175,ENSG00000001167,ENSG00000160710,ENSG00000180891,ENSG00000178028,ENSG00000152684,ENSG00000162613,ENSG00000160972,ENSG00000174928,ENSG00000170892,ENSG00000142459,ENSG00000129219,ENSG00000161999,ENSG00000004399,,ENSG00000139370,ENSG00000158092,ENSG00000136026,ENSG00000144426,ENSG00000080819,ENSG00000107679,,ENSG00000133835,ENSG00000183605,ENSG00000135334,ENSG00000121851,ENSG00000242259,ENSG00000001497,ENSG00000141101,ENSG00000101439,,ENSG00000166579,ENSG00000170222,ENSG00000131943,ENSG00000004478,ENSG00000013288,ENSG00000160094,,,ENSG00000204304,ENSG00000168610,ENSG00000087448,,,,,,,ENSG00000205189,ENSG00000172175,,,,,,,
ENSG00000160818,ENSG00000166226,ENSG00000103197,ENSG00000062485,ENSG00000130332,ENSG00000140943,ENSG00000131844,ENSG00000241685,ENSG00000143401,ENSG00000129083,ENSG00000258315,ENSG00000134308,ENSG00000242247,ENSG00000105397,ENSG00000182568,ENSG00000163795,ENSG00000128272,ENSG00000154832,ENSG00000137171,ENSG00000173041,ENSG00000233276,ENSG00000105662,ENSG00000196743,ENSG00000161202,ENSG00000165476,,ENSG00000116663,ENSG00000109606,ENSG00000173171,ENSG00000213397,ENSG00000168393,ENSG00000158321,,ENSG00000087460,ENSG00000125967,ENSG00000167470,ENSG00000156026,ENSG00000179364,ENSG00000171604,ENSG00000214026,ENSG00000243279,,ENSG00000005238,ENSG00000164307,ENSG00000131370,ENSG00000057757,ENSG00000117298,ENSG00000113621,,,ENSG00000109854,ENSG00000100266,ENSG00000113273,,,,,,,ENSG00000153208,ENSG00000107554,,,,,,,
ENSG00000065150,ENSG00000144381,ENSG00000186166,ENSG00000100412,ENSG00000123505,ENSG00000077147,ENSG00000070081,ENSG00000093010,ENSG00000136938,ENSG00000116260,ENSG00000125835,ENSG00000131778,ENSG00000136770,ENSG00000156587,ENSG00000198853,ENSG00000104859,ENSG00000157045,ENSG00000143303,ENSG00000167700,ENSG00000162065,ENSG00000137312,ENSG00000050748,ENSG00000188186,ENSG00000084652,ENSG00000150457,,ENSG00000157350,ENSG00000170430,ENSG00000095380,,ENSG00000176619,ENSG00000137266,,ENSG00000173486,ENSG00000218891,ENSG00000165006,ENSG00000104131,ENSG00000047849,ENSG00000113240,ENSG00000130826,ENSG00000127445,,ENSG00000090674,ENSG00000145780,ENSG00000111912,ENSG00000061938,ENSG00000153317,ENSG00000090565,,,ENSG00000136908,ENSG00000260916,ENSG00000179476,,,,,,,ENSG00000140876,ENSG00000158711,,,,,,,
ENSG00000157106,ENSG00000109971,ENSG00000100811,ENSG00000116688,ENSG00000110107,ENSG00000177830,ENSG00000118939,ENSG00000116954,ENSG00000088205,ENSG00000148834,ENSG00000169188,ENSG00000164978,ENSG00000119655,ENSG00000198833,ENSG00000173402,ENSG00000071894,ENSG00000110108,ENSG00000163882,ENSG00000204228,ENSG00000186153,ENSG00000198909,ENSG00000163328,ENSG00000104522,ENSG00000188243,ENSG00000116005,,ENSG00000096063,ENSG00000136518,ENSG00000058063,,ENSG00000072274,ENSG00000102471,,ENSG00000099330,ENSG00000144115,ENSG00000120709,ENSG00000130706,ENSG00000276293,ENSG00000160753,ENSG00000132507,ENSG00000121766,,ENSG00000005893,ENSG00000143751,ENSG00000172059,ENSG00000196072,ENSG00000137509,ENSG00000140391,,,ENSG00000058799,ENSG00000006652,ENSG00000150764,,,,,,,ENSG00000140836,ENSG00000056972,,,,,,,
ENSG00000115539,ENSG00000170606,ENSG00000243927,ENSG00000108528,ENSG00000123595,ENSG00000110917,ENSG00000198130,ENSG00000175220,ENSG00000124795,ENSG00000120889,ENSG00000161960,ENSG00000162368,ENSG00000100075,ENSG00000002919,ENSG00000074964,ENSG00000156858,ENSG00000145675,ENSG00000125450,ENSG00000167107,ENSG00000118777,ENSG00000144118,ENSG00000198689,ENSG00000198931,ENSG00000165915,ENSG00000177706,,ENSG00000256269,ENSG00000125676,ENSG00000168040,,ENSG00000106399,ENSG00000182324,,ENSG00000197912,ENSG00000132570,ENSG00000189077,ENSG00000180992,ENSG00000102181,ENSG00000137411,ENSG00000075914,ENSG00000177576,,ENSG00000140995,ENSG00000141664,ENSG00000152465,ENSG00000115762,ENSG00000119669,ENSG00000167740,,,ENSG00000188603,ENSG00000067900,,,,,,,,,ENSG00000123104,,,,,,,
ENSG00000171055,ENSG00000175216,ENSG00000127511,ENSG00000189043,ENSG00000075142,ENSG00000102531,ENSG00000115084,ENSG00000145860,ENSG00000163950,ENSG00000168374,ENSG00000125912,ENSG00000068912,ENSG00000102580,ENSG00000172890,ENSG00000088854,ENSG00000124222,ENSG00000139684,ENSG00000168137,ENSG00000110013,,ENSG00000108582,ENSG00000125648,ENSG00000141503,ENSG00000094914,ENSG00000151748,,ENSG00000130772,ENSG00000148840,ENSG00000065135,,ENSG00000128050,,,ENSG00000239779,ENSG00000168152,ENSG00000124098,ENSG00000096080,ENSG00000111911,ENSG00000104866,ENSG00000165732,ENSG00000156642,,ENSG00000181788,ENSG00000139350,ENSG00000152133,ENSG00000100401,ENSG00000138835,ENSG00000134030,,,ENSG00000166340,ENSG00000180628,,,,,,,,,ENSG00000198589,,,,,,,
ENSG00000168890,ENSG00000143799,ENSG00000103168,ENSG00000105953,ENSG00000113387,ENSG00000113583,ENSG00000171928,ENSG00000116044,ENSG00000157593,ENSG00000112473,ENSG00000140157,ENSG00000213672,ENSG00000172269,ENSG00000204267,ENSG00000145391,ENSG00000213676,ENSG00000110880,ENSG00000100359,ENSG00000133731,,ENSG00000166946,ENSG00000171735,ENSG00000185963,ENSG00000173230,ENSG00000122729,,ENSG00000132405,ENSG00000095564,ENSG00000111261,,ENSG00000168496,,,ENSG00000178252,,ENSG00000271303,ENSG00000107263,ENSG00000136478,ENSG00000235194,ENSG00000077348,ENSG00000132670,,ENSG00000103148,ENSG00000066827,ENSG00000166575,ENSG00000196976,ENSG00000157800,ENSG00000133030,,,ENSG00000132376,ENSG00000131724,,,,,,,,,,,,,,,,
ENSG00000198612,ENSG00000115233,ENSG00000132424,ENSG00000005882,ENSG00000213281,ENSG00000167193,ENSG00000185238,ENSG00000085719,ENSG00000004455,ENSG00000136240,ENSG00000129515,ENSG00000197102,ENSG00000140612,ENSG00000055332,ENSG00000175764,ENSG00000242802,ENSG00000055211,ENSG00000100941,ENSG00000088808,,ENSG00000136156,ENSG00000103260,ENSG00000175634,ENSG00000159140,ENSG00000148737,,ENSG00000148459,ENSG00000163939,ENSG00000117151,,ENSG00000163584,,,ENSG00000105443,,ENSG00000066926,ENSG00000155090,ENSG00000114770,ENSG00000182685,ENSG00000130810,ENSG00000166848,,ENSG00000133606,ENSG00000144843,ENSG00000156313,ENSG00000214517,ENSG00000166548,ENSG00000011021,,,ENSG00000100938,ENSG00000160613,,,,,,,,,,,,,,,,
ENSG00000154813,ENSG00000126767,ENSG00000143442,ENSG00000104325,ENSG00000160285,ENSG00000025796,ENSG00000187024,ENSG00000006831,ENSG00000139343,ENSG00000177700,ENSG00000153574,ENSG00000171067,ENSG00000163902,ENSG00000059378,ENSG00000162885,ENSG00000132005,ENSG00000124831,ENSG00000162298,ENSG00000278535,,ENSG00000087157,ENSG00000198825,ENSG00000086544,ENSG00000172922,ENSG00000115170,,ENSG00000162775,ENSG00000138750,ENSG00000198018,,ENSG00000163918,,,ENSG00000132635,,ENSG00000068366,ENSG00000079999,ENSG00000158828,ENSG00000130714,ENSG00000189091,ENSG00000160408,,ENSG00000143862,,ENSG00000186665,ENSG00000100364,ENSG00000075420,ENSG00000172301,,,ENSG00000166507,ENSG00000100296,,,,,,,,,,,,,,,,
ENSG00000179041,ENSG00000161980,ENSG00000100836,ENSG00000073578,ENSG00000136044,ENSG00000186866,ENSG00000263001,ENSG00000213699,ENSG00000101361,ENSG00000067167,ENSG00000123353,ENSG00000134291,ENSG00000144591,ENSG00000138496,ENSG00000160145,ENSG00000130522,ENSG00000143641,ENSG00000163348,ENSG00000155545,,ENSG00000116691,ENSG00000224531,ENSG00000100949,ENSG00000133858,ENSG00000143322,,,ENSG00000137054,,,ENSG00000172667,,,ENSG00000007541,,ENSG00000197081,ENSG00000120910,ENSG00000131067,ENSG00000110171,ENSG00000149136,ENSG00000131116,,ENSG00000144711,,ENSG00000139117,ENSG00000156671,,ENSG00000123575,,,ENSG00000024862,ENSG00000079950,,,,,,,,,,,,,,,,
ENSG00000128708,ENSG00000242114,ENSG00000004534,ENSG00000146701,ENSG00000141127,ENSG00000133657,ENSG00000124782,ENSG00000147955,ENSG00000156171,ENSG00000198431,ENSG00000166889,ENSG00000006715,ENSG00000106803,ENSG00000163602,,ENSG00000182173,ENSG00000112078,ENSG00000108175,ENSG00000176834,,ENSG00000173757,ENSG00000167733,ENSG00000185298,ENSG00000254505,ENSG00000153823,,,ENSG00000100814,,,ENSG00000117593,,,ENSG00000163703,,ENSG00000136861,ENSG00000121579,ENSG00000090097,ENSG00000176058,ENSG00000146731,ENSG00000197982,,ENSG00000143774,,ENSG00000120278,ENSG00000172375,,ENSG00000179195,,,ENSG00000168297,ENSG00000125812,,,,,,,,,,,,,,,,
ENSG00000180398,ENSG00000168275,ENSG00000134884,ENSG00000138495,ENSG00000160877,ENSG00000120697,ENSG00000072415,ENSG00000085733,ENSG00000132780,ENSG00000148248,ENSG00000093000,ENSG00000115966,ENSG00000129103,ENSG00000108771,,ENSG00000100201,ENSG00000258289,ENSG00000124193,ENSG00000147804,,ENSG00000105656,ENSG00000157985,ENSG00000157778,ENSG00000132356,ENSG00000145685,,,ENSG00000126804,,,ENSG00000170734,,,ENSG00000185324,,ENSG00000183621,ENSG00000127774,ENSG00000051128,ENSG00000074855,ENSG00000150753,ENSG00000241973,,ENSG00000075399,,ENSG00000166821,ENSG00000257365,,ENSG00000125124,,,ENSG00000014164,ENSG00000101849,,,,,,,,,,,,,,,,
ENSG00000205339,ENSG00000114023,ENSG00000013441,ENSG00000198721,ENSG00000106367,ENSG00000109756,ENSG00000139517,ENSG00000103978,ENSG00000232119,ENSG00000124783,ENSG00000168003,ENSG00000139168,ENSG00000125304,ENSG00000116815,,ENSG00000100813,ENSG00000131043,ENSG00000115875,ENSG00000117620,,ENSG00000171862,ENSG00000112309,ENSG00000141985,ENSG00000169592,ENSG00000067208,,,ENSG00000198964,,,ENSG00000111602,,,ENSG00000007392,,ENSG00000101986,ENSG00000099341,ENSG00000078967,ENSG00000196459,ENSG00000011260,ENSG00000134072,,ENSG00000101152,,ENSG00000185010,ENSG00000125149,,ENSG00000083750,,,ENSG00000109118,ENSG00000139832,,,,,,,,,,,,,,,,
ENSG00000162852,ENSG00000247077,ENSG00000198276,ENSG00000104823,ENSG00000108389,ENSG00000165512,ENSG00000064652,ENSG00000170653,ENSG00000146223,ENSG00000114850,ENSG00000042753,ENSG00000132294,ENSG00000100926,ENSG00000092871,,ENSG00000103479,ENSG00000169756,ENSG00000161547,,,ENSG00000164054,ENSG00000100142,ENSG00000164924,ENSG00000196199,ENSG00000143842,,,ENSG00000139372,,,ENSG00000112249,,,ENSG00000108465,,ENSG00000124588,ENSG00000103035,ENSG00000145945,ENSG00000118162,ENSG00000142864,ENSG00000167778,,ENSG00000219200,,ENSG00000170262,ENSG00000115808,,ENSG00000177383,,,ENSG00000104763,ENSG00000139083,,,,,,,,,,,,,,,,
ENSG00000145919,ENSG00000154719,ENSG00000108773,ENSG00000179091,ENSG00000165704,ENSG00000169964,ENSG00000080200,ENSG00000070614,ENSG00000175550,ENSG00000086598,ENSG00000181222,ENSG00000138385,ENSG00000185475,ENSG00000075303,,ENSG00000178971,ENSG00000081087,ENSG00000170144,,,ENSG00000092036,ENSG00000115266,ENSG00000225190,ENSG00000153560,ENSG00000205730,,,ENSG00000115368,,,ENSG00000120539,,,ENSG00000167797,,ENSG00000052749,ENSG00000108344,ENSG00000130559,ENSG00000173064,ENSG00000100029,ENSG00000115310,,ENSG00000141562,,,ENSG00000136720,,ENSG00000174080,,,ENSG00000051009,ENSG00000178996,,,,,,,,,,,,,,,,
ENSG00000117500,ENSG00000138095,ENSG00000112511,ENSG00000173153,ENSG00000167977,ENSG00000150433,,ENSG00000131788,ENSG00000120699,ENSG00000134910,ENSG00000141543,ENSG00000111711,ENSG00000158615,ENSG00000153029,,ENSG00000198399,ENSG00000126261,ENSG00000165792,,,ENSG00000103005,,ENSG00000017797,ENSG00000157259,ENSG00000145431,,,ENSG00000198000,,,ENSG00000151503,,,ENSG00000105518,,ENSG00000170832,ENSG00000175166,ENSG00000123545,ENSG00000173914,ENSG00000156261,ENSG00000148672,,ENSG00000080815,,,ENSG00000066084,,ENSG00000088812,,,ENSG00000171298,ENSG00000172007,,,,,,,,,,,,,,,,
ENSG00000011523,ENSG00000138430,ENSG00000116754,ENSG00000115286,ENSG00000185803,ENSG00000119977,,ENSG00000203485,ENSG00000174780,ENSG00000184840,ENSG00000109320,ENSG00000182247,ENSG00000119777,ENSG00000180815,,ENSG00000117360,ENSG00000143337,ENSG00000182325,,,ENSG00000141179,,ENSG00000149480,ENSG00000152484,ENSG00000151718,,,ENSG00000030066,,,ENSG00000149503,,,ENSG00000065029,,ENSG00000145332,ENSG00000100804,ENSG00000115902,ENSG00000141098,ENSG00000100462,ENSG00000123091,,ENSG00000060069,,,ENSG00000110315,,ENSG00000075790,,,ENSG00000156931,ENSG00000127314,,,,,,,,,,,,,,,,
ENSG00000088766,ENSG00000023572,ENSG00000213930,ENSG00000178127,ENSG00000135090,ENSG00000134851,,ENSG00000064115,ENSG00000213024,ENSG00000118705,ENSG00000119844,ENSG00000138382,ENSG00000183726,,,ENSG00000162032,ENSG00000153207,ENSG00000173575,,,ENSG00000128294,,ENSG00000123159,ENSG00000164889,ENSG00000104047,,,ENSG00000144468,,,ENSG00000113810,,,ENSG00000100241,,,ENSG00000100902,ENSG00000049769,ENSG00000266028,ENSG00000055044,ENSG00000198961,,ENSG00000160785,,,ENSG00000109572,,ENSG00000015171,,,ENSG00000188895,,,,,,,,,,,,,,,,,
ENSG00000168556,ENSG00000119812,ENSG00000104852,ENSG00000084090,ENSG00000112667,ENSG00000145715,,ENSG00000273749,ENSG00000154767,ENSG00000145817,ENSG00000141522,ENSG00000179295,ENSG00000051108,,,ENSG00000198625,ENSG00000068305,ENSG00000165819,,,ENSG00000197818,,ENSG00000157837,ENSG00000140577,ENSG00000102595,,,ENSG00000189046,,,ENSG00000100522,,,ENSG00000158604,,,ENSG00000101182,ENSG00000144199,ENSG00000131018,ENSG00000153879,ENSG00000122042,,ENSG00000172331,,,ENSG00000158480,,ENSG00000136870,,,ENSG00000166987,,,,,,,,,,,,,,,,,
ENSG00000048392,ENSG00000172009,ENSG00000221978,ENSG00000125166,ENSG00000017260,ENSG00000197713,,ENSG00000072364,ENSG00000082898,ENSG00000083312,ENSG00000110063,ENSG00000065057,ENSG00000117335,,,ENSG00000102977,ENSG00000122299,ENSG00000178149,,,ENSG00000011198,,ENSG00000066322,ENSG00000100014,ENSG00000081377,,,ENSG00000198839,,,ENSG00000136824,,,ENSG00000178188,,,ENSG00000084754,ENSG00000128609,ENSG00000141252,ENSG00000114686,ENSG00000071054,,ENSG00000196663,,,ENSG00000164715,,ENSG00000139793,,,ENSG00000128335,,,,,,,,,,,,,,,,,
ENSG00000106049,ENSG00000181192,ENSG00000146963,ENSG00000004779,ENSG00000006451,ENSG00000135317,,ENSG00000164144,ENSG00000155096,ENSG00000128595,ENSG00000088930,ENSG00000086189,ENSG00000101294,,,ENSG00000039650,ENSG00000138246,ENSG00000168488,,,ENSG00000181220,,ENSG00000100304,ENSG00000053900,ENSG00000165895,,,ENSG00000198498,,,ENSG00000152422,,,ENSG00000099326,,,ENSG00000095321,ENSG00000170634,ENSG00000129484,ENSG00000135372,ENSG00000143013,,ENSG00000215114,,,ENSG00000149313,,ENSG00000174483,,,ENSG00000060491,,,,,,,,,,,,,,,,,
ENSG00000115946,ENSG00000181915,ENSG00000108848,ENSG00000140990,ENSG00000102312,ENSG00000081721,,ENSG00000136783,ENSG00000147274,ENSG00000168615,ENSG00000164305,ENSG00000125629,ENSG00000135535,,,ENSG00000149577,ENSG00000116199,ENSG00000227500,,,ENSG00000113269,,ENSG00000126391,ENSG00000070444,ENSG00000276547,,,ENSG00000111581,,,ENSG00000168282,,,ENSG00000151498,,,ENSG00000114030,ENSG00000186106,ENSG00000008710,ENSG00000136875,ENSG00000054965,,ENSG00000155744,,,ENSG00000174529,,ENSG00000136205,,,ENSG00000130382,,,,,,,,,,,,,,,,,
ENSG00000087263,ENSG00000144231,ENSG00000171456,ENSG00000213585,ENSG00000111266,ENSG00000131013,,ENSG00000123066,ENSG00000166508,ENSG00000265808,ENSG00000049541,ENSG00000147669,ENSG00000155508,,,ENSG00000127419,ENSG00000109775,ENSG00000007255,,,ENSG00000135655,,ENSG00000177548,ENSG00000100342,,,,ENSG00000018699,,,ENSG00000128059,,,ENSG00000100151,,,ENSG00000102753,ENSG00000166016,ENSG00000184402,ENSG00000126602,ENSG00000141933,,ENSG00000123643,,,ENSG00000048991,,ENSG00000159200,,,ENSG00000114395,,,,,,,,,,,,,,,,,
ENSG00000131375,ENSG00000082212,ENSG00000103024,ENSG00000119013,ENSG00000196449,ENSG00000151353,,ENSG00000065613,ENSG00000197157,ENSG00000163512,ENSG00000163659,ENSG00000187325,ENSG00000168884,,,ENSG00000103249,ENSG00000177119,ENSG00000115275,,,ENSG00000073331,,ENSG00000139437,ENSG00000185722,,,,ENSG00000113658,,,ENSG00000146143,,,ENSG00000124587,,,ENSG00000142453,ENSG00000197885,ENSG00000137802,ENSG00000132382,ENSG00000129636,,ENSG00000158792,,,ENSG00000075711,,ENSG00000106299,,,ENSG00000198585,,,,,,,,,,,,,,,,,
ENSG00000174953,ENSG00000174173,ENSG00000109065,ENSG00000147684,ENSG00000145354,ENSG00000188529,,ENSG00000164040,ENSG00000149100,ENSG00000004700,ENSG00000226479,ENSG00000075539,ENSG00000213614,,,ENSG00000115548,ENSG00000137876,ENSG00000169045,,,,,ENSG00000120913,ENSG00000174839,,,,ENSG00000113272,,,ENSG00000184979,,,ENSG00000186815,,,ENSG00000204568,ENSG00000189227,ENSG00000110888,ENSG00000170855,ENSG00000145293,,ENSG00000120696,,,ENSG00000081913,,ENSG00000127995,,,ENSG00000139508,,,,,,,,,,,,,,,,,
ENSG00000171865,ENSG00000137168,ENSG00000167685,ENSG00000091483,ENSG00000144827,ENSG00000114520,,ENSG00000259956,ENSG00000170142,ENSG00000136731,ENSG00000134086,ENSG00000140262,ENSG00000049656,,,ENSG00000167925,ENSG00000115825,ENSG00000109920,,,,,ENSG00000182544,ENSG00000127603,,,,ENSG00000092439,,,ENSG00000116830,,,ENSG00000106479,,,ENSG00000196850,ENSG00000163590,ENSG00000149179,ENSG00000109534,ENSG00000143514,,ENSG00000258102,,,ENSG00000171316,,ENSG00000181982,,,ENSG00000068650,,,,,,,,,,,,,,,,,
ENSG00000047346,ENSG00000168061,ENSG00000114857,ENSG00000078668,ENSG00000139163,ENSG00000124786,,ENSG00000138386,ENSG00000122218,ENSG00000074695,ENSG00000140830,ENSG00000164902,ENSG00000011304,,,ENSG00000003756,ENSG00000134371,ENSG00000134186,,,,,ENSG00000072210,ENSG00000112701,,,,ENSG00000120158,,,ENSG00000166451,,,ENSG00000132906,,,ENSG00000138768,ENSG00000170456,ENSG00000161914,ENSG00000116120,ENSG00000039319,,,,,ENSG00000174013,,ENSG00000196372,,,ENSG00000044446,,,,,,,,,,,,,,,,,
ENSG00000164182,ENSG00000137040,ENSG00000137070,ENSG00000156709,ENSG00000106266,ENSG00000167842,,ENSG00000037637,ENSG00000100632,ENSG00000101346,ENSG00000084112,ENSG00000168283,ENSG00000105438,,,ENSG00000165458,ENSG00000104756,ENSG00000129351,,,,,ENSG00000169972,ENSG00000254858,,,,ENSG00000119285,,,ENSG00000140525,,,ENSG00000100263,,,ENSG00000131069,ENSG00000165914,ENSG00000090975,ENSG00000148843,ENSG00000186908,,,,,ENSG00000171723,,ENSG00000122126,,,ENSG00000102796,,,,,,,,,,,,,,,,,
ENSG00000116406,ENSG00000163170,ENSG00000116001,ENSG00000132361,ENSG00000125821,ENSG00000073417,,ENSG00000087008,ENSG00000187735,ENSG00000148634,ENSG00000091039,ENSG00000142892,ENSG00000153066,,,ENSG00000105325,ENSG00000169857,ENSG00000160072,,,,,ENSG00000166224,ENSG00000118960,,,,ENSG00000137145,,,ENSG00000165244,,,ENSG00000091164,,,ENSG00000138600,ENSG00000142684,ENSG00000168301,ENSG00000114767,ENSG00000103174,,,,,ENSG00000130338,,ENSG00000074935,,,ENSG00000125449,,,,,,,,,,,,,,,,,
ENSG00000135837,ENSG00000177150,ENSG00000124074,ENSG00000141385,ENSG00000106261,ENSG00000175970,,ENSG00000012983,ENSG00000122565,ENSG00000033011,ENSG00000135679,ENSG00000255529,ENSG00000172432,,,ENSG00000128159,ENSG00000164823,ENSG00000120685,,,,,ENSG00000089902,ENSG00000097007,,,,ENSG00000009413,,,,,,ENSG00000100105,,,ENSG00000019995,,ENSG00000177084,ENSG00000087269,ENSG00000111328,,,,,ENSG00000100350,,ENSG00000145476,,,ENSG00000127663,,,,,,,,,,,,,,,,,
ENSG00000110218,ENSG00000155380,ENSG00000132485,ENSG00000163110,ENSG00000101310,ENSG00000132406,,ENSG00000108091,ENSG00000136527,ENSG00000128829,ENSG00000175354,ENSG00000165169,ENSG00000185043,,,ENSG00000099991,ENSG00000100934,ENSG00000100023,,,,,ENSG00000100139,ENSG00000165389,,,,ENSG00000102189,,,,,,ENSG00000197150,,,ENSG00000162402,,ENSG00000132664,ENSG00000160214,ENSG00000129158,,,,,ENSG00000155034,,ENSG00000119650,,,ENSG00000188559,,,,,,,,,,,,,,,,,
ENSG00000197498,ENSG00000198924,ENSG00000102606,ENSG00000156467,ENSG00000006625,ENSG00000041880,,ENSG00000168564,ENSG00000115484,ENSG00000107789,ENSG00000114127,ENSG00000001629,ENSG00000172725,,,ENSG00000105321,ENSG00000118007,ENSG00000164548,,,,,ENSG00000144048,ENSG00000184677,,,,ENSG00000095951,,,,,,ENSG00000100403,,,ENSG00000099968,,ENSG00000109436,ENSG00000253729,ENSG00000182670,,,,,,,ENSG00000109184,,,ENSG00000147894,,,,,,,,,,,,,,,,,
ENSG00000023909,ENSG00000155330,ENSG00000258366,ENSG00000123472,ENSG00000135597,ENSG00000046647,,ENSG00000119139,ENSG00000138363,ENSG00000164244,ENSG00000166189,ENSG00000164830,ENSG00000169919,,,ENSG00000111276,ENSG00000121879,ENSG00000052841,,,,,ENSG00000143457,ENSG00000150712,,,,ENSG00000173145,,,,,,ENSG00000006282,,,ENSG00000086015,,ENSG00000003393,ENSG00000110104,ENSG00000138698,,,,,,,ENSG00000089335,,,ENSG00000154889,,,,,,,,,,,,,,,,,
ENSG00000137710,ENSG00000155846,ENSG00000119688,ENSG00000167136,ENSG00000166477,ENSG00000179222,,ENSG00000119537,ENSG00000163468,ENSG00000150961,ENSG00000106392,ENSG00000137500,ENSG00000077312,,,ENSG00000136147,ENSG00000134318,ENSG00000119707,,,,,ENSG00000160703,ENSG00000107672,,,,ENSG00000116874,,,,,,ENSG00000085998,,,ENSG00000068878,,ENSG00000102078,ENSG00000135521,ENSG00000087095,,,,,,,ENSG00000105429,,,ENSG00000188997,,,,,,,,,,,,,,,,,
ENSG00000206560,,ENSG00000165699,ENSG00000138796,ENSG00000240344,ENSG00000153989,,ENSG00000151239,ENSG00000047410,ENSG00000023608,ENSG00000151694,ENSG00000120805,ENSG00000130175,,,ENSG00000145214,ENSG00000171793,ENSG00000005206,,,,,ENSG00000198561,ENSG00000119787,,,,ENSG00000163002,,,,,,ENSG00000108469,,,ENSG00000114302,,ENSG00000205476,ENSG00000145907,ENSG00000148411,,,,,,,ENSG00000082805,,,ENSG00000165801,,,,,,,,,,,,,,,,,
ENSG00000066697,,ENSG00000135164,ENSG00000110435,ENSG00000006530,ENSG00000164253,,ENSG00000171469,ENSG00000117523,ENSG00000133818,ENSG00000111684,ENSG00000149084,ENSG00000108784,,,ENSG00000070413,ENSG00000135801,ENSG00000050426,,,,,ENSG00000136868,ENSG00000115904,,,,ENSG00000120526,,,,,,ENSG00000140691,,,ENSG00000206418,,ENSG00000138604,ENSG00000164024,ENSG00000101350,,,,,,,ENSG00000243156,,,ENSG00000169131,,,,,,,,,,,,,,,,,
ENSG00000156253,,ENSG00000128191,ENSG00000136143,ENSG00000164466,ENSG00000164168,,ENSG00000144560,ENSG00000135387,ENSG00000049449,ENSG00000077514,ENSG00000159921,ENSG00000141971,,,ENSG00000204859,ENSG00000183337,ENSG00000004975,,,,,ENSG00000102572,ENSG00000166166,,,,ENSG00000060749,,,,,,ENSG00000178567,,,ENSG00000103353,,ENSG00000167074,ENSG00000163938,ENSG00000109790,,,,,,,ENSG00000196689,,,ENSG00000100802,,,,,,,,,,,,,,,,,
ENSG00000147592,,ENSG00000059122,ENSG00000150768,ENSG00000162813,ENSG00000159063,,ENSG00000157107,ENSG00000136045,ENSG00000037749,ENSG00000179021,ENSG00000181904,ENSG00000107290,,,ENSG00000100288,ENSG00000185088,ENSG00000173540,,,,,ENSG00000107882,ENSG00000163785,,,,ENSG00000225830,,,,,,ENSG00000160055,,,ENSG00000239900,,ENSG00000099889,ENSG00000107937,ENSG00000078687,,,,,,,ENSG00000126243,,,ENSG00000163625,,,,,,,,,,,,,,,,,
ENSG00000161813,,ENSG00000145029,ENSG00000145349,ENSG00000089094,ENSG00000155906,,ENSG00000117475,ENSG00000182004,ENSG00000112893,ENSG00000162702,ENSG00000149231,ENSG00000129128,,,ENSG00000162869,ENSG00000120837,ENSG00000141556,,,,,ENSG00000182372,ENSG00000100211,,,,ENSG00000173276,,,,,,ENSG00000047578,,,ENSG00000080546,,ENSG00000204130,ENSG00000130935,ENSG00000138175,,,,,,,ENSG00000100852,,,ENSG00000138190,,,,,,,,,,,,,,,,,
ENSG00000020426,,ENSG00000221988,ENSG00000122873,ENSG00000125746,ENSG00000154727,,ENSG00000132669,ENSG00000121774,ENSG00000164465,ENSG00000090061,ENSG00000038382,ENSG00000125991,,,ENSG00000215440,ENSG00000174010,ENSG00000122965,,,,,ENSG00000100207,ENSG00000132950,,,,ENSG00000151304,,,,,,ENSG00000147118,,,ENSG00000103066,,ENSG00000168781,ENSG00000134058,ENSG00000059758,,,,,,,ENSG00000204104,,,ENSG00000178904,,,,,,,,,,,,,,,,,
ENSG00000147687,,ENSG00000065526,ENSG00000166411,ENSG00000197045,ENSG00000136940,,ENSG00000067141,ENSG00000088247,ENSG00000115318,ENSG00000164506,ENSG00000102931,ENSG00000120725,,,ENSG00000105726,ENSG00000104375,ENSG00000180902,,,,,ENSG00000138594,ENSG00000164117,,,,ENSG00000083093,,,,,,ENSG00000115042,,,ENSG00000138032,,ENSG00000197362,ENSG00000053372,ENSG00000075945,,,,,,,ENSG00000174306,,,ENSG00000141337,,,,,,,,,,,,,,,,,
ENSG00000104218,,ENSG00000100564,ENSG00000233954,ENSG00000124608,ENSG00000013583,,ENSG00000181804,ENSG00000130741,,ENSG00000172409,ENSG00000126821,ENSG00000076685,,,ENSG00000147162,ENSG00000147202,ENSG00000171606,,,,,ENSG00000172830,ENSG00000132964,,,,ENSG00000006607,,,,,,ENSG00000162241,,,ENSG00000164654,,ENSG00000214309,ENSG00000134697,ENSG00000125249,,,,,,,ENSG00000134897,,,ENSG00000180773,,,,,,,,,,,,,,,,,
ENSG00000122591,,ENSG00000160959,ENSG00000025039,ENSG00000005810,ENSG00000145740,,ENSG00000107957,ENSG00000164754,,ENSG00000138756,ENSG00000178425,ENSG00000113119,,,ENSG00000104957,ENSG00000197969,ENSG00000106733,,,,,ENSG00000163900,ENSG00000066654,,,,ENSG00000170365,,,,,,ENSG00000241058,,,ENSG00000148335,,ENSG00000122484,ENSG00000159131,ENSG00000115365,,,,,,,ENSG00000203667,,,ENSG00000197013,,,,,,,,,,,,,,,,,
ENSG00000185164,,ENSG00000146707,ENSG00000162688,ENSG00000176102,ENSG00000164031,,ENSG00000104497,ENSG00000197265,,ENSG00000130119,ENSG00000101752,ENSG00000176853,,,ENSG00000008128,ENSG00000101974,ENSG00000213780,,,,,ENSG00000135503,ENSG00000198315,,,,ENSG00000165392,,,,,,ENSG00000168172,,,ENSG00000196535,,ENSG00000168661,ENSG00000258429,ENSG00000156052,,,,,,,ENSG00000185129,,,ENSG00000168062,,,,,,,,,,,,,,,,,
,,ENSG00000100376,ENSG00000132953,ENSG00000213551,ENSG00000047932,,ENSG00000100592,ENSG00000147224,,ENSG00000104312,ENSG00000087053,ENSG00000169871,,,ENSG00000115274,ENSG00000182108,ENSG00000133895,,,,,ENSG00000106351,ENSG00000204084,,,,ENSG00000123600,,,,,,ENSG00000115977,,,ENSG00000092148,,ENSG00000273820,ENSG00000124571,ENSG00000135002,,,,,,,ENSG00000111785,,,,,,,,,,,,,,,,,,,,
,,ENSG00000177463,,ENSG00000120137,ENSG00000107164,,ENSG00000183655,ENSG00000163527,,ENSG00000154710,ENSG00000169139,ENSG00000130958,,,ENSG00000237441,,ENSG00000104835,,,,,ENSG00000140548,ENSG00000160961,,,,ENSG00000099810,,,,,,ENSG00000188352,,,ENSG00000175606,,ENSG00000197808,ENSG00000076248,ENSG00000130881,,,,,,,ENSG00000156239,,,,,,,,,,,,,,,,,,,,
,,ENSG00000111731,,ENSG00000070214,ENSG00000164933,,ENSG00000139173,ENSG00000154473,,,ENSG00000136643,ENSG00000090054,,,ENSG00000140983,,ENSG00000104983,,,,,ENSG00000197892,ENSG00000116128,,,,ENSG00000139324,,,,,,ENSG00000106070,,,ENSG00000215251,,ENSG00000153933,ENSG00000164163,ENSG00000107863,,,,,,,ENSG00000188070,,,,,,,,,,,,,,,,,,,,
,,ENSG00000204149,,ENSG00000094916,ENSG00000094975,,ENSG00000151458,ENSG00000173456,,,ENSG00000174891,ENSG00000181523,,,ENSG00000167280,,ENSG00000170322,,,,,ENSG00000180667,ENSG00000169814,,,,ENSG00000020256,,,,,,ENSG00000104219,,,ENSG00000123124,,ENSG00000004139,ENSG00000137692,ENSG00000175575,,,,,,,ENSG00000169398,,,,,,,,,,,,,,,,,,,,
,,ENSG00000258890,,ENSG00000131323,ENSG00000104231,,ENSG00000122335,ENSG00000125944,,,ENSG00000052795,ENSG00000177352,,,ENSG00000273899,,ENSG00000166471,,,,,ENSG00000133678,ENSG00000152492,,,,ENSG00000172728,,,,,,ENSG00000120925,,,ENSG00000103642,,ENSG00000240972,ENSG00000254986,ENSG00000083290,,,,,,,ENSG00000123411,,,,,,,,,,,,,,,,,,,,
,,ENSG00000108963,,ENSG00000156735,ENSG00000061987,,ENSG00000080561,ENSG00000139687,,,ENSG00000068097,ENSG00000137845,,,ENSG00000011243,,ENSG00000173137,,,,,ENSG00000204315,ENSG00000163702,,,,ENSG00000277462,,,,,,ENSG00000120458,,,ENSG00000148339,,ENSG00000139351,ENSG00000048162,ENSG00000237651,,,,,,,ENSG00000137871,,,,,,,,,,,,,,,,,,,,
,,ENSG00000163728,,ENSG00000136159,ENSG00000143702,,,ENSG00000163872,,,ENSG00000162623,ENSG00000023697,,,ENSG00000146830,,ENSG00000111203,,,,,ENSG00000278259,ENSG00000113971,,,,ENSG00000173218,,,,,,ENSG00000101751,,,ENSG00000152700,,,ENSG00000137574,ENSG00000186318,,,,,,,ENSG00000103404,,,,,,,,,,,,,,,,,,,,
,,ENSG00000181396,,ENSG00000177485,ENSG00000147475,,,ENSG00000072501,,,ENSG00000173852,ENSG00000181472,,,ENSG00000161091,,ENSG00000136699,,,,,ENSG00000139291,ENSG00000140450,,,,ENSG00000257315,,,,,,ENSG00000105136,,,ENSG00000144909,,,ENSG00000139131,ENSG00000058091,,,,,,,ENSG00000197841,,,,,,,,,,,,,,,,,,,,
,,ENSG00000170949,,ENSG00000153936,ENSG00000054282,,,ENSG00000095261,,,ENSG00000117906,ENSG00000160746,,,ENSG00000136878,,ENSG00000127191,,,,,ENSG00000070759,ENSG00000147324,,,,ENSG00000253710,,,,,,ENSG00000167380,,,ENSG00000134324,,,ENSG00000132603,ENSG00000113595,,,,,,,ENSG00000070018,,,,,,,,,,,,,,,,,,,,
,,ENSG00000135999,,ENSG00000186416,ENSG00000166479,,,ENSG00000176986,,,ENSG00000101846,ENSG00000176142,,,ENSG00000196187,,ENSG00000132781,,,,,ENSG00000186104,ENSG00000173889,,,,ENSG00000197714,,,,,,ENSG00000204852,,,ENSG00000204634,,,ENSG00000086827,ENSG00000015479,,,,,,,ENSG00000152894,,,,,,,,,,,,,,,,,,,,
,,ENSG00000164828,,ENSG00000100426,ENSG00000164039,,,ENSG00000143977,,,ENSG00000173905,ENSG00000065243,,,ENSG00000171988,,ENSG00000099904,,,,,ENSG00000170385,ENSG00000088876,,,,,,,,,,ENSG00000185420,,,ENSG00000144674,,,ENSG00000167325,ENSG00000197568,,,,,,,ENSG00000266074,,,,,,,,,,,,,,,,,,,,
,,ENSG00000169062,,ENSG00000172292,ENSG00000136603,,,ENSG00000115652,,,ENSG00000179941,ENSG00000103966,,,ENSG00000177042,,ENSG00000015532,,,,,ENSG00000050344,ENSG00000180694,,,,,,,,,,ENSG00000204514,,,ENSG00000170185,,,ENSG00000156110,ENSG00000078269,,,,,,,ENSG00000205726,,,,,,,,,,,,,,,,,,,,
,,ENSG00000136936,,ENSG00000198087,ENSG00000168944,,,ENSG00000104320,,,ENSG00000205659,ENSG00000135686,,,ENSG00000117000,,ENSG00000111605,,,,,ENSG00000171295,ENSG00000164118,,,,,,,,,,ENSG00000114735,,,ENSG00000104221,,,ENSG00000167721,ENSG00000119711,,,,,,,ENSG00000019485,,,,,,,,,,,,,,,,,,,,
,,ENSG00000059145,,ENSG00000138660,ENSG00000151292,,,ENSG00000085449,,,ENSG00000124802,ENSG00000038002,,,ENSG00000198740,,ENSG00000158411,,,,,ENSG00000135953,ENSG00000047230,,,,,,,,,,ENSG00000166704,,,ENSG00000106993,,,ENSG00000069956,ENSG00000067221,,,,,,,ENSG00000176472,,,,,,,,,,,,,,,,,,,,
,,ENSG00000168395,,ENSG00000011376,ENSG00000011405,,,ENSG00000136811,,,ENSG00000189369,ENSG00000167258,,,ENSG00000130449,,ENSG00000165282,,,,,ENSG00000139668,ENSG00000115504,,,,,,,,,,ENSG00000256771,,,ENSG00000126249,,,ENSG00000179119,ENSG00000125703,,,,,,,,,,,,,,,,,,,,,,,,,,,
,,ENSG00000159086,,ENSG00000005801,ENSG00000135968,,,ENSG00000070814,,,ENSG00000278540,ENSG00000165806,,,ENSG00000147050,,ENSG00000132478,,,,,ENSG00000082269,ENSG00000175455,,,,,,,,,,ENSG00000151623,,,ENSG00000116903,,,ENSG00000163811,ENSG00000153130,,,,,,,,,,,,,,,,,,,,,,,,,,,
,,ENSG00000137504,,ENSG00000133641,ENSG00000088451,,,ENSG00000119523,,,ENSG00000196141,ENSG00000163755,,,ENSG00000162836,,ENSG00000100425,,,,,ENSG00000173950,ENSG00000174136,,,,,,,,,,ENSG00000189283,,,ENSG00000087884,,,ENSG00000112578,ENSG00000175048,,,,,,,,,,,,,,,,,,,,,,,,,,,
,,ENSG00000110274,,ENSG00000128039,ENSG00000132330,,,ENSG00000167005,,,ENSG00000083123,ENSG00000153214,,,ENSG00000238083,,ENSG00000112659,,,,,ENSG00000197563,ENSG00000066933,,,,,,,,,,ENSG00000150773,,,ENSG00000116667,,,ENSG00000089195,ENSG00000108239,,,,,,,,,,,,,,,,,,,,,,,,,,,
,,ENSG00000172273,,ENSG00000095002,ENSG00000198380,,,ENSG00000147649,,,ENSG00000170903,ENSG00000152223,,,ENSG00000146776,,ENSG00000161542,,,,,ENSG00000197933,ENSG00000172954,,,,,,,,,,,,,ENSG00000180530,,,ENSG00000172172,ENSG00000205133,,,,,,,,,,,,,,,,,,,,,,,,,,,
,,ENSG00000167333,,ENSG00000174842,ENSG00000165322,,,ENSG00000184575,,,ENSG00000101132,ENSG00000087338,,,,,ENSG00000141994,,,,,ENSG00000196782,ENSG00000197056,,,,,,,,,,,,,ENSG00000172456,,,ENSG00000164934,ENSG00000162929,,,,,,,,,,,,,,,,,,,,,,,,,,,
,,ENSG00000196378,,ENSG00000057935,ENSG00000086712,,,ENSG00000153147,,,ENSG00000188419,ENSG00000165997,,,,,ENSG00000165684,,,,,ENSG00000258643,ENSG00000164023,,,,,,,,,,,,,,,,ENSG00000127463,,,,,,,,,,,,,,,,,,,,,,,,,,,,
,,ENSG00000185946,,ENSG00000146733,ENSG00000004866,,,ENSG00000158042,,,ENSG00000176148,ENSG00000138794,,,,,ENSG00000196757,,,,,,ENSG00000126970,,,,,,,,,,,,,,,,ENSG00000111845,,,,,,,,,,,,,,,,,,,,,,,,,,,,
,,ENSG00000140326,,ENSG00000178966,ENSG00000128513,,,ENSG00000135392,,,ENSG00000087301,ENSG00000121578,,,,,ENSG00000147854,,,,,,ENSG00000181315,,,,,,,,,,,,,,,,ENSG00000163029,,,,,,,,,,,,,,,,,,,,,,,,,,,,
,,ENSG00000203880,,ENSG00000197008,ENSG00000067369,,,ENSG00000035928,,,ENSG00000137601,ENSG00000164010,,,,,ENSG00000100099,,,,,,ENSG00000189298,,,,,,,,,,,,,,,,ENSG00000184178,,,,,,,,,,,,,,,,,,,,,,,,,,,,
,,ENSG00000137166,,ENSG00000165209,ENSG00000154114,,,ENSG00000108055,,,ENSG00000147044,ENSG00000119004,,,,,ENSG00000170260,,,,,,,,,,,,,,,,,,,,,,ENSG00000100714,,,,,,,,,,,,,,,,,,,,,,,,,,,,
,,ENSG00000164011,,ENSG00000001630,ENSG00000175283,,,ENSG00000166037,,,ENSG00000155016,ENSG00000065457,,,,,ENSG00000122257,,,,,,,,,,,,,,,,,,,,,,ENSG00000164134,,,,,,,,,,,,,,,,,,,,,,,,,,,,
,,ENSG00000083838,,ENSG00000179630,ENSG00000154059,,,ENSG00000173226,,,ENSG00000012174,ENSG00000254685,,,,,ENSG00000126464,,,,,,,,,,,,,,,,,,,,,,ENSG00000134987,,,,,,,,,,,,,,,,,,,,,,,,,,,,
,,ENSG00000090905,,ENSG00000151470,ENSG00000102900,,,ENSG00000188493,,,ENSG00000164291,ENSG00000068784,,,,,ENSG00000037757,,,,,,,,,,,,,,,,,,,,,,ENSG00000162851,,,,,,,,,,,,,,,,,,,,,,,,,,,,
,,ENSG00000197062,,ENSG00000167904,ENSG00000165118,,,ENSG00000165417,,,ENSG00000116641,ENSG00000069943,,,,,ENSG00000165661,,,,,,,,,,,,,,,,,,,,,,ENSG00000082516,,,,,,,,,,,,,,,,,,,,,,,,,,,,
,,ENSG00000138468,,,ENSG00000031081,,,ENSG00000198677,,,ENSG00000198855,ENSG00000198945,,,,,ENSG00000171453,,,,,,,,,,,,,,,,,,,,,,ENSG00000185515,,,,,,,,,,,,,,,,,,,,,,,,,,,,
,,ENSG00000137185,,,ENSG00000167377,,,ENSG00000101040,,,ENSG00000145337,ENSG00000120519,,,,,ENSG00000044090,,,,,,,,,,,,,,,,,,,,,,ENSG00000198146,,,,,,,,,,,,,,,,,,,,,,,,,,,,
,,ENSG00000148384,,,ENSG00000126790,,,ENSG00000178691,,,,,,,,,ENSG00000173875,,,,,,,,,,,,,,,,,,,,,,ENSG00000143179,,,,,,,,,,,,,,,,,,,,,,,,,,,,
,,ENSG00000140463,,,ENSG00000122008,,,ENSG00000119203,,,,,,,,,ENSG00000079134,,,,,,,,,,,,,,,,,,,,,,ENSG00000160193,,,,,,,,,,,,,,,,,,,,,,,,,,,,
,,ENSG00000139597,,,ENSG00000171806,,,ENSG00000155561,,,,,,,,,ENSG00000156603,,,,,,,,,,,,,,,,,,,,,,ENSG00000075188,,,,,,,,,,,,,,,,,,,,,,,,,,,,
,,ENSG00000103227,,,ENSG00000151233,,,ENSG00000062822,,,,,,,,,ENSG00000143793,,,,,,,,,,,,,,,,,,,,,,ENSG00000068654,,,,,,,,,,,,,,,,,,,,,,,,,,,,
,,ENSG00000125846,,,ENSG00000083535,,,ENSG00000198586,,,,,,,,,ENSG00000113300,,,,,,,,,,,,,,,,,,,,,,ENSG00000160124,,,,,,,,,,,,,,,,,,,,,,,,,,,,
,,ENSG00000120798,,,ENSG00000172888,,,ENSG00000139921,,,,,,,,,ENSG00000124574,,,,,,,,,,,,,,,,,,,,,,ENSG00000125484,,,,,,,,,,,,,,,,,,,,,,,,,,,,
,,ENSG00000066739,,,ENSG00000119509,,,ENSG00000104884,,,,,,,,,ENSG00000043514,,,,,,,,,,,,,,,,,,,,,,ENSG00000142207,,,,,,,,,,,,,,,,,,,,,,,,,,,,
,,ENSG00000147121,,,ENSG00000143156,,,ENSG00000171109,,,,,,,,,ENSG00000120008,,,,,,,,,,,,,,,,,,,,,,ENSG00000125630,,,,,,,,,,,,,,,,,,,,,,,,,,,,
,,ENSG00000143190,,,ENSG00000169359,,,ENSG00000094880,,,,,,,,,ENSG00000125351,,,,,,,,,,,,,,,,,,,,,,ENSG00000138442,,,,,,,,,,,,,,,,,,,,,,,,,,,,
,,ENSG00000183891,,,ENSG00000176105,,,ENSG00000117395,,,,,,,,,ENSG00000137337,,,,,,,,,,,,,,,,,,,,,,ENSG00000065183,,,,,,,,,,,,,,,,,,,,,,,,,,,,
,,ENSG00000140948,,,ENSG00000183808,,,ENSG00000037241,,,,,,,,,ENSG00000111364,,,,,,,,,,,,,,,,,,,,,,ENSG00000140650,,,,,,,,,,,,,,,,,,,,,,,,,,,,
,,ENSG00000002016,,,ENSG00000174989,,,ENSG00000144747,,,,,,,,,ENSG00000081665,,,,,,,,,,,,,,,,,,,,,,ENSG00000091127,,,,,,,,,,,,,,,,,,,,,,,,,,,,
,,ENSG00000171105,,,ENSG00000013375,,,ENSG00000159579,,,,,,,,,ENSG00000196367,,,,,,,,,,,,,,,,,,,,,,ENSG00000126953,,,,,,,,,,,,,,,,,,,,,,,,,,,,
,,ENSG00000071243,,,ENSG00000175054,,,ENSG00000160208,,,,,,,,,ENSG00000185246,,,,,,,,,,,,,,,,,,,,,,ENSG00000120800,,,,,,,,,,,,,,,,,,,,,,,,,,,,
,,ENSG00000103037,,,ENSG00000145734,,,ENSG00000084774,,,,,,,,,ENSG00000112282,,,,,,,,,,,,,,,,,,,,,,ENSG00000013503,,,,,,,,,,,,,,,,,,,,,,,,,,,,
,,ENSG00000180035,,,ENSG00000115392,,,ENSG00000205765,,,,,,,,,ENSG00000164331,,,,,,,,,,,,,,,,,,,,,,ENSG00000181827,,,,,,,,,,,,,,,,,,,,,,,,,,,,
,,ENSG00000138050,,,ENSG00000066651,,,ENSG00000163960,,,,,,,,,ENSG00000182858,,,,,,,,,,,,,,,,,,,,,,ENSG00000277161,,,,,,,,,,,,,,,,,,,,,,,,,,,,
,,ENSG00000164073,,,ENSG00000182224,,,ENSG00000113460,,,,,,,,,ENSG00000136068,,,,,,,,,,,,,,,,,,,,,,ENSG00000123213,,,,,,,,,,,,,,,,,,,,,,,,,,,,
,,ENSG00000187609,,,ENSG00000064933,,,ENSG00000111530,,,,,,,,,ENSG00000166387,,,,,,,,,,,,,,,,,,,,,,ENSG00000164338,,,,,,,,,,,,,,,,,,,,,,,,,,,,
,,ENSG00000008405,,,ENSG00000143971,,,ENSG00000185127,,,,,,,,,ENSG00000169683,,,,,,,,,,,,,,,,,,,,,,ENSG00000247626,,,,,,,,,,,,,,,,,,,,,,,,,,,,
,,ENSG00000138640,,,ENSG00000156162,,,ENSG00000074266,,,,,,,,,ENSG00000082258,,,,,,,,,,,,,,,,,,,,,,ENSG00000124787,,,,,,,,,,,,,,,,,,,,,,,,,,,,
,,ENSG00000186376,,,ENSG00000162804,,,ENSG00000147905,,,,,,,,,ENSG00000153914,,,,,,,,,,,,,,,,,,,,,,ENSG00000135763,,,,,,,,,,,,,,,,,,,,,,,,,,,,
,,ENSG00000197162,,,ENSG00000106692,,,ENSG00000014138,,,,,,,,,ENSG00000143033,,,,,,,,,,,,,,,,,,,,,,ENSG00000174206,,,,,,,,,,,,,,,,,,,,,,,,,,,,
,,ENSG00000130684,,,ENSG00000154447,,,ENSG00000107371,,,,,,,,,ENSG00000143748,,,,,,,,,,,,,,,,,,,,,,ENSG00000178409,,,,,,,,,,,,,,,,,,,,,,,,,,,,
,,ENSG00000167840,,,ENSG00000159267,,,ENSG00000164167,,,,,,,,,ENSG00000101901,,,,,,,,,,,,,,,,,,,,,,ENSG00000253626,,,,,,,,,,,,,,,,,,,,,,,,,,,,
,,ENSG00000167785,,,ENSG00000158234,,,ENSG00000175768,,,,,,,,,ENSG00000110911,,,,,,,,,,,,,,,,,,,,,,,,,,,,,,,,,,,,,,,,,,,,,,,,,,
,,ENSG00000116984,,,ENSG00000075407,,,ENSG00000141458,,,,,,,,,ENSG00000198466,,,,,,,,,,,,,,,,,,,,,,,,,,,,,,,,,,,,,,,,,,,,,,,,,,
,,ENSG00000198040,,,ENSG00000118965,,,ENSG00000177192,,,,,,,,,ENSG00000171045,,,,,,,,,,,,,,,,,,,,,,,,,,,,,,,,,,,,,,,,,,,,,,,,,,
,,ENSG00000196693,,,ENSG00000196981,,,ENSG00000125686,,,,,,,,,ENSG00000148943,,,,,,,,,,,,,,,,,,,,,,,,,,,,,,,,,,,,,,,,,,,,,,,,,,
,,ENSG00000157796,,,ENSG00000196678,,,ENSG00000115514,,,,,,,,,ENSG00000162601,,,,,,,,,,,,,,,,,,,,,,,,,,,,,,,,,,,,,,,,,,,,,,,,,,
,,ENSG00000186567,,,ENSG00000145348,,,ENSG00000163781,,,,,,,,,ENSG00000130299,,,,,,,,,,,,,,,,,,,,,,,,,,,,,,,,,,,,,,,,,,,,,,,,,,
,,ENSG00000178338,,,ENSG00000145725,,,ENSG00000115464,,,,,,,,,ENSG00000077458,,,,,,,,,,,,,,,,,,,,,,,,,,,,,,,,,,,,,,,,,,,,,,,,,,
,,ENSG00000122507,,,ENSG00000139974,,,ENSG00000033178,,,,,,,,,ENSG00000168876,,,,,,,,,,,,,,,,,,,,,,,,,,,,,,,,,,,,,,,,,,,,,,,,,,
,,ENSG00000136925,,,ENSG00000040199,,,ENSG00000156697,,,,,,,,,ENSG00000001084,,,,,,,,,,,,,,,,,,,,,,,,,,,,,,,,,,,,,,,,,,,,,,,,,,
,,ENSG00000122386,,,ENSG00000172469,,,ENSG00000149636,,,,,,,,,ENSG00000168014,,,,,,,,,,,,,,,,,,,,,,,,,,,,,,,,,,,,,,,,,,,,,,,,,,
,,ENSG00000245680,,,ENSG00000152749,,,ENSG00000163933,,,,,,,,,ENSG00000059588,,,,,,,,,,,,,,,,,,,,,,,,,,,,,,,,,,,,,,,,,,,,,,,,,,
,,ENSG00000196150,,,ENSG00000143067,,,ENSG00000171467,,,,,,,,,ENSG00000164631,,,,,,,,,,,,,,,,,,,,,,,,,,,,,,,,,,,,,,,,,,,,,,,,,,
,,ENSG00000163738,,,ENSG00000169379,,,ENSG00000137814,,,,,,,,,ENSG00000112237,,,,,,,,,,,,,,,,,,,,,,,,,,,,,,,,,,,,,,,,,,,,,,,,,,
,,ENSG00000184903,,,ENSG00000183137,,,ENSG00000129003,,,,,,,,,ENSG00000196700,,,,,,,,,,,,,,,,,,,,,,,,,,,,,,,,,,,,,,,,,,,,,,,,,,
,,ENSG00000117643,,,ENSG00000172840,,,ENSG00000188994,,,,,,,,,ENSG00000168795,,,,,,,,,,,,,,,,,,,,,,,,,,,,,,,,,,,,,,,,,,,,,,,,,,
,,ENSG00000197937,,,ENSG00000185379,,,ENSG00000198841,,,,,,,,,ENSG00000107077,,,,,,,,,,,,,,,,,,,,,,,,,,,,,,,,,,,,,,,,,,,,,,,,,,
,,ENSG00000127081,,,ENSG00000173166,,,ENSG00000091009,,,,,,,,,ENSG00000152443,,,,,,,,,,,,,,,,,,,,,,,,,,,,,,,,,,,,,,,,,,,,,,,,,,
,,ENSG00000221994,,,ENSG00000158691,,,ENSG00000113615,,,,,,,,,ENSG00000107643,,,,,,,,,,,,,,,,,,,,,,,,,,,,,,,,,,,,,,,,,,,,,,,,,,
,,ENSG00000205078,,,ENSG00000146414,,,ENSG00000111880,,,,,,,,,ENSG00000163558,,,,,,,,,,,,,,,,,,,,,,,,,,,,,,,,,,,,,,,,,,,,,,,,,,
,,,,,ENSG00000175548,,,ENSG00000180008,,,,,,,,,ENSG00000124198,,,,,,,,,,,,,,,,,,,,,,,,,,,,,,,,,,,,,,,,,,,,,,,,,,
,,,,,ENSG00000198865,,,ENSG00000127337,,,,,,,,,ENSG00000131149,,,,,,,,,,,,,,,,,,,,,,,,,,,,,,,,,,,,,,,,,,,,,,,,,,
,,,,,,,,ENSG00000174485,,,,,,,,,ENSG00000180233,,,,,,,,,,,,,,,,,,,,,,,,,,,,,,,,,,,,,,,,,,,,,,,,,,
,,,,,,,,ENSG00000164051,,,,,,,,,ENSG00000177082,,,,,,,,,,,,,,,,,,,,,,,,,,,,,,,,,,,,,,,,,,,,,,,,,,
,,,,,,,,ENSG00000110756,,,,,,,,,ENSG00000085982,,,,,,,,,,,,,,,,,,,,,,,,,,,,,,,,,,,,,,,,,,,,,,,,,,
,,,,,,,,ENSG00000108064,,,,,,,,,ENSG00000197961,,,,,,,,,,,,,,,,,,,,,,,,,,,,,,,,,,,,,,,,,,,,,,,,,,
,,,,,,,,ENSG00000118873,,,,,,,,,ENSG00000115421,,,,,,,,,,,,,,,,,,,,,,,,,,,,,,,,,,,,,,,,,,,,,,,,,,
,,,,,,,,ENSG00000172071,,,,,,,,,ENSG00000163104,,,,,,,,,,,,,,,,,,,,,,,,,,,,,,,,,,,,,,,,,,,,,,,,,,
,,,,,,,,ENSG00000083520,,,,,,,,,ENSG00000144535,,,,,,,,,,,,,,,,,,,,,,,,,,,,,,,,,,,,,,,,,,,,,,,,,,
,,,,,,,,ENSG00000101945,,,,,,,,,ENSG00000108557,,,,,,,,,,,,,,,,,,,,,,,,,,,,,,,,,,,,,,,,,,,,,,,,,,
,,,,,,,,ENSG00000166788,,,,,,,,,ENSG00000143578,,,,,,,,,,,,,,,,,,,,,,,,,,,,,,,,,,,,,,,,,,,,,,,,,,
,,,,,,,,ENSG00000116062,,,,,,,,,ENSG00000101639,,,,,,,,,,,,,,,,,,,,,,,,,,,,,,,,,,,,,,,,,,,,,,,,,,
,,,,,,,,ENSG00000064313,,,,,,,,,ENSG00000165195,,,,,,,,,,,,,,,,,,,,,,,,,,,,,,,,,,,,,,,,,,,,,,,,,,
,,,,,,,,ENSG00000198824,,,,,,,,,ENSG00000124177,,,,,,,,,,,,,,,,,,,,,,,,,,,,,,,,,,,,,,,,,,,,,,,,,,
,,,,,,,,ENSG00000143493,,,,,,,,,ENSG00000122435,,,,,,,,,,,,,,,,,,,,,,,,,,,,,,,,,,,,,,,,,,,,,,,,,,
,,,,,,,,ENSG00000111445,,,,,,,,,ENSG00000196387,,,,,,,,,,,,,,,,,,,,,,,,,,,,,,,,,,,,,,,,,,,,,,,,,,
,,,,,,,,ENSG00000167088,,,,,,,,,ENSG00000177853,,,,,,,,,,,,,,,,,,,,,,,,,,,,,,,,,,,,,,,,,,,,,,,,,,
,,,,,,,,ENSG00000167447,,,,,,,,,ENSG00000115827,,,,,,,,,,,,,,,,,,,,,,,,,,,,,,,,,,,,,,,,,,,,,,,,,,
,,,,,,,,ENSG00000198042,,,,,,,,,ENSG00000276023,,,,,,,,,,,,,,,,,,,,,,,,,,,,,,,,,,,,,,,,,,,,,,,,,,
,,,,,,,,ENSG00000111358,,,,,,,,,ENSG00000182903,,,,,,,,,,,,,,,,,,,,,,,,,,,,,,,,,,,,,,,,,,,,,,,,,,
,,,,,,,,ENSG00000141378,,,,,,,,,ENSG00000136169,,,,,,,,,,,,,,,,,,,,,,,,,,,,,,,,,,,,,,,,,,,,,,,,,,
,,,,,,,,ENSG00000175105,,,,,,,,,ENSG00000112159,,,,,,,,,,,,,,,,,,,,,,,,,,,,,,,,,,,,,,,,,,,,,,,,,,
,,,,,,,,ENSG00000005100,,,,,,,,,ENSG00000101417,,,,,,,,,,,,,,,,,,,,,,,,,,,,,,,,,,,,,,,,,,,,,,,,,,
,,,,,,,,ENSG00000134255,,,,,,,,,ENSG00000089775,,,,,,,,,,,,,,,,,,,,,,,,,,,,,,,,,,,,,,,,,,,,,,,,,,
,,,,,,,,ENSG00000066557,,,,,,,,,ENSG00000124459,,,,,,,,,,,,,,,,,,,,,,,,,,,,,,,,,,,,,,,,,,,,,,,,,,
,,,,,,,,ENSG00000073536,,,,,,,,,ENSG00000119778,,,,,,,,,,,,,,,,,,,,,,,,,,,,,,,,,,,,,,,,,,,,,,,,,,
,,,,,,,,ENSG00000113522,,,,,,,,,ENSG00000125434,,,,,,,,,,,,,,,,,,,,,,,,,,,,,,,,,,,,,,,,,,,,,,,,,,
,,,,,,,,ENSG00000178921,,,,,,,,,ENSG00000119599,,,,,,,,,,,,,,,,,,,,,,,,,,,,,,,,,,,,,,,,,,,,,,,,,,
,,,,,,,,ENSG00000172869,,,,,,,,,ENSG00000198556,,,,,,,,,,,,,,,,,,,,,,,,,,,,,,,,,,,,,,,,,,,,,,,,,,
,,,,,,,,ENSG00000147874,,,,,,,,,ENSG00000109618,,,,,,,,,,,,,,,,,,,,,,,,,,,,,,,,,,,,,,,,,,,,,,,,,,
,,,,,,,,ENSG00000131470,,,,,,,,,ENSG00000108474,,,,,,,,,,,,,,,,,,,,,,,,,,,,,,,,,,,,,,,,,,,,,,,,,,
,,,,,,,,ENSG00000123352,,,,,,,,,ENSG00000204822,,,,,,,,,,,,,,,,,,,,,,,,,,,,,,,,,,,,,,,,,,,,,,,,,,
,,,,,,,,ENSG00000124279,,,,,,,,,ENSG00000157212,,,,,,,,,,,,,,,,,,,,,,,,,,,,,,,,,,,,,,,,,,,,,,,,,,
,,,,,,,,ENSG00000117174,,,,,,,,,ENSG00000272602,,,,,,,,,,,,,,,,,,,,,,,,,,,,,,,,,,,,,,,,,,,,,,,,,,
,,,,,,,,ENSG00000146842,,,,,,,,,ENSG00000175893,,,,,,,,,,,,,,,,,,,,,,,,,,,,,,,,,,,,,,,,,,,,,,,,,,
,,,,,,,,ENSG00000109762,,,,,,,,,ENSG00000198482,,,,,,,,,,,,,,,,,,,,,,,,,,,,,,,,,,,,,,,,,,,,,,,,,,
,,,,,,,,ENSG00000028116,,,,,,,,,ENSG00000111877,,,,,,,,,,,,,,,,,,,,,,,,,,,,,,,,,,,,,,,,,,,,,,,,,,
,,,,,,,,ENSG00000112365,,,,,,,,,ENSG00000164180,,,,,,,,,,,,,,,,,,,,,,,,,,,,,,,,,,,,,,,,,,,,,,,,,,
,,,,,,,,ENSG00000092208,,,,,,,,,ENSG00000135637,,,,,,,,,,,,,,,,,,,,,,,,,,,,,,,,,,,,,,,,,,,,,,,,,,
,,,,,,,,ENSG00000089048,,,,,,,,,ENSG00000123552,,,,,,,,,,,,,,,,,,,,,,,,,,,,,,,,,,,,,,,,,,,,,,,,,,
,,,,,,,,ENSG00000140006,,,,,,,,,ENSG00000125962,,,,,,,,,,,,,,,,,,,,,,,,,,,,,,,,,,,,,,,,,,,,,,,,,,
,,,,,,,,ENSG00000167196,,,,,,,,,ENSG00000204920,,,,,,,,,,,,,,,,,,,,,,,,,,,,,,,,,,,,,,,,,,,,,,,,,,
,,,,,,,,ENSG00000152147,,,,,,,,,ENSG00000175087,,,,,,,,,,,,,,,,,,,,,,,,,,,,,,,,,,,,,,,,,,,,,,,,,,
,,,,,,,,ENSG00000108506,,,,,,,,,ENSG00000242028,,,,,,,,,,,,,,,,,,,,,,,,,,,,,,,,,,,,,,,,,,,,,,,,,,
,,,,,,,,ENSG00000101868,,,,,,,,,ENSG00000130363,,,,,,,,,,,,,,,,,,,,,,,,,,,,,,,,,,,,,,,,,,,,,,,,,,
,,,,,,,,ENSG00000051825,,,,,,,,,ENSG00000163611,,,,,,,,,,,,,,,,,,,,,,,,,,,,,,,,,,,,,,,,,,,,,,,,,,
,,,,,,,,ENSG00000178105,,,,,,,,,ENSG00000089682,,,,,,,,,,,,,,,,,,,,,,,,,,,,,,,,,,,,,,,,,,,,,,,,,,
,,,,,,,,ENSG00000153107,,,,,,,,,ENSG00000180263,,,,,,,,,,,,,,,,,,,,,,,,,,,,,,,,,,,,,,,,,,,,,,,,,,
,,,,,,,,ENSG00000111196,,,,,,,,,ENSG00000162927,,,,,,,,,,,,,,,,,,,,,,,,,,,,,,,,,,,,,,,,,,,,,,,,,,
,,,,,,,,ENSG00000115750,,,,,,,,,ENSG00000178229,,,,,,,,,,,,,,,,,,,,,,,,,,,,,,,,,,,,,,,,,,,,,,,,,,
,,,,,,,,ENSG00000168116,,,,,,,,,ENSG00000066427,,,,,,,,,,,,,,,,,,,,,,,,,,,,,,,,,,,,,,,,,,,,,,,,,,
,,,,,,,,ENSG00000176225,,,,,,,,,ENSG00000198538,,,,,,,,,,,,,,,,,,,,,,,,,,,,,,,,,,,,,,,,,,,,,,,,,,
,,,,,,,,ENSG00000170191,,,,,,,,,ENSG00000227124,,,,,,,,,,,,,,,,,,,,,,,,,,,,,,,,,,,,,,,,,,,,,,,,,,
,,,,,,,,ENSG00000188295,,,,,,,,,ENSG00000196597,,,,,,,,,,,,,,,,,,,,,,,,,,,,,,,,,,,,,,,,,,,,,,,,,,
,,,,,,,,ENSG00000241945,,,,,,,,,ENSG00000078177,,,,,,,,,,,,,,,,,,,,,,,,,,,,,,,,,,,,,,,,,,,,,,,,,,
,,,,,,,,ENSG00000164037,,,,,,,,,ENSG00000058673,,,,,,,,,,,,,,,,,,,,,,,,,,,,,,,,,,,,,,,,,,,,,,,,,,
