,Topic 1
ENSG00000271614,4.553759406675508e-05
ENSG00000258725,7.32329729143722e-06
ENSG00000177694,1.3181935124586995e-05
ENSG00000261501,0.0
ENSG00000239910,0.0
ENSG00000263974,0.0
ENSG00000248559,1.7043310060072076e-06
ENSG00000279489,5.054406639690125e-05
ENSG00000135407,0.00012015533592350813
ENSG00000170165,1.1983577385988178e-06
ENSG00000213757,2.553833491813925e-05
ENSG00000275936,8.628175717911488e-06
ENSG00000249197,0.0
ENSG00000225738,0.0
ENSG00000216613,0.0
ENSG00000153574,0.0005251203610540019
ENSG00000267693,7.989051590658786e-08
ENSG00000270704,1.7975366078982266e-05
ENSG00000260912,0.00019735620446124087
ENSG00000138750,0.0005290616265053936
ENSG00000147654,0.0002928786313135511
ENSG00000222421,5.725486973305463e-06
ENSG00000278716,3.3287714961078274e-06
ENSG00000172057,0.0009219631837339927
ENSG00000163207,0.001001933590156487
ENSG00000132475,0.011324746931478518
ENSG00000215546,0.0
ENSG00000143001,4.021155967298255e-05
ENSG00000231660,2.6630171968862618e-08
ENSG00000258741,1.392757993971515e-05
ENSG00000186231,3.475237441936572e-05
ENSG00000224965,7.456448151281533e-06
ENSG00000151240,0.0004087731397220412
ENSG00000271519,0.0
ENSG00000226490,2.8494284006683e-06
ENSG00000273901,3.888005107453943e-06
ENSG00000111412,0.0002338928004025204
ENSG00000225205,3.829418729122444e-05
ENSG00000175779,2.6630171968862618e-08
ENSG00000073861,8.393830204585497e-05
ENSG00000251359,6.471131788433616e-06
ENSG00000073150,0.00020230941644744932
ENSG00000284391,9.320560189101917e-06
ENSG00000224326,0.0
ENSG00000279014,0.0
ENSG00000248184,3.1689904642946516e-06
ENSG00000260075,1.8641120378203832e-06
ENSG00000067445,0.0002706158075475819
ENSG00000236352,6.045049036931814e-06
ENSG00000128513,0.00018862150805545392
ENSG00000205946,0.0
ENSG00000100422,0.0007991980909575361
ENSG00000184588,0.00025700778967149314
ENSG00000100302,0.0004949483762132806
ENSG00000227922,2.6630171968862618e-08
ENSG00000154485,3.7282240756407664e-07
ENSG00000277969,7.87986788558645e-05
ENSG00000160161,1.1717275666299552e-05
ENSG00000276523,8.814586921693526e-05
ENSG00000177144,0.0
ENSG00000212933,1.2782482545054057e-06
ENSG00000279041,0.0002815341780548156
ENSG00000259620,0.0
ENSG00000201695,0.0
ENSG00000276696,3.754854247609629e-06
ENSG00000253669,4.47386889076892e-06
ENSG00000265939,3.754854247609629e-06
ENSG00000164323,0.0003383629650363684
ENSG00000244514,0.0
ENSG00000228930,1.0652068787545047e-07
ENSG00000244061,3.994525795329393e-07
ENSG00000233575,0.0
ENSG00000204991,0.0001022332301884636
ENSG00000031003,0.0004334859393091457
ENSG00000160117,2.6976364204457832e-05
ENSG00000248452,0.0
ENSG00000164736,0.0004087731397220412
ENSG00000213214,6.0610271401131316e-05
ENSG00000272990,0.0001565854111769122
ENSG00000227051,0.0004263756833934594
ENSG00000168303,0.00011626733081605419
ENSG00000266378,9.320560189101916e-07
ENSG00000275437,1.1690645494330689e-05
ENSG00000232287,3.3820318400455524e-06
ENSG00000230932,0.0
ENSG00000245552,6.1249395528384024e-06
ENSG00000159625,3.9146352794228045e-06
ENSG00000273888,6.09830938086954e-06
ENSG00000254112,2.1304137575090095e-07
ENSG00000267620,0.0
ENSG00000218475,7.989051590658786e-08
ENSG00000253379,0.0
ENSG00000204338,4.306098807365086e-05
ENSG00000262135,0.0
ENSG00000277013,5.091688880446533e-05
ENSG00000252778,0.0
ENSG00000147251,0.00041963824988533715
ENSG00000225146,2.6630171968862618e-08
ENSG00000276502,0.0
ENSG00000264037,0.0
ENSG00000272070,1.4433553207123538e-05
ENSG00000255257,0.0
ENSG00000226397,7.456448151281533e-07
ENSG00000166133,0.00015413543535577683
ENSG00000269786,0.0
ENSG00000240355,0.0
ENSG00000124006,0.0011171889744377246
ENSG00000259677,1.1450973946610926e-06
ENSG00000275488,7.989051590658786e-08
ENSG00000207077,0.0
ENSG00000169413,0.0005193948740806966
ENSG00000279010,5.08636284605276e-06
ENSG00000139797,2.396715477197636e-07
ENSG00000250962,0.0
ENSG00000185926,0.0
ENSG00000157216,0.0010645144942833143
ENSG00000227282,0.0
ENSG00000242094,0.0
ENSG00000232136,0.0
ENSG00000237214,4.713540438488683e-05
ENSG00000250494,0.0
ENSG00000266028,0.0002933047140650529
ENSG00000254670,3.86137493548508e-06
ENSG00000169914,0.00017235047298247885
ENSG00000130733,0.0007925671781372892
ENSG00000186190,0.0
ENSG00000241577,5.3260343937725237e-08
ENSG00000276592,0.0
ENSG00000251430,0.0
ENSG00000270937,0.0
ENSG00000254295,7.456448151281533e-07
ENSG00000236991,1.7842215219137955e-05
ENSG00000180999,1.706994023204094e-05
ENSG00000187486,0.0003400140356984379
ENSG00000182722,3.0358396044503385e-06
ENSG00000280327,3.2222508082323766e-06
ENSG00000249228,0.0
ENSG00000234072,0.00011898360835687817
ENSG00000226533,5.3260343937725237e-08
ENSG00000059691,0.00032182562824370476
ENSG00000239216,3.435292183983278e-06
ENSG00000260865,1.0652068787545047e-07
ENSG00000238898,0.0
ENSG00000155886,5.765432231258757e-05
ENSG00000110427,4.4712058735720336e-05
ENSG00000197858,0.0021668438327624136
ENSG00000259317,5.3260343937725237e-08
ENSG00000226063,3.1956206362635143e-06
ENSG00000123999,6.6681950610032e-05
ENSG00000253872,0.0
ENSG00000279498,0.0
ENSG00000118217,0.0004048318742706495
ENSG00000265932,0.0
ENSG00000136108,0.00016561303947435662
ENSG00000177098,0.00048309794968713675
ENSG00000220868,0.0
ENSG00000235034,1.038576706785642e-05
ENSG00000164306,0.0002196989187431166
ENSG00000225298,1.5978103181317572e-07
ENSG00000220748,0.0
ENSG00000249691,0.0
ENSG00000206972,2.6630171968862618e-08
ENSG00000236276,0.0
ENSG00000272129,2.3727483224256594e-05
ENSG00000258841,0.0
ENSG00000218561,2.6630171968862618e-08
ENSG00000067836,0.000970163794997634
ENSG00000146828,0.0007082560536838702
ENSG00000124222,0.001926985873838868
ENSG00000244113,2.6630171968862618e-08
ENSG00000099804,0.0020001655864093026
ENSG00000166546,8.175462794440823e-06
ENSG00000274568,0.0
ENSG00000260810,5.965158521025226e-06
ENSG00000218991,3.994525795329393e-07
ENSG00000265060,0.0
ENSG00000201920,1.5978103181317572e-07
ENSG00000253361,7.3765576353749455e-06
ENSG00000157680,3.981210709344961e-05
ENSG00000011009,0.0010844871232599613
ENSG00000271851,1.331508598443131e-05
ENSG00000135114,6.865258333572783e-05
ENSG00000267834,7.126234018867637e-05
ENSG00000232821,4.553759406675508e-06
ENSG00000275097,4.260827515018019e-07
ENSG00000004700,0.0005787801575712602
ENSG00000259848,1.8641120378203832e-07
ENSG00000251228,0.0
ENSG00000108830,0.0001982616303081822
ENSG00000146540,0.0011959077627776826
ENSG00000272056,2.1890001358405073e-05
ENSG00000261670,0.0
ENSG00000164010,0.00018726336928504193
ENSG00000270048,6.364611100558166e-06
ENSG00000251326,0.0
ENSG00000232158,5.3260343937725237e-08
ENSG00000142789,0.00011160705072150323
ENSG00000274818,5.7015198185334865e-05
ENSG00000272226,3.0890999483880635e-06
ENSG00000260691,0.0
ENSG00000065621,6.143580673216607e-05
ENSG00000064490,0.0009303516879041844
ENSG00000262477,0.0
ENSG00000226132,0.0
ENSG00000243633,0.0
ENSG00000248987,2.6630171968862618e-08
ENSG00000253931,4.393978374862332e-06
ENSG00000099910,0.0003388156779598391
ENSG00000223001,0.0
ENSG00000200448,2.6630171968862618e-08
ENSG00000091436,0.00113298066641526
ENSG00000231402,2.6630171968862618e-08
ENSG00000202125,1.6244404901006197e-06
ENSG00000254980,0.0
ENSG00000268043,0.0001321655434814652
ENSG00000178882,5.3952728408915664e-05
ENSG00000101574,0.000131419898666337
ENSG00000225479,0.0
ENSG00000151239,0.0006256758904084272
ENSG00000233616,0.0
ENSG00000261468,8.511002961248493e-05
ENSG00000258592,1.331508598443131e-07
ENSG00000102104,9.05425846941329e-07
ENSG00000270549,2.6630171968862618e-08
ENSG00000260990,3.1956206362635143e-07
ENSG00000172403,0.0036760555687537647
ENSG00000260808,4.047786139267118e-06
ENSG00000185345,8.385841152994838e-05
ENSG00000224138,7.866552799602018e-05
ENSG00000215966,0.0
ENSG00000137267,0.0011109308840250417
ENSG00000259591,7.989051590658786e-08
ENSG00000267890,2.074490396374398e-05
ENSG00000207611,7.190146431592907e-07
ENSG00000222686,0.0
ENSG00000249326,0.0
ENSG00000260460,3.941265451391667e-06
ENSG00000241874,0.0
ENSG00000259968,0.0
ENSG00000162174,0.0001457469311855851
ENSG00000245680,0.00011826459371371889
ENSG00000152492,0.0007436209220585198
ENSG00000200150,0.0
ENSG00000260314,0.0003074453353805189
ENSG00000169006,0.0001400480743842485
ENSG00000148358,0.0006128401475194354
ENSG00000203729,0.0
ENSG00000256637,0.0
ENSG00000186283,0.00041942520850958624
ENSG00000281955,1.8641120378203832e-07
ENSG00000223623,0.0
ENSG00000139977,0.0002085142465161943
ENSG00000249592,7.853237713617586e-05
ENSG00000254691,1.7575913499449328e-06
ENSG00000113205,1.259607134127202e-05
ENSG00000185621,9.134148985319878e-05
ENSG00000231811,2.27954272053464e-05
ENSG00000261293,0.0
ENSG00000070731,0.00022491843244901367
ENSG00000226764,0.0
ENSG00000050820,0.0006405887867109903
ENSG00000213752,0.0
ENSG00000280090,0.0
ENSG00000198270,9.786588198557012e-05
ENSG00000147804,0.00020768871118515957
ENSG00000241370,0.000812380026082123
ENSG00000251018,0.0
ENSG00000254194,0.0
ENSG00000279957,1.0652068787545047e-07
ENSG00000168487,0.0007645256070540769
ENSG00000244968,2.4766059931042235e-05
ENSG00000058085,0.0001549343405148427
ENSG00000215367,5.3260343937725237e-08
ENSG00000277161,0.00014521432774620787
ENSG00000234303,5.3260343937725237e-08
ENSG00000228159,0.0
ENSG00000234661,1.7842215219137955e-06
ENSG00000099715,9.05425846941329e-07
ENSG00000276393,5.3260343937725237e-08
ENSG00000213716,0.0
ENSG00000283317,2.0398711728148765e-05
ENSG00000214748,1.8641120378203832e-07
ENSG00000265871,7.989051590658786e-08
ENSG00000225522,2.6630171968862618e-08
ENSG00000274528,5.0597326740838975e-06
ENSG00000259571,2.1304137575090095e-07
ENSG00000268423,1.8641120378203832e-07
ENSG00000233203,1.8907422097892459e-06
ENSG00000091262,2.5485074574201524e-05
ENSG00000225378,3.1956206362635143e-07
ENSG00000216687,0.0
ENSG00000243989,0.0004150844904786616
ENSG00000152133,0.00018606501154644312
ENSG00000240980,0.0
ENSG00000270061,1.2968893748836095e-05
ENSG00000228658,0.0
ENSG00000110107,0.002132597431610456
ENSG00000036565,4.793430954395272e-07
ENSG00000271697,0.0
ENSG00000188185,0.00016276361107368833
ENSG00000181171,0.0
ENSG00000282793,0.0
ENSG00000221710,0.0
ENSG00000112992,0.0007189347526433841
ENSG00000272823,3.2382289114136944e-05
ENSG00000252091,2.6630171968862618e-08
ENSG00000253684,0.0
ENSG00000235094,0.0
ENSG00000249792,0.0
ENSG00000254747,0.0
ENSG00000185792,0.0
ENSG00000259671,5.858637833149776e-07
ENSG00000207081,2.6630171968862618e-08
ENSG00000124688,0.0003940999149671979
ENSG00000168904,9.962347333551505e-05
ENSG00000007516,0.00017629173843387053
ENSG00000240107,0.0
ENSG00000254714,0.0
ENSG00000199892,0.0
ENSG00000236403,1.0652068787545047e-07
ENSG00000204463,0.0026305283870842492
ENSG00000237000,0.0
ENSG00000234424,1.0652068787545047e-07
ENSG00000251419,0.0
ENSG00000177675,3.214261756641718e-05
ENSG00000165584,0.0
ENSG00000268858,0.00014681213806433963
ENSG00000284263,0.0
ENSG00000156469,0.00042299365155341385
ENSG00000222344,2.6630171968862618e-08
ENSG00000280208,1.0119465348167795e-06
ENSG00000253526,2.6630171968862618e-08
ENSG00000268287,1.6137884213130745e-05
ENSG00000243323,2.157043929477872e-06
ENSG00000252744,0.0
ENSG00000117054,0.0010520249436299178
ENSG00000274020,2.633724007720513e-05
ENSG00000215450,5.3260343937725237e-08
ENSG00000260273,6.364611100558166e-06
ENSG00000233674,0.0
ENSG00000172757,0.006044383282632593
ENSG00000177201,0.0
ENSG00000214297,6.124939552838403e-07
ENSG00000254975,2.6630171968862618e-08
ENSG00000160505,1.0652068787545047e-07
ENSG00000186862,3.8374077807131034e-05
ENSG00000282925,2.6630171968862618e-08
ENSG00000203972,0.0
ENSG00000115596,9.11817088213856e-05
ENSG00000211445,0.03584027020463769
ENSG00000212580,0.0
ENSG00000280739,1.8374818658515207e-06
ENSG00000201377,0.0
ENSG00000121900,0.0012608054918658007
ENSG00000274216,2.6630171968862618e-08
ENSG00000134884,0.0028292427303159024
ENSG00000229918,2.6630171968862618e-08
ENSG00000246582,1.7788954875200228e-05
ENSG00000107317,0.009804457043948119
ENSG00000224289,0.0
ENSG00000255976,0.0
ENSG00000224107,2.6630171968862618e-08
ENSG00000094916,0.000327977197968512
ENSG00000217130,2.2103042734155975e-05
ENSG00000124374,0.00028225319269797487
ENSG00000267544,2.396715477197636e-07
ENSG00000256232,2.6630171968862618e-08
ENSG00000146918,0.00010700003097089
ENSG00000136152,0.00034347595805439004
ENSG00000130332,0.0011666412037839025
ENSG00000157601,0.0007487605452485102
ENSG00000130338,0.00013647963134042092
ENSG00000241962,7.0836257437174565e-06
ENSG00000265281,0.0
ENSG00000196787,7.296667119468357e-06
ENSG00000124788,0.0002017501828361032
ENSG00000271583,0.0
ENSG00000280303,1.6830268684321174e-05
ENSG00000253336,0.0
ENSG00000207334,2.6630171968862618e-08
ENSG00000265393,5.3260343937725237e-08
ENSG00000206767,0.0
ENSG00000128652,3.366053736864235e-05
ENSG00000235071,0.0
ENSG00000272321,8.281983482316274e-06
ENSG00000278636,2.6630171968862618e-08
ENSG00000250215,3.994525795329393e-07
ENSG00000096080,0.0011499707161313944
ENSG00000164347,0.0003700794998512838
ENSG00000167261,0.0001712586359317555
ENSG00000133315,0.000958739451222992
ENSG00000280078,0.0
ENSG00000113302,2.929318916574888e-06
ENSG00000112139,0.0001329910788124999
ENSG00000186648,6.902540574329191e-05
ENSG00000254434,0.0
ENSG00000238047,0.0
ENSG00000231103,0.0
ENSG00000213182,0.0
ENSG00000272825,3.1183931375538125e-05
ENSG00000185002,1.0652068787545047e-07
ENSG00000242889,1.1983577385988178e-06
ENSG00000256004,2.6630171968862618e-08
ENSG00000229092,5.405924909679112e-06
ENSG00000226115,0.0
ENSG00000283288,1.0918370507233674e-06
ENSG00000214843,0.0
ENSG00000114013,0.00010846469042917745
ENSG00000258843,7.456448151281533e-07
ENSG00000229162,9.05425846941329e-07
ENSG00000229999,0.0
ENSG00000136986,0.0009292332206814922
ENSG00000224888,3.994525795329393e-06
ENSG00000186998,0.00019203017006746834
ENSG00000162493,0.0003849923961538469
ENSG00000222246,2.6630171968862618e-08
ENSG00000198053,0.001145789779132283
ENSG00000261375,5.3260343937725237e-08
ENSG00000215126,2.1810110842498486e-05
ENSG00000213226,0.0
ENSG00000245729,2.6630171968862618e-08
ENSG00000227770,5.3260343937725237e-08
ENSG00000265724,0.0
ENSG00000243782,0.0
ENSG00000267343,2.7002994376426696e-05
ENSG00000200156,1.4912896302563065e-06
ENSG00000140932,0.0003280038281404809
ENSG00000221363,2.6630171968862618e-08
ENSG00000228638,0.0002219092230165322
ENSG00000251459,3.7282240756407664e-07
ENSG00000227225,0.0
ENSG00000257846,0.0
ENSG00000234028,8.122202450503098e-06
ENSG00000143578,0.00019160408731596653
ENSG00000121769,0.009317817281389123
ENSG00000184602,0.0015005569301014708
ENSG00000277500,0.0
ENSG00000241744,0.0
ENSG00000253994,0.0
ENSG00000207116,5.3260343937725237e-08
ENSG00000261621,0.0
ENSG00000132321,0.00012090098073863628
ENSG00000213782,1.0439027411794146e-05
ENSG00000244657,2.3913894428038632e-05
ENSG00000186439,0.0011241128191496288
ENSG00000258712,5.3260343937725237e-08
ENSG00000226409,3.0438286560409972e-05
ENSG00000228981,2.388726425606977e-05
ENSG00000238755,2.023893069633559e-06
ENSG00000141570,3.8986571762414875e-05
ENSG00000280414,0.0
ENSG00000259513,4.793430954395272e-07
ENSG00000206959,2.6630171968862618e-08
ENSG00000115694,0.0014196278374880972
ENSG00000236985,0.0
ENSG00000259579,0.0
ENSG00000215589,7.989051590658786e-08
ENSG00000117625,0.0005581950346393293
ENSG00000198353,0.00013669267271617183
ENSG00000234706,0.0
ENSG00000233590,1.331508598443131e-07
ENSG00000232363,1.1717275666299551e-06
ENSG00000144908,0.00040259493982526507
ENSG00000270137,3.0890999483880635e-06
ENSG00000176198,0.0
ENSG00000251398,0.0
ENSG00000204648,0.0
ENSG00000004455,0.0010716513803709694
ENSG00000095110,7.539001684385007e-05
ENSG00000260568,0.0
ENSG00000248699,0.0
ENSG00000173068,8.518992012839152e-05
ENSG00000162419,0.00010247290173618335
ENSG00000166676,2.276879703337754e-05
ENSG00000247240,6.977105055842006e-05
ENSG00000240305,0.0
ENSG00000231514,0.0
ENSG00000237982,0.0
ENSG00000133313,0.000723222210330371
ENSG00000145779,0.00014201870710994435
ENSG00000268839,0.0
ENSG00000275578,0.0
ENSG00000127980,0.00033327660219031565
ENSG00000226363,1.504604716240738e-05
ENSG00000227361,0.0
ENSG00000248216,0.0
ENSG00000215644,7.669489527032434e-06
ENSG00000244565,0.0
ENSG00000197213,2.6630171968862618e-08
ENSG00000253257,0.0
ENSG00000164976,0.00034802971746106557
ENSG00000248457,0.0
ENSG00000148803,0.00019631762775445521
ENSG00000263372,0.0
ENSG00000280408,8.574915373973763e-06
ENSG00000242111,0.0
ENSG00000258982,2.8494284006683e-06
ENSG00000253021,0.0
ENSG00000234997,1.1850426526143865e-05
ENSG00000073169,0.0009588193417388985
ENSG00000237549,0.0
ENSG00000251412,0.0
ENSG00000237802,0.0
ENSG00000169047,0.00030273179494203026
ENSG00000175938,0.000540246298732316
ENSG00000241782,5.512445597554562e-06
ENSG00000249941,0.0
ENSG00000268199,8.787956749724664e-07
ENSG00000283768,0.0
ENSG00000133636,4.138328723961251e-05
ENSG00000232743,0.0
ENSG00000260858,0.0
ENSG00000197023,0.0
ENSG00000205846,8.521655030036038e-07
ENSG00000078814,0.00030297146648975
ENSG00000117862,0.0006902274272609502
ENSG00000225554,3.994525795329393e-05
ENSG00000170876,0.0026235246518564385
ENSG00000169750,0.00020262897851107566
ENSG00000215421,8.002366676643216e-05
ENSG00000249522,0.0
ENSG00000230682,0.0
ENSG00000276569,0.0
ENSG00000145642,3.7282240756407664e-07
ENSG00000276375,0.0
ENSG00000124571,0.0003772696462828767
ENSG00000136695,0.0001706195118045028
ENSG00000199609,1.0652068787545047e-07
ENSG00000077616,4.913266728255153e-05
ENSG00000259600,3.994525795329393e-07
ENSG00000270513,2.9026887446060254e-06
ENSG00000110717,0.0018774803841487523
ENSG00000185267,7.211450569167997e-05
ENSG00000163344,0.0015230594254151597
ENSG00000170606,0.0011042733410328261
ENSG00000238065,0.0
ENSG00000233158,0.0
ENSG00000224276,3.488552527921003e-06
ENSG00000228252,7.589599011125846e-06
ENSG00000280180,0.0
ENSG00000115368,0.000478011586841084
ENSG00000231383,0.0
ENSG00000163297,0.0006366475212595986
ENSG00000238551,0.0
ENSG00000162367,0.00013277803743674902
ENSG00000278340,5.3260343937725237e-08
ENSG00000259832,5.3260343937725237e-08
ENSG00000263618,2.6630171968862618e-08
ENSG00000254948,0.0
ENSG00000163959,5.8826049879217526e-05
ENSG00000268941,1.251618082536543e-06
ENSG00000269419,0.0
ENSG00000235608,0.0
ENSG00000253925,3.4619223559521404e-07
ENSG00000232905,0.0
ENSG00000244067,1.7842215219137955e-06
ENSG00000226014,0.0
ENSG00000159216,0.00015125937678313968
ENSG00000173809,2.1304137575090094e-06
ENSG00000227036,2.7748639191554848e-05
ENSG00000102055,7.989051590658786e-07
ENSG00000163393,0.0001199689247197261
ENSG00000221829,0.0002407900149424558
ENSG00000164933,0.00041050410090001725
ENSG00000222244,0.0
ENSG00000248568,4.527129234706645e-07
ENSG00000104112,0.00024164218044545938
ENSG00000252956,0.0
ENSG00000224690,2.4233456491664984e-06
ENSG00000249602,4.021155967298255e-05
ENSG00000261402,4.793430954395272e-07
ENSG00000166321,8.588230459958194e-05
ENSG00000276631,7.989051590658786e-08
ENSG00000087302,0.0008704071708022747
ENSG00000207257,0.0
ENSG00000199730,2.6630171968862618e-08
ENSG00000117906,0.00036653768697942507
ENSG00000253467,4.793430954395272e-07
ENSG00000253838,7.989051590658786e-07
ENSG00000239593,2.0771534135712844e-06
ENSG00000224059,0.0
ENSG00000277425,2.8494284006683e-06
ENSG00000276809,8.574915373973763e-06
ENSG00000279942,2.3967154771976356e-06
ENSG00000259124,3.5418128718587283e-06
ENSG00000232022,2.1490548778872133e-05
ENSG00000253782,2.6630171968862618e-08
ENSG00000237674,2.396715477197636e-07
ENSG00000272393,0.0
ENSG00000232738,0.0
ENSG00000244610,5.3260343937725237e-08
ENSG00000207098,0.0
ENSG00000223597,1.0652068787545047e-07
ENSG00000181924,0.0006548891890582696
ENSG00000267771,2.1304137575090095e-07
ENSG00000232337,0.0
ENSG00000266497,5.3260343937725237e-08
ENSG00000187758,1.8667750550172695e-05
ENSG00000249485,1.0652068787545047e-06
ENSG00000128973,0.0004340451729204918
ENSG00000257680,0.0
ENSG00000234068,1.0652068787545047e-07
ENSG00000223828,0.0
ENSG00000179523,0.00021767502567348305
ENSG00000248949,0.0
ENSG00000260759,0.0
ENSG00000201604,2.6630171968862618e-08
ENSG00000255857,9.030291314641314e-05
ENSG00000043514,0.000514654703470239
ENSG00000197702,0.0014486813551061264
ENSG00000252104,1.0652068787545047e-07
ENSG00000238285,2.6630171968862618e-08
ENSG00000196946,0.0
ENSG00000102226,0.0015968516319408781
ENSG00000152348,5.5151086147514484e-05
ENSG00000249180,1.40341006275906e-05
ENSG00000265882,0.0
ENSG00000258569,3.994525795329393e-07
ENSG00000271360,0.0
ENSG00000253286,0.0
ENSG00000227301,0.0
ENSG00000116580,0.00028078853323968745
ENSG00000255893,2.9266558993780017e-05
ENSG00000116903,0.00020806153359272363
ENSG00000238081,0.0
ENSG00000222359,0.0
ENSG00000051009,0.0008663593846630075
ENSG00000242473,3.009209432481476e-06
ENSG00000087510,0.0002262499410474568
ENSG00000073282,0.00037599139802837133
ENSG00000224717,1.11846722269223e-06
ENSG00000134255,0.00016385544812441168
ENSG00000238942,1.8641120378203832e-07
ENSG00000259654,3.7282240756407664e-07
ENSG00000211626,9.853163628479168e-07
ENSG00000250514,0.0
ENSG00000236383,1.0625438615576184e-05
ENSG00000083750,0.0003700794998512838
ENSG00000211781,0.0
ENSG00000111962,0.00031767132141656215
ENSG00000283198,0.0
ENSG00000154342,6.391241272527029e-06
ENSG00000234135,2.1304137575090095e-07
ENSG00000252404,0.0
ENSG00000266780,0.0
ENSG00000235549,0.0
ENSG00000269364,1.0385767067856422e-06
ENSG00000227207,2.663017196886262e-07
ENSG00000254827,2.4845950446948822e-05
ENSG00000115956,0.0011755090510495337
ENSG00000249264,1.890742209789246e-05
ENSG00000269885,0.0
ENSG00000111669,0.009365964632308828
ENSG00000239731,5.3260343937725237e-08
ENSG00000203811,2.6630171968862618e-08
ENSG00000011143,0.00021277507403121232
ENSG00000283291,0.0
ENSG00000230838,9.080888641382152e-06
ENSG00000001617,0.0007418633307085748
ENSG00000163867,0.00016382881795244282
ENSG00000135336,0.00035308945013514943
ENSG00000130382,0.0015016487671521942
ENSG00000250339,0.0
ENSG00000237290,3.1956206362635143e-07
ENSG00000270691,0.0
ENSG00000267731,9.720012768634855e-06
ENSG00000261082,2.6630171968862618e-08
ENSG00000272720,0.00016800975495155426
ENSG00000189067,0.0021860974470959012
ENSG00000207609,7.989051590658786e-08
ENSG00000254423,2.929318916574888e-07
ENSG00000156398,5.5017935287670166e-05
ENSG00000268751,0.0005357457996695782
ENSG00000102181,0.001047497814395211
ENSG00000206759,2.6630171968862618e-08
ENSG00000276568,1.7309611779760703e-06
ENSG00000163354,6.777378766075536e-05
ENSG00000134057,0.0003295483781146749
ENSG00000279273,0.0
ENSG00000155827,0.0005920686133837226
ENSG00000104375,0.00018217700643898918
ENSG00000263641,0.0
ENSG00000224114,0.0007470029538985653
ENSG00000283205,0.0
ENSG00000254951,3.9146352794228045e-06
ENSG00000236675,1.057217827163846e-05
ENSG00000178795,3.994525795329393e-07
ENSG00000158270,0.00036749637317030415
ENSG00000275669,0.0
ENSG00000178222,4.162295878733227e-05
ENSG00000248647,1.5978103181317572e-07
ENSG00000279500,2.423345649166498e-05
ENSG00000151023,1.1637385150392963e-05
ENSG00000170484,4.393978374862332e-05
ENSG00000275263,6.391241272527029e-06
ENSG00000277549,0.0
ENSG00000280401,4.260827515018019e-05
ENSG00000201820,2.1304137575090094e-06
ENSG00000104205,0.0001401279649001551
ENSG00000268940,0.0
ENSG00000242948,0.0
ENSG00000177380,0.00023860634084100905
ENSG00000252143,0.0
ENSG00000215905,0.0
ENSG00000165121,0.00023256129180407724
ENSG00000265018,3.1263821891444715e-05
ENSG00000080644,3.13437124073513e-05
ENSG00000252581,3.994525795329393e-06
ENSG00000259987,0.0
ENSG00000234913,2.6630171968862618e-08
ENSG00000266993,5.331360428166296e-05
ENSG00000236636,0.0
ENSG00000249173,3.0624697764192012e-06
ENSG00000160781,0.0015981565103673522
ENSG00000165264,0.0013083669790021893
ENSG00000215506,0.0
ENSG00000237379,0.0
ENSG00000269931,7.989051590658786e-08
ENSG00000211920,3.0890999483880635e-06
ENSG00000262692,2.5298663370419486e-05
ENSG00000105722,0.0011435794748588673
ENSG00000185112,0.00047050187834586475
ENSG00000260552,5.866626884740435e-05
ENSG00000260708,0.00041178234915452265
ENSG00000256927,2.6630171968862618e-08
ENSG00000133878,0.0009294196318852743
ENSG00000226113,1.331508598443131e-07
ENSG00000204839,0.00019059214078114977
ENSG00000279483,2.4766059931042233e-06
ENSG00000147862,0.00043164845744329415
ENSG00000130818,0.0001022332301884636
ENSG00000233403,0.0
ENSG00000200332,2.1304137575090095e-07
ENSG00000064225,0.00012683950908769264
ENSG00000107833,0.0005083433527136185
ENSG00000261291,2.396715477197636e-07
ENSG00000178202,0.0004683980947603246
ENSG00000258193,0.0
ENSG00000214176,0.0003649665068332622
ENSG00000229124,0.0001129119291479775
ENSG00000176148,0.00011767872993040391
ENSG00000272807,9.152790105698081e-05
ENSG00000251830,0.0
ENSG00000071655,0.0006838095558164543
ENSG00000204604,7.557642804763211e-05
ENSG00000224014,7.696119699001296e-06
ENSG00000244402,0.0
ENSG00000233885,3.648333559734179e-05
ENSG00000228380,0.0
ENSG00000252659,2.6630171968862618e-08
ENSG00000279125,0.0
ENSG00000235711,5.778747317243188e-06
ENSG00000253401,0.0
ENSG00000108379,8.84121709366239e-05
ENSG00000143303,0.0005516440123349892
ENSG00000271491,0.0
ENSG00000223374,0.00017527979189905376
ENSG00000144935,0.00023080370045413232
ENSG00000236409,1.573843163359781e-05
ENSG00000172014,1.0652068787545047e-07
ENSG00000279976,1.1717275666299551e-06
ENSG00000104892,0.000155653355158002
ENSG00000250591,1.5978103181317572e-07
ENSG00000139187,3.48322649352723e-05
ENSG00000120215,2.0372081556179904e-05
ENSG00000215833,0.0
ENSG00000223281,0.0
ENSG00000274316,0.0
ENSG00000133392,0.035344815855157
ENSG00000230321,2.6630171968862618e-08
ENSG00000196778,0.0
ENSG00000273216,1.4726485098781027e-05
ENSG00000248943,0.0
ENSG00000242599,0.0
ENSG00000229781,4.260827515018019e-07
ENSG00000211778,1.4460183379092402e-05
ENSG00000276772,7.509708495219258e-06
ENSG00000176225,6.97444203864512e-05
ENSG00000129757,0.0012280503803440996
ENSG00000249684,4.873321470301859e-05
ENSG00000239228,0.0
ENSG00000243469,2.396715477197636e-07
ENSG00000235185,7.989051590658786e-08
ENSG00000142937,0.019571019353184546
ENSG00000265494,0.0
ENSG00000241174,0.0
ENSG00000165496,4.127676655173706e-06
ENSG00000231431,1.5978103181317572e-07
ENSG00000149636,0.00023005805563900417
ENSG00000281909,0.0
ENSG00000200799,2.6630171968862618e-08
ENSG00000272601,0.0001576506180556667
ENSG00000200238,0.0
ENSG00000184545,0.00042592297046998873
ENSG00000232003,0.0
ENSG00000227014,8.255353310347412e-07
ENSG00000243193,0.0
ENSG00000111665,8.364537015419748e-05
ENSG00000252920,1.7842215219137955e-06
ENSG00000253196,2.23693444538446e-05
ENSG00000262408,5.59233611346115e-07
ENSG00000261411,2.6630171968862618e-08
ENSG00000133020,3.941265451391667e-05
ENSG00000251981,1.0652068787545047e-07
ENSG00000281732,2.929318916574888e-07
ENSG00000259590,3.2488809802012393e-06
ENSG00000273210,2.8867106414247077e-05
ENSG00000216171,0.0
ENSG00000237531,2.210304273415597e-06
ENSG00000272537,2.5298663370419488e-06
ENSG00000224177,7.1901464315929065e-06
ENSG00000223039,6.284720584651578e-06
ENSG00000116017,0.00013653289168435865
ENSG00000275129,0.0
ENSG00000180008,0.00021184301801230212
ENSG00000154146,0.0042307354206932045
ENSG00000234450,3.009209432481476e-06
ENSG00000259469,5.3260343937725237e-08
ENSG00000177693,0.0
ENSG00000131196,0.00019895401477937262
ENSG00000235508,0.00011762546958646619
ENSG00000173581,0.00045154119590403455
ENSG00000275048,0.0
ENSG00000279491,1.4833005786656478e-05
ENSG00000248979,3.701593903671904e-06
ENSG00000145348,0.0001329910788124999
ENSG00000276103,5.645596457398875e-06
ENSG00000253504,0.0
ENSG00000262769,6.391241272527029e-07
ENSG00000279184,0.0
ENSG00000226802,0.0
ENSG00000258449,2.1304137575090095e-07
ENSG00000120907,1.557865060178463e-05
ENSG00000279233,5.227502757487732e-05
ENSG00000266667,2.6630171968862618e-08
ENSG00000248265,3.435292183983278e-06
ENSG00000256079,0.0
ENSG00000168944,0.0002260368996717059
ENSG00000150977,0.0003338890961455995
ENSG00000235576,4.8679954359080864e-05
ENSG00000264739,0.0
ENSG00000281181,1.6670487652508e-05
ENSG00000235410,0.0
ENSG00000279086,9.77327311257258e-06
ENSG00000252929,2.6630171968862618e-08
ENSG00000184743,0.0009857158154274498
ENSG00000277466,0.0
ENSG00000229249,0.0
ENSG00000251336,0.0
ENSG00000280169,2.396715477197636e-07
ENSG00000004799,0.012438181051668632
ENSG00000225200,3.722898041246994e-05
ENSG00000266575,0.0
ENSG00000197054,6.585641527899725e-05
ENSG00000248441,3.368716754061121e-05
ENSG00000214607,0.0
ENSG00000255823,8.6840990790461e-05
ENSG00000254889,0.0
ENSG00000185187,0.0007026104572264713
ENSG00000271774,2.9639381401344093e-05
ENSG00000280291,0.0
ENSG00000248484,0.0
ENSG00000229112,0.0
ENSG00000124107,0.005113259319741311
ENSG00000248988,6.657542992215655e-07
ENSG00000253555,0.0
ENSG00000280295,2.1304137575090095e-07
ENSG00000259158,1.2356399793552254e-05
ENSG00000236060,8.660131924274123e-05
ENSG00000200227,5.3260343937725237e-08
ENSG00000174982,0.0
ENSG00000264177,9.05425846941329e-07
ENSG00000203780,5.073047760068329e-05
ENSG00000277646,0.0
ENSG00000241168,4.793430954395272e-07
ENSG00000283475,4.6869102665198205e-06
ENSG00000276728,6.55368532153709e-05
ENSG00000262663,5.981136624206544e-05
ENSG00000275337,0.0
ENSG00000231562,2.6630171968862618e-08
ENSG00000241764,9.951695264763961e-05
ENSG00000208009,0.0
ENSG00000151835,0.00016561303947435662
ENSG00000053770,0.0001425513105493216
ENSG00000274723,1.2249879105676805e-06
ENSG00000153165,2.6630171968862618e-08
ENSG00000243141,2.1304137575090094e-06
ENSG00000273233,1.6244404901006197e-06
ENSG00000204262,0.0011736715691836822
ENSG00000129315,0.0003229707256383658
ENSG00000273001,6.452490668055413e-05
ENSG00000232153,2.6630171968862618e-08
ENSG00000236412,0.0
ENSG00000197226,0.001177186751883572
ENSG00000225438,1.0918370507233674e-06
ENSG00000248209,0.0
ENSG00000187005,7.989051590658786e-08
ENSG00000162409,0.00019799532858849356
ENSG00000230546,0.0
ENSG00000224420,0.00012747863321494536
ENSG00000207971,0.0
ENSG00000214354,0.0
ENSG00000139926,0.00041114322502727
ENSG00000248844,0.0
ENSG00000222792,0.0
ENSG00000233681,0.0
ENSG00000276566,4.351370099712152e-05
ENSG00000248734,5.584347061870491e-05
ENSG00000230922,2.1304137575090095e-07
ENSG00000252516,6.870584367966556e-06
ENSG00000236065,6.923844711904281e-07
ENSG00000261208,1.8907422097892459e-06
ENSG00000229331,1.0012944660292344e-05
ENSG00000260994,0.0
ENSG00000231855,0.0
ENSG00000179873,0.0
ENSG00000223547,0.00011195324295709844
ENSG00000200521,0.0
ENSG00000271811,1.5498760085878043e-05
ENSG00000223692,4.527129234706645e-07
ENSG00000258727,0.0003385227460681816
ENSG00000182993,1.0838479991327086e-05
ENSG00000234256,0.0
ENSG00000266019,0.0
ENSG00000105369,0.0006295372653439123
ENSG00000275001,2.6630171968862618e-08
ENSG00000136697,2.2822057377315263e-05
ENSG00000142507,0.0042082861857234526
ENSG00000269901,3.115730120356926e-06
ENSG00000196972,0.00013280466760871789
ENSG00000245904,1.4912896302563065e-06
ENSG00000227054,2.1304137575090095e-07
ENSG00000092421,0.00018175092368748736
ENSG00000132204,1.5978103181317572e-07
ENSG00000277543,8.255353310347412e-07
ENSG00000248610,3.3021413241389647e-06
ENSG00000166821,0.00020539851639583736
ENSG00000139304,2.1650329810685308e-05
ENSG00000130037,0.0003404667486219086
ENSG00000125304,0.0017202292186726186
ENSG00000225488,2.6630171968862618e-08
ENSG00000236783,0.0
ENSG00000185829,1.1530864462517514e-05
ENSG00000250710,2.396715477197636e-07
ENSG00000246820,0.0
ENSG00000202255,8.521655030036038e-07
ENSG00000279001,0.0
ENSG00000224500,0.0
ENSG00000269516,2.663017196886262e-07
ENSG00000258888,0.0
ENSG00000270698,0.0
ENSG00000243939,0.0
ENSG00000240006,2.370085305228773e-06
ENSG00000228573,1.331508598443131e-07
ENSG00000140750,0.0009986580790043171
ENSG00000274852,0.0
ENSG00000280587,1.5125937678313967e-05
ENSG00000253608,0.0
ENSG00000273253,0.0001522180629740187
ENSG00000254346,0.0
ENSG00000261269,0.0001327247770928113
ENSG00000217874,0.0
ENSG00000230638,4.53778130349419e-05
ENSG00000255268,0.0
ENSG00000131148,0.00046453671982483953
ENSG00000284098,0.0
ENSG00000235717,0.0
ENSG00000243445,2.9026887446060254e-06
ENSG00000282639,0.00010044900866654979
ENSG00000254465,0.0
ENSG00000187824,0.0001547212991390918
ENSG00000125944,0.0007340873204936669
ENSG00000214455,0.0002713880825346789
ENSG00000128159,0.0009207648259953939
ENSG00000234376,0.0
ENSG00000270773,5.858637833149776e-07
ENSG00000149541,0.0008728305164514412
ENSG00000121335,3.488552527921003e-06
ENSG00000237035,0.0
ENSG00000242611,2.8014940911243474e-05
ENSG00000268074,0.0
ENSG00000200135,2.316824961291048e-06
ENSG00000198995,0.0
ENSG00000223984,0.0
ENSG00000113492,1.0652068787545047e-07
ENSG00000248956,0.0
ENSG00000213358,0.0
ENSG00000183246,0.0
ENSG00000258416,2.929318916574888e-07
ENSG00000283673,5.3260343937725237e-08
ENSG00000132109,0.0005169182680875923
ENSG00000228078,0.0005603787087407761
ENSG00000188162,0.0
ENSG00000283972,0.0
ENSG00000207821,0.0
ENSG00000100201,0.008700130442571355
ENSG00000267409,6.391241272527029e-07
ENSG00000251996,0.0
ENSG00000179630,0.00012273846260448781
ENSG00000222448,7.882530902783334e-06
ENSG00000137675,1.1024891195109124e-05
ENSG00000048991,0.0003209734627407011
ENSG00000283078,2.1117726371308057e-05
ENSG00000151576,0.00018891443994711142
ENSG00000164627,2.6896473688551246e-06
ENSG00000102401,0.0009972466798899673
ENSG00000164199,3.347412616486031e-05
ENSG00000070018,0.00023511778831308806
ENSG00000223390,3.994525795329393e-07
ENSG00000237207,0.0
ENSG00000255315,0.0
ENSG00000248990,0.0
ENSG00000228653,4.708214404094911e-05
ENSG00000224282,5.3260343937725237e-08
ENSG00000233452,1.129119291479775e-05
ENSG00000238107,5.3260343937725237e-08
ENSG00000251490,0.0
ENSG00000180611,0.00011645374201983623
ENSG00000259481,0.0
ENSG00000272899,9.597513977578088e-05
ENSG00000222276,2.929318916574888e-07
ENSG00000205899,3.994525795329393e-07
ENSG00000236643,5.326034393772524e-07
ENSG00000232901,1.8348188486546345e-05
ENSG00000168538,0.0004495971933503076
ENSG00000207170,2.1304137575090095e-07
ENSG00000183291,0.002484808086070633
ENSG00000275238,1.331508598443131e-07
ENSG00000236505,5.3260343937725237e-08
ENSG00000261056,7.456448151281533e-07
ENSG00000229027,0.0
ENSG00000136933,0.0002769804186481401
ENSG00000198973,2.1304137575090095e-07
ENSG00000107937,0.0004360690659901254
ENSG00000225690,6.09830938086954e-06
ENSG00000229391,0.0007268172835461674
ENSG00000240201,0.0
ENSG00000162840,6.377926186542596e-05
ENSG00000260185,2.6630171968862618e-08
ENSG00000123600,0.00010196692846877496
ENSG00000250041,4.2448494118367015e-05
ENSG00000138135,0.0001778096582360957
ENSG00000275475,2.929318916574888e-07
ENSG00000196597,4.6629431117478444e-05
ENSG00000267796,0.0002708554790953017
ENSG00000199866,1.0652068787545047e-07
ENSG00000201384,0.0
ENSG00000253585,8.521655030036038e-07
ENSG00000140307,0.0007370965299261484
ENSG00000174788,0.00010830490939736427
ENSG00000253053,0.0
ENSG00000173757,0.0016328556244427804
ENSG00000272958,0.0
ENSG00000248126,9.240669673195328e-06
ENSG00000258878,7.989051590658786e-07
ENSG00000270248,1.0385767067856422e-06
ENSG00000197822,5.059732674083897e-05
ENSG00000259232,8.521655030036038e-07
ENSG00000268597,0.0
ENSG00000079432,0.0009206316751355496
ENSG00000154814,7.89318297157088e-05
ENSG00000187653,0.00028041571083212336
ENSG00000188581,0.00022862002635268557
ENSG00000202374,7.989051590658786e-08
ENSG00000128709,0.00018041941508904424
ENSG00000261440,0.0
ENSG00000137571,2.868069521046504e-05
ENSG00000010319,0.0005374235005036165
ENSG00000104412,0.0012016598799229569
ENSG00000278921,3.7495282132158564e-05
ENSG00000244094,0.00022092390665368427
ENSG00000284600,5.246143877865936e-06
ENSG00000171873,3.8507228666975345e-05
ENSG00000178233,0.00016281687141762605
ENSG00000255423,6.274068515864033e-05
ENSG00000270200,0.0
ENSG00000163877,0.0001761053272300885
ENSG00000077157,0.0017477914466603915
ENSG00000254738,0.0
ENSG00000227342,0.0
ENSG00000140798,1.3847689423808561e-06
ENSG00000101040,0.00042802675405552887
ENSG00000144554,4.9904942269648546e-05
ENSG00000175387,0.00011368420413507452
ENSG00000177728,0.0008850271352131802
ENSG00000168710,0.0019119664568484295
ENSG00000214078,0.0024168745173780647
ENSG00000223169,0.0
ENSG00000239873,2.396715477197636e-07
ENSG00000131981,0.006604682100857462
ENSG00000262662,3.994525795329393e-07
ENSG00000257164,0.0
ENSG00000215915,4.852017332726769e-05
ENSG00000227835,1.8641120378203832e-07
ENSG00000147421,0.0001381307020024904
ENSG00000196312,0.0001773036849686873
ENSG00000103047,0.0001485963595862534
ENSG00000212432,2.1304137575090095e-07
ENSG00000182700,0.0004990227925245166
ENSG00000198668,0.007049512493425343
ENSG00000200779,1.6856898856290037e-05
ENSG00000198870,4.1010464832048434e-06
ENSG00000279460,3.4619223559521404e-07
ENSG00000181852,0.00045716016218946457
ENSG00000276850,4.18892605070209e-05
ENSG00000134644,0.0008518459409399775
ENSG00000267213,1.2729222201116332e-05
ENSG00000246067,0.00010960978782383854
ENSG00000227335,5.3260343937725237e-08
ENSG00000255047,0.0
ENSG00000254964,4.820061126364134e-06
ENSG00000251226,2.8760585726371627e-06
ENSG00000261446,0.0
ENSG00000113273,0.0001249487668779034
ENSG00000187783,1.211672824583249e-05
ENSG00000276542,1.4113991143497188e-06
ENSG00000277245,7.456448151281533e-06
ENSG00000143839,3.0624697764192012e-06
ENSG00000233780,0.0
ENSG00000255224,4.468542856375147e-05
ENSG00000206592,0.0
ENSG00000172382,0.0003361792909349217
ENSG00000075275,0.00011586787823652125
ENSG00000234473,0.0
ENSG00000232252,0.0
ENSG00000254433,3.6483335597341787e-06
ENSG00000206772,1.0652068787545047e-07
ENSG00000235513,2.4073675459851806e-05
ENSG00000228142,2.6630171968862618e-08
ENSG00000204519,8.657468907077237e-05
ENSG00000226003,0.0
ENSG00000231980,0.0
ENSG00000225523,2.798831073927461e-05
ENSG00000188649,8.894477437600114e-06
ENSG00000255026,0.0003835543668675283
ENSG00000123737,0.00030472905783969495
ENSG00000248816,0.0
ENSG00000167491,0.000601469064088731
ENSG00000168894,0.001963176277544552
ENSG00000233632,5.3260343937725237e-08
ENSG00000257747,0.0
ENSG00000105971,0.0008676110027455441
ENSG00000183434,0.0
ENSG00000253660,1.8641120378203832e-07
ENSG00000212864,0.0005668232103572408
ENSG00000174429,0.000309948571545592
ENSG00000227593,0.0
ENSG00000205544,0.0015104899842458565
ENSG00000023734,0.0030827619674594743
ENSG00000226843,0.0
ENSG00000250746,2.6630171968862618e-08
ENSG00000271146,0.0
ENSG00000107929,0.00043628210736587625
ENSG00000235981,0.0
ENSG00000243333,0.0
ENSG00000243455,2.663017196886262e-07
ENSG00000267002,0.00016502717569104165
ENSG00000229320,0.00013024817109970707
ENSG00000180881,3.92528734821035e-05
ENSG00000206808,0.0
ENSG00000158286,0.00032978804966239466
ENSG00000276754,7.32329729143722e-06
ENSG00000186827,0.00013930242956912035
ENSG00000227470,8.521655030036038e-07
ENSG00000179071,1.5152567850282829e-05
ENSG00000104894,0.0010468320600959895
ENSG00000263586,2.623071938932968e-05
ENSG00000143341,0.00010582830340426004
ENSG00000280446,0.0
ENSG00000163162,0.0011796633578766763
ENSG00000187398,1.2835742888991783e-05
ENSG00000275293,2.6630171968862618e-08
ENSG00000131876,0.0007527550710438397
ENSG00000227509,1.331508598443131e-07
ENSG00000253420,0.0
ENSG00000203497,0.00011799829199403026
ENSG00000200615,0.0
ENSG00000108439,0.00025887190170931354
ENSG00000099942,0.0009370624912403378
ENSG00000237501,0.0
ENSG00000175336,2.663017196886262e-07
ENSG00000224011,2.6630171968862618e-08
ENSG00000248202,2.1304137575090095e-07
ENSG00000237836,2.6497021109018305e-05
ENSG00000173805,4.567074492659939e-05
ENSG00000157060,6.657542992215655e-07
ENSG00000242493,2.6630171968862618e-08
ENSG00000117586,3.429966149589505e-05
ENSG00000217776,0.0
ENSG00000196562,0.0008972503841468882
ENSG00000232296,0.0
ENSG00000255313,0.0
ENSG00000244083,0.0
ENSG00000256256,0.0
ENSG00000119777,0.0017692287350953258
ENSG00000226751,4.553759406675508e-06
ENSG00000253279,0.0
ENSG00000274350,0.0
ENSG00000173237,1.850796951835952e-05
ENSG00000277215,4.527129234706645e-07
ENSG00000229625,1.0652068787545047e-07
ENSG00000234466,0.0
ENSG00000250762,7.989051590658786e-08
ENSG00000114554,0.0005073846665227395
ENSG00000149968,0.0006731042266849716
ENSG00000271964,3.746865196018971e-05
ENSG00000226447,0.0
ENSG00000259723,5.3260343937725237e-08
ENSG00000124549,5.248806895062822e-05
ENSG00000243538,1.0652068787545047e-07
ENSG00000267119,1.9280244505456536e-05
ENSG00000257964,2.2635646173533225e-06
ENSG00000130600,0.0018724206514746683
ENSG00000227149,0.0
ENSG00000144362,9.21137648402958e-05
ENSG00000177669,4.793430954395272e-07
ENSG00000131467,0.0009278484517391114
ENSG00000181927,0.0
ENSG00000244226,1.0652068787545047e-07
ENSG00000226790,1.0918370507233674e-06
ENSG00000262339,0.0
ENSG00000258134,0.0
ENSG00000251636,0.0
ENSG00000249582,0.0
ENSG00000251993,0.0
ENSG00000259954,1.2249879105676805e-05
ENSG00000277194,0.0003013470259996494
ENSG00000226174,2.4766059931042233e-06
ENSG00000223942,0.0
ENSG00000264874,0.0
ENSG00000229406,0.0
ENSG00000258600,2.6630171968862618e-08
ENSG00000120659,1.057217827163846e-05
ENSG00000141506,0.00022310758075513103
ENSG00000237738,7.93579124672106e-06
ENSG00000239152,2.663017196886262e-07
ENSG00000226515,0.0
ENSG00000261879,4.3300659621370615e-05
ENSG00000203724,5.312719307788092e-05
ENSG00000007264,0.00010553537151260255
ENSG00000221410,2.663017196886262e-07
ENSG00000158122,0.00028249286424569467
ENSG00000274452,0.0
ENSG00000126767,0.0005433620288526729
ENSG00000256851,0.0
ENSG00000234576,0.0
ENSG00000015532,0.0003508258855177961
ENSG00000244568,0.0
ENSG00000225836,0.0
ENSG00000223904,0.0
ENSG00000224609,6.870584367966556e-06
ENSG00000279432,3.2222508082323766e-06
ENSG00000263237,0.0
ENSG00000132359,0.00032496798853603055
ENSG00000240974,3.994525795329393e-07
ENSG00000225142,0.0
ENSG00000197363,0.00016851572821896264
ENSG00000276650,0.0
ENSG00000227267,2.6630171968862618e-08
ENSG00000273956,2.6630171968862618e-08
ENSG00000133488,1.9440025537269713e-06
ENSG00000143367,0.0006025076407955168
ENSG00000069535,0.001378217920076516
ENSG00000101132,0.0003331967116744091
ENSG00000119638,0.0009505373582565823
ENSG00000225233,0.0
ENSG00000243104,3.7282240756407664e-07
ENSG00000275157,0.0
ENSG00000237069,0.0
ENSG00000235008,0.0
ENSG00000272502,1.8188407454733168e-05
ENSG00000179562,0.00021935272650752138
ENSG00000272273,1.2329769621583392e-05
ENSG00000213398,0.0008487035806476516
ENSG00000204406,3.5524649406462735e-05
ENSG00000279202,5.3260343937725237e-08
ENSG00000144320,0.00022699558586258494
ENSG00000248755,0.0
ENSG00000279382,0.00024379922437493728
ENSG00000254449,1.0652068787545047e-07
ENSG00000134049,0.0003972955356034614
ENSG00000081148,1.8641120378203832e-07
ENSG00000230196,3.4619223559521404e-07
ENSG00000281097,4.2874576869868815e-06
ENSG00000229622,0.0
ENSG00000178171,1.7735694531262504e-05
ENSG00000132481,0.0013327069561817296
ENSG00000158470,0.0010012678358572655
ENSG00000201511,0.0
ENSG00000263528,0.00015450825776334092
ENSG00000253416,0.0
ENSG00000161609,9.853163628479168e-06
ENSG00000225570,0.0
ENSG00000271503,0.0012687679132844906
ENSG00000259388,0.0
ENSG00000275877,0.0
ENSG00000222426,0.0
ENSG00000184617,2.6630171968862618e-08
ENSG00000179044,8.809260887299754e-05
ENSG00000212366,0.0
ENSG00000253678,5.3526645657413865e-06
ENSG00000176101,0.0022484653098469773
ENSG00000088386,8.737359422983825e-05
ENSG00000279954,1.1717275666299551e-06
ENSG00000204434,3.4619223559521404e-07
ENSG00000267182,0.0
ENSG00000100412,0.002694920142904959
ENSG00000253995,0.0
ENSG00000245526,3.1583383955071065e-05
ENSG00000267209,0.0
ENSG00000134020,0.0009966075557627145
ENSG00000255568,1.1344453258735475e-05
ENSG00000112640,0.0011589983444288388
ENSG00000250678,3.7282240756407664e-07
ENSG00000238025,1.331508598443131e-07
ENSG00000239195,7.989051590658786e-07
ENSG00000021300,0.0015424195604365229
ENSG00000251835,0.0
ENSG00000273327,1.331508598443131e-07
ENSG00000177993,5.3260343937725237e-08
ENSG00000198736,0.0019103952767022664
ENSG00000120436,0.0
ENSG00000230725,8.521655030036038e-07
ENSG00000212989,0.0
ENSG00000111783,3.366053736864235e-05
ENSG00000111737,0.0009138143511115207
ENSG00000252210,2.663017196886262e-07
ENSG00000255951,0.0
ENSG00000277572,1.5445499741940318e-06
ENSG00000223584,0.0
ENSG00000253756,0.0
ENSG00000279895,0.0
ENSG00000188765,2.0212300524366727e-05
ENSG00000139151,2.1304137575090095e-07
ENSG00000106344,0.0001513126371270774
ENSG00000231944,0.0
ENSG00000222579,7.989051590658786e-08
ENSG00000238728,0.0
ENSG00000226488,0.0
ENSG00000240253,2.023893069633559e-06
ENSG00000155761,1.4087360971528326e-05
ENSG00000113712,0.0016508842508657002
ENSG00000215237,1.2622701513240881e-05
ENSG00000241635,8.814586921693527e-06
ENSG00000222601,2.1304137575090095e-07
ENSG00000235547,0.0
ENSG00000271134,3.4619223559521404e-07
ENSG00000125877,0.0009420157032265463
ENSG00000236091,0.0
ENSG00000242009,0.0
ENSG00000115165,0.0007209852758849866
ENSG00000278819,0.0
ENSG00000157064,0.00019746272514911632
ENSG00000236764,5.3260343937725237e-08
ENSG00000261051,5.1635903447624617e-05
ENSG00000274209,1.0119465348167795e-06
ENSG00000120509,0.0008774109060300855
ENSG00000207123,0.0
ENSG00000222012,2.6630171968862618e-08
ENSG00000186166,0.0006576054665990935
ENSG00000065361,0.0004159632861536341
ENSG00000274385,0.0
ENSG00000207255,0.0
ENSG00000273899,0.00040871987937810347
ENSG00000229519,1.0652068787545047e-06
ENSG00000278041,1.7762324703231368e-05
ENSG00000235481,1.2782482545054057e-06
ENSG00000242441,6.636238854640565e-05
ENSG00000253241,1.5179198022251693e-06
ENSG00000133216,3.413988046408188e-05
ENSG00000233882,0.0
ENSG00000200593,0.0
ENSG00000168661,7.738727974151477e-05
ENSG00000206043,0.0
ENSG00000134283,0.00025868549050553146
ENSG00000116161,0.0008492361840870289
ENSG00000112759,0.0023626554872494604
ENSG00000205500,0.0
ENSG00000279672,0.00016460109293953983
ENSG00000223855,4.8759844874987454e-05
ENSG00000215529,1.4380292863185813e-06
ENSG00000163328,0.00019133778559627792
ENSG00000200091,1.4912896302563065e-06
ENSG00000212527,0.0
ENSG00000271833,8.518992012839152e-05
ENSG00000110429,0.00026979027221654716
ENSG00000246022,3.44061821837705e-05
ENSG00000227890,7.989051590658786e-08
ENSG00000165591,8.81192390449664e-05
ENSG00000130997,1.6537336792663685e-05
ENSG00000265916,2.6630171968862618e-08
ENSG00000283376,1.0385767067856422e-06
ENSG00000229759,2.889373658621594e-05
ENSG00000226023,0.0
ENSG00000211972,4.49517302834401e-05
ENSG00000227709,1.0652068787545047e-07
ENSG00000175198,0.00022111031785746632
ENSG00000227705,2.6630171968862618e-08
ENSG00000271155,4.074416311235981e-06
ENSG00000236960,0.0
ENSG00000188483,0.0004894093004437572
ENSG00000147872,0.0028000826920099977
ENSG00000234814,2.998557363693931e-05
ENSG00000239579,5.3260343937725237e-08
ENSG00000099904,0.0006378991393421352
ENSG00000145996,0.0001364263709964832
ENSG00000272115,4.234197343049156e-06
ENSG00000240671,8.138180553684416e-05
ENSG00000245970,0.00014779745442718752
ENSG00000178078,0.0004592373156030359
ENSG00000145723,7.610903148700936e-05
ENSG00000277171,0.0
ENSG00000048707,0.000402994392404798
ENSG00000237758,2.6896473688551246e-06
ENSG00000236500,1.8641120378203832e-07
ENSG00000140025,1.2063467901894767e-05
ENSG00000199705,0.0
ENSG00000252906,5.059732674083898e-07
ENSG00000269993,6.923844711904281e-07
ENSG00000155561,0.00043260714363417324
ENSG00000035115,0.00016401522915622486
ENSG00000211881,1.8641120378203832e-06
ENSG00000115896,0.00016816953598336744
ENSG00000249835,5.3260343937725237e-08
ENSG00000230154,0.0
ENSG00000255082,0.0
ENSG00000005156,0.0002414291390697085
ENSG00000224315,0.0
ENSG00000205795,0.00022491843244901367
ENSG00000109270,0.0004553493104955819
ENSG00000276124,0.0
ENSG00000164975,0.0003325309573751875
ENSG00000122565,0.0013360090975058686
ENSG00000140678,0.0009189007139575735
ENSG00000177951,0.0009637459235531382
ENSG00000279045,0.0
ENSG00000276993,0.0
ENSG00000146374,0.00026755333777116273
ENSG00000253195,0.0
ENSG00000222327,0.0
ENSG00000103449,0.00016223100763431108
ENSG00000185013,7.989051590658786e-07
ENSG00000265777,0.0
ENSG00000234597,0.0
ENSG00000259231,0.0
ENSG00000174996,0.0006520131304856324
ENSG00000257790,1.0652068787545047e-07
ENSG00000226627,2.6630171968862618e-08
ENSG00000246174,1.7362872123698428e-05
ENSG00000241129,4.527129234706645e-07
ENSG00000254344,0.0
ENSG00000279359,1.5978103181317572e-07
ENSG00000215846,0.0
ENSG00000236335,0.0
ENSG00000199672,2.929318916574888e-07
ENSG00000096093,9.88778285203869e-05
ENSG00000249960,0.0
ENSG00000231504,0.0
ENSG00000150722,8.787956749724665e-06
ENSG00000270240,7.829270558845609e-06
ENSG00000238074,0.0
ENSG00000082641,0.004747467277577014
ENSG00000202111,2.929318916574888e-07
ENSG00000228708,0.0
ENSG00000168310,0.0007092946303906559
ENSG00000229052,2.1304137575090095e-07
ENSG00000170775,0.00013440247792684964
ENSG00000164091,0.0015975173862400997
ENSG00000215871,0.0
ENSG00000250884,1.4380292863185813e-06
ENSG00000262445,1.5978103181317572e-07
ENSG00000134453,0.001052956999648828
ENSG00000238273,1.0279246379980971e-05
ENSG00000283764,2.1304137575090095e-07
ENSG00000238145,5.3260343937725237e-08
ENSG00000274930,0.0
ENSG00000276535,0.0
ENSG00000252546,5.3260343937725237e-08
ENSG00000084444,0.00012076782987879198
ENSG00000259103,0.0
ENSG00000238200,0.0
ENSG00000274128,1.2143358417801354e-05
ENSG00000281106,1.2462920481427705e-05
ENSG00000140600,0.00010726633269057863
ENSG00000234026,1.6510706620694824e-06
ENSG00000271100,0.0
ENSG00000142330,0.0003687213610808718
ENSG00000258968,1.5978103181317572e-07
ENSG00000223838,2.396715477197636e-07
ENSG00000104915,0.001392571582767733
ENSG00000076650,0.00019187038903565516
ENSG00000170482,1.2169988589770216e-05
ENSG00000134056,0.0007019979632711875
ENSG00000198753,0.00038805486593026606
ENSG00000223973,0.0
ENSG00000259961,2.449975821135361e-06
ENSG00000254290,2.7695378847617123e-06
ENSG00000282317,1.0652068787545047e-07
ENSG00000160951,1.1956947214019316e-05
ENSG00000092377,1.0439027411794146e-05
ENSG00000277797,0.0
ENSG00000266634,2.396715477197636e-07
ENSG00000127124,5.72016093891169e-05
ENSG00000255388,0.0
ENSG00000258952,9.320560189101916e-07
ENSG00000275774,0.0
ENSG00000260963,5.858637833149776e-07
ENSG00000257128,0.0
ENSG00000278899,1.3181935124586995e-05
ENSG00000231460,0.0
ENSG00000259767,6.737433508122242e-06
ENSG00000273341,2.663017196886262e-06
ENSG00000266166,0.0
ENSG00000225294,7.989051590658786e-08
ENSG00000230292,0.0
ENSG00000278175,3.435292183983278e-06
ENSG00000151503,0.0001477441940832498
ENSG00000264954,3.994525795329393e-07
ENSG00000169688,8.521655030036038e-07
ENSG00000240524,4.793430954395272e-07
ENSG00000102531,0.0005367577462043949
ENSG00000279933,8.894477437600114e-05
ENSG00000163006,1.9679697084989476e-05
ENSG00000236762,2.929318916574888e-07
ENSG00000259755,3.1956206362635143e-07
ENSG00000253483,1.331508598443131e-06
ENSG00000262259,0.0
ENSG00000196074,3.541812871858728e-05
ENSG00000077782,0.0015363212510556533
ENSG00000224071,0.0
ENSG00000163705,2.929318916574888e-07
ENSG00000273932,0.0
ENSG00000269037,7.989051590658786e-08
ENSG00000215909,0.0
ENSG00000226701,5.3260343937725237e-08
ENSG00000122390,0.0006160357681556989
ENSG00000239880,0.0
ENSG00000170276,0.0005715367507957295
ENSG00000248493,2.6630171968862618e-08
ENSG00000138134,7.088951778111229e-05
ENSG00000016402,9.094203727366584e-05
ENSG00000233719,0.0
ENSG00000103042,0.00019165734765990425
ENSG00000173769,0.0
ENSG00000239580,0.0
ENSG00000223956,2.396715477197636e-07
ENSG00000227795,7.989051590658786e-08
ENSG00000223920,0.0
ENSG00000112599,4.646965008566527e-05
ENSG00000112159,0.0002486192855013014
ENSG00000271379,0.0
ENSG00000264475,0.0
ENSG00000140995,0.0007289210671317076
ENSG00000241358,0.0
ENSG00000168631,1.42471420033415e-05
ENSG00000267573,0.0
ENSG00000252126,1.8641120378203832e-07
ENSG00000254477,7.4830783232503954e-06
ENSG00000246089,3.7575172648065154e-05
ENSG00000248259,0.0
ENSG00000164180,0.00010697340079892113
ENSG00000284138,1.3767798907901973e-05
ENSG00000233220,0.0
ENSG00000136099,2.5245403026481762e-05
ENSG00000176978,0.0029658555125161674
ENSG00000252355,2.5351923714357213e-05
ENSG00000235434,7.509708495219258e-06
ENSG00000119862,0.0005507652166600167
ENSG00000283717,4.527129234706645e-07
ENSG00000172890,0.000494868485697374
ENSG00000261783,1.6404185932819374e-05
ENSG00000213145,0.002537242894677324
ENSG00000237987,3.7282240756407664e-07
ENSG00000131400,4.585715613038143e-05
ENSG00000203644,0.00021149682577670692
ENSG00000199446,0.0
ENSG00000257472,0.0
ENSG00000213073,8.503013909657834e-05
ENSG00000212144,5.3260343937725237e-08
ENSG00000260163,5.3260343937725237e-08
ENSG00000242729,0.0
ENSG00000231686,3.4619223559521404e-07
ENSG00000244244,0.0
ENSG00000206672,2.6630171968862618e-08
ENSG00000228889,1.2569441169303156e-05
ENSG00000251516,0.0
ENSG00000224955,0.0
ENSG00000252348,0.0
ENSG00000271204,1.11846722269223e-06
ENSG00000171431,0.0006601885932800732
ENSG00000280432,1.8641120378203832e-07
ENSG00000243049,0.0
ENSG00000167699,0.0008016214366067025
ENSG00000255492,7.989051590658786e-08
ENSG00000284095,1.5978103181317572e-07
ENSG00000250886,0.0
ENSG00000130707,0.002010897545712754
ENSG00000258737,0.0
ENSG00000244437,0.0010941805058566274
ENSG00000269986,5.1662533619593475e-06
ENSG00000227311,1.331508598443131e-07
ENSG00000261334,2.6630171968862618e-08
ENSG00000263382,0.0
ENSG00000172487,0.0
ENSG00000251005,0.0
ENSG00000236878,2.929318916574888e-06
ENSG00000283528,0.0
ENSG00000176105,0.0004404630443649877
ENSG00000145824,0.004976726428056953
ENSG00000243650,5.160927327565575e-05
ENSG00000266782,0.0
ENSG00000242456,0.0
ENSG00000229660,1.9972628976646963e-06
ENSG00000184574,0.00010098161210592705
ENSG00000270372,2.6630171968862618e-08
ENSG00000272020,2.6630171968862618e-08
ENSG00000274632,1.331508598443131e-07
ENSG00000243729,0.0
ENSG00000181619,5.0410915537056934e-05
ENSG00000278763,1.2249879105676805e-06
ENSG00000231341,0.0
ENSG00000207356,0.0
ENSG00000254275,2.6630171968862618e-08
ENSG00000198908,6.921181694707394e-05
ENSG00000175826,0.0038735715542468187
ENSG00000259516,0.0
ENSG00000149201,1.8987312613799047e-05
ENSG00000238082,4.127676655173706e-06
ENSG00000183508,0.0002076620810131907
ENSG00000238735,0.0
ENSG00000163902,0.0021831414980073576
ENSG00000120533,0.0007609571640102493
ENSG00000256379,2.396715477197636e-07
ENSG00000196792,0.0004358826547863433
ENSG00000227411,0.0
ENSG00000255113,0.0
ENSG00000258501,0.0
ENSG00000185024,0.00028707325382433904
ENSG00000249770,0.0
ENSG00000227337,2.396715477197636e-07
ENSG00000235492,0.0
ENSG00000273679,0.0
ENSG00000182621,6.71080333615338e-05
ENSG00000183833,9.712023717044197e-05
ENSG00000241185,0.0
ENSG00000227370,6.902540574329191e-05
ENSG00000182247,0.00045098196229268844
ENSG00000267378,0.0
ENSG00000249106,2.4233456491664984e-06
ENSG00000134874,0.000198687713059684
ENSG00000253538,0.0
ENSG00000225396,0.0
ENSG00000278007,0.0
ENSG00000214549,0.0
ENSG00000235166,0.0
ENSG00000228927,0.0
ENSG00000231302,5.3260343937725237e-08
ENSG00000253855,5.3260343937725237e-08
ENSG00000240992,0.0
ENSG00000232529,0.0
ENSG00000135720,0.001815538604149178
ENSG00000254031,0.0
ENSG00000252290,2.6630171968862618e-08
ENSG00000260518,7.190146431592907e-07
ENSG00000259068,0.0
ENSG00000252367,1.0652068787545047e-07
ENSG00000249753,1.0652068787545047e-07
ENSG00000233713,0.0
ENSG00000234099,0.0
ENSG00000165923,1.158412480645524e-05
ENSG00000100109,0.0004310359634880103
ENSG00000171560,1.4619964410905577e-05
ENSG00000205209,3.701593903671904e-06
ENSG00000232594,0.0
ENSG00000006468,0.00014588008204542943
ENSG00000134575,0.0005907637349572483
ENSG00000152760,3.621703387765316e-05
ENSG00000223777,2.6630171968862618e-08
ENSG00000255119,1.5978103181317572e-07
ENSG00000254066,0.0
ENSG00000207012,0.0
ENSG00000235861,0.0
ENSG00000183850,5.059732674083898e-07
ENSG00000277610,5.4591852536168364e-06
ENSG00000200834,1.5978103181317572e-07
ENSG00000269400,3.1956206362635143e-07
ENSG00000143416,0.004164426292490736
ENSG00000253577,0.0
ENSG00000241233,2.7216035752177594e-05
ENSG00000131748,0.001064967207206785
ENSG00000146872,0.00032936196691089284
ENSG00000240286,0.0
ENSG00000227254,0.0
ENSG00000235820,2.6630171968862618e-08
ENSG00000267058,5.147612241581144e-05
ENSG00000214405,0.0
ENSG00000261789,0.0
ENSG00000267882,2.1304137575090095e-07
ENSG00000259791,1.331508598443131e-07
ENSG00000108064,0.00024201500285302347
ENSG00000105679,3.142360292325789e-06
ENSG00000263733,0.0
ENSG00000275580,6.252764378288943e-05
ENSG00000253731,3.360727702470463e-05
ENSG00000155508,0.001039748434352272
ENSG00000237640,2.396715477197636e-07
ENSG00000283203,0.0
ENSG00000238001,2.6630171968862618e-08
ENSG00000216676,0.0
ENSG00000280183,4.527129234706645e-07
ENSG00000225850,1.810851693882658e-06
ENSG00000226250,0.0
ENSG00000133119,0.00016508043603497938
ENSG00000171984,0.00010140769485742885
ENSG00000259609,0.0
ENSG00000234884,5.326034393772524e-07
ENSG00000250868,0.0
ENSG00000229163,1.8641120378203832e-07
ENSG00000167434,0.0007150201173639613
ENSG00000005206,0.000779225461980889
ENSG00000144567,0.0011387061533885655
ENSG00000174456,0.00015575987584587746
ENSG00000270323,0.0
ENSG00000184845,3.539149854661842e-05
ENSG00000132286,0.0006778443972954291
ENSG00000255537,2.929318916574888e-07
ENSG00000131378,0.0008679838251531082
ENSG00000264497,2.6630171968862618e-08
ENSG00000167895,0.0003498671993269171
ENSG00000175575,0.00020300180091863975
ENSG00000281100,1.1158042054953436e-05
ENSG00000214760,2.6630171968862618e-08
ENSG00000251191,2.1304137575090095e-07
ENSG00000224975,0.00015261751555355167
ENSG00000136011,8.574915373973763e-06
ENSG00000165623,2.929318916574888e-07
ENSG00000114113,6.391241272527029e-07
ENSG00000274475,1.4113991143497188e-06
ENSG00000264808,4.260827515018019e-07
ENSG00000167680,0.00047087470075342884
ENSG00000238650,4.527129234706645e-07
ENSG00000201550,2.6630171968862618e-08
ENSG00000130595,0.007743255103386183
ENSG00000183385,0.0
ENSG00000071994,0.00035407476649799736
ENSG00000196866,0.00010681361976710796
ENSG00000283459,0.0
ENSG00000265766,7.989051590658786e-08
ENSG00000173846,0.0005253600326017218
ENSG00000201794,0.0
ENSG00000205916,0.0
ENSG00000213237,1.0652068787545047e-07
ENSG00000242583,6.657542992215655e-07
ENSG00000277324,5.6988568013366e-06
ENSG00000266676,2.6630171968862618e-08
ENSG00000252501,0.0
ENSG00000207294,5.3260343937725237e-08
ENSG00000218582,3.275511152170102e-06
ENSG00000280182,0.0
ENSG00000241549,1.1211302398891162e-05
ENSG00000279711,0.0
ENSG00000228123,0.0
ENSG00000203435,4.793430954395272e-07
ENSG00000240990,0.00011727927735087097
ENSG00000144655,0.0019826961935977285
ENSG00000240205,0.0
ENSG00000262652,1.760254367141819e-05
ENSG00000153485,0.00041947846885352397
ENSG00000224879,0.0
ENSG00000117000,0.0003527166277275854
ENSG00000218107,0.0
ENSG00000254064,4.49517302834401e-05
ENSG00000143954,4.260827515018019e-06
ENSG00000204179,2.5298663370419486e-05
ENSG00000196976,0.0005727351085343283
ENSG00000169783,0.000151392527642984
ENSG00000219186,2.4233456491664984e-06
ENSG00000243025,0.0
ENSG00000275812,6.657542992215655e-07
ENSG00000258834,0.0
ENSG00000216802,1.331508598443131e-07
ENSG00000243844,0.0
ENSG00000255517,4.633649922582096e-05
ENSG00000220771,1.0652068787545047e-07
ENSG00000265593,0.0
ENSG00000188660,0.0
ENSG00000138617,0.00020712947757381344
ENSG00000248555,0.0
ENSG00000257643,7.989051590658786e-08
ENSG00000218890,0.0
ENSG00000189308,9.520286478868386e-05
ENSG00000256294,4.820061126364134e-05
ENSG00000252352,0.0
ENSG00000230968,0.0
ENSG00000214711,0.00029319819337717744
ENSG00000167395,0.0001793808383822586
ENSG00000203650,7.456448151281533e-07
ENSG00000119599,0.00018095201852842148
ENSG00000217041,0.0
ENSG00000147655,5.216850688700187e-05
ENSG00000174963,6.726781439334697e-05
ENSG00000187266,0.0007451654720327138
ENSG00000271564,0.0
ENSG00000180185,0.0003482693890087853
ENSG00000084234,0.006846377541646859
ENSG00000259453,6.657542992215655e-07
ENSG00000170522,0.00013887634681761856
ENSG00000281357,3.4619223559521406e-06
ENSG00000224547,0.0
ENSG00000279889,0.0
ENSG00000106610,0.00022393311608616574
ENSG00000228955,6.124939552838403e-07
ENSG00000212205,6.124939552838403e-07
ENSG00000206866,0.0
ENSG00000259222,1.1450973946610926e-06
ENSG00000177447,0.0
ENSG00000283602,1.3741168735933111e-05
ENSG00000258471,9.05425846941329e-07
ENSG00000112218,2.3727483224256594e-05
ENSG00000137656,0.00046022263196588374
ENSG00000230479,1.0545548099669597e-05
ENSG00000234367,8.255353310347412e-07
ENSG00000144645,7.493730392037941e-05
ENSG00000107537,0.0012258933364146217
ENSG00000265400,0.0
ENSG00000256304,1.7016679888103212e-05
ENSG00000183010,0.0002374346132743791
ENSG00000107758,0.0009843843068290067
ENSG00000162591,0.0007716358629697633
ENSG00000283675,0.0
ENSG00000223224,5.3260343937725237e-08
ENSG00000251579,2.6630171968862618e-08
ENSG00000255377,0.0
ENSG00000142444,0.0003457128924997745
ENSG00000278527,0.00023794058654178749
ENSG00000243279,0.0006717727180865284
ENSG00000260907,3.7282240756407664e-07
ENSG00000132394,0.0005232828791881505
ENSG00000167850,7.991714607855672e-05
ENSG00000204305,0.000621841145644911
ENSG00000254261,0.0
ENSG00000221641,0.0
ENSG00000251788,5.3260343937725237e-08
ENSG00000280351,1.3261825640493584e-05
ENSG00000203864,0.0
ENSG00000202412,2.6630171968862618e-08
ENSG00000176299,0.0
ENSG00000254251,2.3727483224256594e-05
ENSG00000140931,0.000603040244234894
ENSG00000079482,0.00010508265858913189
ENSG00000237806,0.0
ENSG00000231817,1.7575913499449328e-06
ENSG00000088256,0.0014566437765248163
ENSG00000197734,2.1304137575090095e-07
ENSG00000236604,0.0
ENSG00000226138,2.6630171968862618e-08
ENSG00000258854,0.0
ENSG00000268455,0.0
ENSG00000201243,0.0
ENSG00000272081,8.44176451412945e-06
ENSG00000200281,2.6630171968862618e-08
ENSG00000106263,0.002833929640582422
ENSG00000254593,3.142360292325789e-06
ENSG00000283574,0.0
ENSG00000235601,7.456448151281533e-07
ENSG00000251889,0.0
ENSG00000265595,0.0
ENSG00000279283,1.6510706620694825e-05
ENSG00000253373,1.3048784264742682e-06
ENSG00000188636,0.0003833413254917774
ENSG00000168646,0.0002769005281322335
ENSG00000271955,0.0
ENSG00000280275,0.0
ENSG00000277459,2.969264174528182e-05
ENSG00000248998,0.0
ENSG00000083099,0.00020617079138293438
ENSG00000236641,2.316824961291048e-06
ENSG00000267809,3.2994783069420786e-05
ENSG00000072786,0.0005015260286895897
ENSG00000280247,7.989051590658786e-08
ENSG00000177084,0.0003033442888973141
ENSG00000136378,0.00020127083974066367
ENSG00000178401,3.573769078221364e-05
ENSG00000279690,6.737433508122242e-06
ENSG00000149346,6.340643945786189e-05
ENSG00000271366,1.1450973946610926e-06
ENSG00000260192,0.0
ENSG00000253766,2.955949088543751e-06
ENSG00000204250,0.0
ENSG00000148826,9.658763373106471e-05
ENSG00000137312,0.005451915216669337
ENSG00000104131,0.0012210466451162887
ENSG00000141480,0.002333042736020085
ENSG00000232050,0.0
ENSG00000255452,0.0
ENSG00000232596,0.0
ENSG00000137166,0.0005517505330228646
ENSG00000215835,2.929318916574888e-07
ENSG00000278455,0.0
ENSG00000152404,0.000284756428863048
ENSG00000207177,2.6630171968862618e-08
ENSG00000283873,0.0
ENSG00000222287,1.5978103181317572e-07
ENSG00000227487,2.47926901030111e-05
ENSG00000258010,1.0385767067856422e-06
ENSG00000265015,1.8907422097892459e-06
ENSG00000250114,0.0
ENSG00000279353,2.6710062484769207e-05
ENSG00000049449,0.0007801308878278304
ENSG00000248926,0.0
ENSG00000232416,0.0
ENSG00000274445,0.0
ENSG00000248243,9.320560189101916e-07
ENSG00000248547,0.0
ENSG00000279011,0.0
ENSG00000257335,0.00015232458366189417
ENSG00000167941,0.0002412160976939576
ENSG00000283583,1.0652068787545047e-07
ENSG00000279649,0.00012196618761739078
ENSG00000251407,0.0
ENSG00000227888,3.435292183983278e-06
ENSG00000232661,0.0
ENSG00000015285,0.0009011916495982799
ENSG00000142669,0.0052933858029386984
ENSG00000273702,8.471057703295199e-05
ENSG00000196616,0.007289503603208733
ENSG00000248302,0.0
ENSG00000146904,0.00024771385965436006
ENSG00000132906,0.00023554387106458985
ENSG00000252779,5.3260343937725237e-08
ENSG00000223273,5.3260343937725237e-08
ENSG00000236548,3.9146352794228045e-06
ENSG00000237770,0.0
ENSG00000254837,9.95968431635462e-05
ENSG00000237520,3.1956206362635143e-06
ENSG00000230559,0.0
ENSG00000227550,4.260827515018019e-07
ENSG00000279929,0.0
ENSG00000141434,4.447238718800057e-06
ENSG00000253762,1.8374818658515207e-06
ENSG00000105246,0.00035138511912914227
ENSG00000270762,0.0
ENSG00000254103,0.0
ENSG00000270620,2.396715477197636e-07
ENSG00000258511,5.059732674083898e-07
ENSG00000224662,0.0
ENSG00000207462,0.0
ENSG00000215957,0.0
ENSG00000183617,0.0010486162816179033
ENSG00000101276,3.826755711925558e-05
ENSG00000278000,5.259458963850367e-05
ENSG00000227500,0.0009267033543444502
ENSG00000183668,5.3260343937725237e-08
ENSG00000170683,2.6630171968862618e-08
ENSG00000223431,2.3434551332599102e-06
ENSG00000132704,2.0212300524366727e-05
ENSG00000231964,0.00010779893612995587
ENSG00000234492,0.0
ENSG00000235919,0.00010135443451349112
ENSG00000125651,0.0014284690545817596
ENSG00000237719,1.7682434187324777e-05
ENSG00000238121,1.2356399793552254e-05
ENSG00000237850,0.0
ENSG00000225280,5.3260343937725237e-08
ENSG00000261363,2.663017196886262e-07
ENSG00000152642,0.0012573435695098485
ENSG00000254933,7.163516259624045e-06
ENSG00000186765,3.153012361113334e-05
ENSG00000225639,1.5978103181317572e-07
ENSG00000241829,1.0652068787545047e-07
ENSG00000282924,0.0
ENSG00000172640,2.183674101446735e-06
ENSG00000233417,2.6630171968862618e-08
ENSG00000256650,8.841217093662388e-06
ENSG00000170231,4.966527072192878e-05
ENSG00000172869,0.00020412026814133196
ENSG00000228234,0.0
ENSG00000260278,0.0
ENSG00000213979,0.0
ENSG00000212051,0.0
ENSG00000206738,5.3260343937725237e-08
ENSG00000064012,0.00017394828330061061
ENSG00000128595,0.0025712762544535302
ENSG00000229213,0.0
ENSG00000267440,1.2249879105676805e-06
ENSG00000236999,0.0
ENSG00000265415,6.529718166765115e-05
ENSG00000253308,5.3260343937725237e-08
ENSG00000186897,6.391241272527029e-06
ENSG00000233082,2.6630171968862618e-08
ENSG00000206026,0.0
ENSG00000227602,0.0
ENSG00000231296,2.663017196886262e-07
ENSG00000260096,3.1956206362635143e-07
ENSG00000213863,0.0
ENSG00000236082,2.6630171968862618e-08
ENSG00000251314,7.989051590658786e-08
ENSG00000070808,0.0007021311141310318
ENSG00000188120,0.0
ENSG00000234617,8.319265723072682e-05
ENSG00000110696,0.002074490396374398
ENSG00000199913,0.0
ENSG00000255211,0.0
ENSG00000160182,0.00013048784264742684
ENSG00000212232,2.4446497867415883e-05
ENSG00000201701,0.0
ENSG00000225404,2.6630171968862618e-08
ENSG00000236658,1.331508598443131e-07
ENSG00000113100,7.855900730814473e-06
ENSG00000271313,0.0
ENSG00000229238,5.3260343937725237e-08
ENSG00000223495,5.3260343937725237e-08
ENSG00000255410,0.0
ENSG00000196367,0.0003075252258964255
ENSG00000237186,0.0
ENSG00000156860,0.001163205911599919
ENSG00000257256,2.663017196886262e-07
ENSG00000186970,0.0
ENSG00000200419,2.663017196886262e-07
ENSG00000271712,0.0
ENSG00000206910,2.838776331880755e-05
ENSG00000101230,0.0005666101689814899
ENSG00000248551,4.527129234706645e-07
ENSG00000252129,7.989051590658786e-07
ENSG00000232859,0.00038158373414183246
ENSG00000173698,3.1317082235382436e-05
ENSG00000136859,0.001341787844823112
ENSG00000237972,1.5978103181317572e-07
ENSG00000172201,0.0031332794036844067
ENSG00000130066,0.009430942251912851
ENSG00000267599,0.0
ENSG00000206961,5.3260343937725237e-08
ENSG00000187957,0.0002873928158879654
ENSG00000183431,0.0007924872876213827
ENSG00000108984,0.0001134179024153859
ENSG00000151332,0.0003608654603500573
ENSG00000224458,0.0
ENSG00000252506,7.989051590658786e-08
ENSG00000168781,0.00015791691977535532
ENSG00000269113,0.0001506735129998247
ENSG00000236875,0.0
ENSG00000255628,0.0
ENSG00000261115,7.115581950080091e-05
ENSG00000258923,0.0
ENSG00000224674,0.0
ENSG00000211816,3.834744763516217e-06
ENSG00000272569,0.0
ENSG00000238363,1.587158249344212e-05
ENSG00000099256,0.00018872802874332937
ENSG00000234118,1.4912896302563065e-06
ENSG00000185666,4.47386889076892e-06
ENSG00000280164,0.0
ENSG00000229722,0.0
ENSG00000268182,1.904057295773677e-05
ENSG00000216001,0.0
ENSG00000219368,0.0
ENSG00000255055,0.0
ENSG00000240577,0.0
ENSG00000232333,1.3847689423808561e-06
ENSG00000221340,1.2356399793552254e-05
ENSG00000234040,6.471131788433616e-06
ENSG00000253319,0.0
ENSG00000253290,3.941265451391667e-06
ENSG00000264007,1.3847689423808562e-05
ENSG00000260139,1.5791691977535532e-05
ENSG00000184084,8.787956749724664e-07
ENSG00000270706,1.5978103181317572e-06
ENSG00000176896,2.6576911624924892e-05
ENSG00000278599,1.5711801461628945e-06
ENSG00000137309,0.0025491732117193743
ENSG00000105497,9.325886223495689e-05
ENSG00000249727,0.0
ENSG00000250829,2.23693444538446e-06
ENSG00000100055,0.0007678543785501847
ENSG00000119403,0.00036137143361746575
ENSG00000231234,4.585715613038143e-05
ENSG00000170935,1.0652068787545047e-07
ENSG00000179886,9.77327311257258e-05
ENSG00000245556,0.00017498686000739627
ENSG00000240868,2.6630171968862618e-08
ENSG00000263485,0.0
ENSG00000256248,2.5831266809796738e-06
ENSG00000154165,0.00018252319867458438
ENSG00000185246,0.0007997306943969132
ENSG00000171444,0.00018119169007614126
ENSG00000214796,2.8494284006683e-06
ENSG00000270001,3.075784862403632e-05
ENSG00000170248,0.0011683455347899097
ENSG00000200869,2.6630171968862618e-08
ENSG00000128294,0.0003287761031275779
ENSG00000012779,0.0010553537151260256
ENSG00000276121,1.331508598443131e-07
ENSG00000213601,0.0
ENSG00000189375,5.3260343937725237e-08
ENSG00000259876,2.663017196886262e-07
ENSG00000136824,0.00014976808715288337
ENSG00000175841,3.1956206362635143e-07
ENSG00000258467,2.6630171968862618e-08
ENSG00000280201,0.0
ENSG00000165819,0.000985502774051699
ENSG00000227258,2.0771534135712844e-06
ENSG00000256381,2.6630171968862618e-08
ENSG00000244378,0.0
ENSG00000125166,0.002851931636833373
ENSG00000124399,1.331508598443131e-07
ENSG00000110104,0.0005763568119220937
ENSG00000270791,2.1304137575090095e-07
ENSG00000104755,1.5978103181317572e-07
ENSG00000224769,7.475089271659737e-05
ENSG00000166664,5.059732674083898e-07
ENSG00000198075,8.702740199424303e-05
ENSG00000276457,0.0
ENSG00000072958,0.0002530132638761637
ENSG00000252833,0.0
ENSG00000247763,0.0
ENSG00000105568,0.0024264347491148863
ENSG00000124490,1.4939526474531929e-05
ENSG00000253691,9.586861908790543e-07
ENSG00000203883,0.000851153556468787
ENSG00000234177,4.047786139267118e-06
ENSG00000261811,0.0
ENSG00000280224,2.6630171968862618e-08
ENSG00000106006,4.239523377442929e-05
ENSG00000235297,4.172947947520772e-05
ENSG00000201085,0.0
ENSG00000253880,5.3260343937725237e-08
ENSG00000257403,4.820061126364134e-06
ENSG00000202332,0.0
ENSG00000155506,0.0013864200130429257
ENSG00000088888,0.0006666597250685068
ENSG00000249200,0.0
ENSG00000214124,6.923844711904281e-07
ENSG00000244161,7.06764764053614e-05
ENSG00000228319,0.0
ENSG00000233048,0.0
ENSG00000262352,0.0
ENSG00000236474,2.663017196886262e-07
ENSG00000204248,6.862595316375897e-05
ENSG00000250308,0.0
ENSG00000238963,1.0918370507233674e-06
ENSG00000241680,9.027628297444428e-06
ENSG00000146826,0.0005593401320339905
ENSG00000199859,0.0
ENSG00000182158,0.000750944219349957
ENSG00000231221,0.0
ENSG00000244321,0.0
ENSG00000105467,4.1010464832048434e-06
ENSG00000172171,9.31789717190503e-05
ENSG00000252727,0.0
ENSG00000204669,7.989051590658786e-08
ENSG00000176049,2.676332282870693e-05
ENSG00000019995,0.0007163516259624045
ENSG00000236435,0.0
ENSG00000282591,0.0
ENSG00000224907,0.0
ENSG00000275693,4.713540438488683e-06
ENSG00000267786,1.5179198022251693e-06
ENSG00000135127,0.0003356200573235756
ENSG00000204456,0.0
ENSG00000101782,0.0011167895218581916
ENSG00000257476,0.0
ENSG00000113262,2.1304137575090095e-07
ENSG00000152270,0.00013227206416934061
ENSG00000267085,0.0
ENSG00000262246,0.00047047524817389586
ENSG00000282668,0.0
ENSG00000237414,0.0
ENSG00000207420,0.0
ENSG00000123143,0.0019389694512248561
ENSG00000252759,2.4659539243166784e-05
ENSG00000103043,0.00032046748947329274
ENSG00000272361,1.786884539110682e-05
ENSG00000160191,0.0004301039074691001
ENSG00000255650,2.157043929477872e-06
ENSG00000271597,0.0
ENSG00000126391,0.0006546761476825186
ENSG00000255572,0.0
ENSG00000248596,2.796168056730575e-06
ENSG00000169548,0.0
ENSG00000249348,2.290194789322185e-05
ENSG00000225912,1.1450973946610926e-06
ENSG00000218872,0.0
ENSG00000206763,1.5978103181317572e-07
ENSG00000167964,0.0001885682477115162
ENSG00000244025,2.9932313293001582e-05
ENSG00000281856,0.0
ENSG00000257671,0.00016212448694643563
ENSG00000207363,5.3260343937725237e-08
ENSG00000207468,2.663017196886262e-06
ENSG00000272203,3.994525795329393e-07
ENSG00000109079,0.0009395124670614731
ENSG00000224648,0.0
ENSG00000253807,1.0945000679202536e-05
ENSG00000250825,0.0
ENSG00000251443,1.331508598443131e-07
ENSG00000102794,8.787956749724664e-07
ENSG00000230158,0.0
ENSG00000202293,0.0
ENSG00000175591,0.00021035172838204582
ENSG00000274215,1.0385767067856422e-06
ENSG00000164112,4.500499062737782e-05
ENSG00000165912,0.001246025746423082
ENSG00000165417,0.00033791025211289775
ENSG00000130592,0.0012195819856580014
ENSG00000104870,0.00253404727404106
ENSG00000144369,0.00015091318454754445
ENSG00000076928,0.0016871012847433533
ENSG00000274922,1.5924842837379847e-05
ENSG00000259672,2.6630171968862618e-08
ENSG00000227640,3.421977097998846e-05
ENSG00000275598,0.0
ENSG00000199710,0.0
ENSG00000201466,0.0
ENSG00000230185,6.124939552838403e-07
ENSG00000202035,0.0
ENSG00000252696,0.0
ENSG00000278771,1.533897905406487e-05
ENSG00000227589,3.1956206362635143e-07
ENSG00000268736,2.6630171968862618e-08
ENSG00000248927,1.0891740335264811e-05
ENSG00000183644,4.447238718800057e-06
ENSG00000240373,1.0731959303451635e-05
ENSG00000227039,0.0002487524363611457
ENSG00000159409,0.0001844405710563425
ENSG00000225579,0.0
ENSG00000284452,0.0
ENSG00000230310,4.527129234706645e-07
ENSG00000225710,0.0
ENSG00000103021,4.88663655628629e-05
ENSG00000207991,0.0
ENSG00000222895,0.0
ENSG00000222337,2.396715477197636e-07
ENSG00000224796,2.013241000846014e-05
ENSG00000278011,1.0119465348167795e-06
ENSG00000226581,1.7043310060072076e-06
ENSG00000270552,0.0
ENSG00000182979,0.0013121750935937366
ENSG00000256181,0.0
ENSG00000253736,4.500499062737782e-06
ENSG00000233676,0.0
ENSG00000256159,1.0652068787545047e-07
ENSG00000230305,5.858637833149776e-06
ENSG00000110375,7.030365399779731e-06
ENSG00000283856,2.6630171968862618e-08
ENSG00000188937,0.0
ENSG00000131669,0.0014430357586487275
ENSG00000281649,0.0005776883205205368
ENSG00000207811,0.0
ENSG00000283672,0.0
ENSG00000184139,1.1024891195109124e-05
ENSG00000253374,0.0
ENSG00000170004,0.00134253348963824
ENSG00000188712,0.0
ENSG00000207695,0.0
ENSG00000225215,2.6630171968862618e-08
ENSG00000279913,1.8641120378203832e-07
ENSG00000254781,5.3260343937725237e-08
ENSG00000092964,0.0013165957021405677
ENSG00000111012,3.161001412703993e-05
ENSG00000090776,0.0008491030332271846
ENSG00000226510,8.521655030036038e-07
ENSG00000212497,3.994525795329393e-07
ENSG00000250887,0.0
ENSG00000132436,8.321928740269568e-05
ENSG00000274471,0.00022081738596580882
ENSG00000139910,0.00014734474150371687
ENSG00000259887,5.59233611346115e-07
ENSG00000180573,0.0012108472892522143
ENSG00000217178,0.0
ENSG00000226972,1.5978103181317572e-07
ENSG00000125337,1.1024891195109124e-05
ENSG00000009724,8.468394686098312e-05
ENSG00000162782,4.47386889076892e-06
ENSG00000254550,2.316824961291048e-06
ENSG00000224778,0.0
ENSG00000164949,0.0016591662343480166
ENSG00000274258,1.464659458287444e-06
ENSG00000263317,1.0652068787545047e-07
ENSG00000198612,0.000980842493957148
ENSG00000253240,7.456448151281533e-07
ENSG00000282885,8.841217093662388e-06
ENSG00000202476,0.0
ENSG00000267322,1.3900949767746286e-05
ENSG00000264484,0.0
ENSG00000153310,0.0005260257869009433
ENSG00000213188,7.989051590658786e-08
ENSG00000184624,0.0
ENSG00000221164,1.4886266130594204e-05
ENSG00000256888,2.6630171968862618e-08
ENSG00000176542,0.00010540222065275824
ENSG00000234093,7.64285935506357e-06
ENSG00000269814,1.4726485098781027e-05
ENSG00000198918,0.0026268267931805777
ENSG00000188199,0.0
ENSG00000258904,3.0890999483880635e-06
ENSG00000232682,9.214039501226466e-06
ENSG00000280369,5.3260343937725237e-08
ENSG00000060656,0.0003010807242799608
ENSG00000227291,0.0
ENSG00000165076,2.1304137575090095e-07
ENSG00000261824,3.163664429900879e-05
ENSG00000187479,0.006832290180675331
ENSG00000149609,5.59233611346115e-07
ENSG00000197275,7.93579124672106e-06
ENSG00000207419,5.3260343937725237e-08
ENSG00000258927,0.0
ENSG00000283607,2.6630171968862618e-08
ENSG00000060237,0.001164803721918051
ENSG00000222941,0.0
ENSG00000131019,1.3554757532151073e-05
ENSG00000254855,7.973073487477468e-05
ENSG00000174946,3.7175720068532215e-05
ENSG00000133980,0.0
ENSG00000258842,0.0
ENSG00000124357,0.0007357383911557364
ENSG00000243759,9.853163628479168e-07
ENSG00000273723,5.6482594745957614e-05
ENSG00000105426,0.0006908132910442652
ENSG00000275995,1.6510706620694824e-06
ENSG00000077279,3.1956206362635143e-06
ENSG00000267724,9.347190361070779e-06
ENSG00000238317,6.391241272527029e-07
ENSG00000178104,0.0006731042266849716
ENSG00000273806,0.0
ENSG00000253115,7.536338667188121e-06
ENSG00000201371,0.0
ENSG00000213414,0.0
ENSG00000179967,9.144801054107423e-05
ENSG00000252804,2.6630171968862618e-08
ENSG00000204787,1.2782482545054057e-06
ENSG00000249128,0.0
ENSG00000260287,0.0
ENSG00000250050,7.722749870970159e-07
ENSG00000250812,2.6630171968862618e-08
ENSG00000163377,3.9146352794228045e-06
ENSG00000228272,0.0
ENSG00000249256,0.0
ENSG00000253184,0.0
ENSG00000223640,0.0
ENSG00000234784,2.6630171968862618e-08
ENSG00000235148,0.0
ENSG00000280372,0.0
ENSG00000235424,2.6630171968862618e-08
ENSG00000197520,4.713540438488683e-06
ENSG00000250748,3.009209432481476e-06
ENSG00000165606,1.1450973946610926e-06
ENSG00000229466,0.0
ENSG00000230197,0.0
ENSG00000203930,3.222250808232377e-05
ENSG00000239288,0.0
ENSG00000026652,0.00016127232144343202
ENSG00000230843,0.0
ENSG00000235695,0.0
ENSG00000149294,0.0004987298606328591
ENSG00000249491,2.6630171968862618e-08
ENSG00000271992,1.7788954875200228e-05
ENSG00000231305,1.3022154092773821e-05
ENSG00000248828,0.0
ENSG00000200327,0.0
ENSG00000272791,2.5511704746170388e-05
ENSG00000118939,0.0004371609030408487
ENSG00000278619,0.0001732558988294202
ENSG00000283355,1.2249879105676805e-06
ENSG00000102466,2.7615488331710534e-05
ENSG00000158258,0.00013589376755710595
ENSG00000183734,3.794799505562923e-05
ENSG00000218965,0.0
ENSG00000263105,3.701593903671904e-06
ENSG00000265806,5.3260343937725237e-08
ENSG00000222118,0.0
ENSG00000224104,0.0
ENSG00000145216,0.0007817819584898999
ENSG00000237938,2.3514441848505692e-05
ENSG00000227060,3.701593903671904e-06
ENSG00000167716,0.00035173131136473747
ENSG00000250326,5.1662533619593475e-06
ENSG00000208772,5.334023445363182e-05
ENSG00000123136,0.00114562999810047
ENSG00000231074,9.996966557111027e-05
ENSG00000264714,5.3260343937725237e-08
ENSG00000254557,0.0
ENSG00000166888,0.0031226273348968618
ENSG00000261404,0.0
ENSG00000273015,0.00013434921758291192
ENSG00000244551,0.0
ENSG00000020129,0.0014170713409790865
ENSG00000206822,5.3260343937725237e-08
ENSG00000253006,7.989051590658786e-08
ENSG00000084636,0.001431158701950615
ENSG00000223730,2.6630171968862618e-08
ENSG00000231162,0.0
ENSG00000278986,9.214039501226466e-06
ENSG00000258463,0.0
ENSG00000265822,0.0
ENSG00000234894,0.0
ENSG00000257746,0.0
ENSG00000234485,0.0
ENSG00000120896,0.0024002040297255566
ENSG00000234201,0.0
ENSG00000261046,2.6630171968862618e-08
ENSG00000129244,0.0009046003116102943
ENSG00000200215,0.0
ENSG00000199436,2.023893069633559e-06
ENSG00000203666,8.628175717911488e-05
ENSG00000228398,2.6630171968862618e-08
ENSG00000132465,0.0030062268532209634
ENSG00000284049,3.4619223559521404e-07
ENSG00000252680,6.81732402402883e-06
ENSG00000278978,0.0004321278005387337
ENSG00000236581,2.396715477197636e-07
ENSG00000232057,6.186188948366786e-05
ENSG00000206199,2.396715477197636e-07
ENSG00000260674,0.0
ENSG00000244740,0.0
ENSG00000211697,5.9385283490563635e-06
ENSG00000102763,0.00020665013447837392
ENSG00000232713,4.750822679245091e-05
ENSG00000227590,1.331508598443131e-07
ENSG00000177910,1.0652068787545047e-07
ENSG00000171940,0.0003329836702986582
ENSG00000201277,0.0
ENSG00000227938,2.6630171968862618e-08
ENSG00000200552,0.0
ENSG00000223589,5.3260343937725237e-08
ENSG00000235472,0.0
ENSG00000271324,2.4712799587104508e-05
ENSG00000252782,8.255353310347412e-07
ENSG00000207154,0.0
ENSG00000226973,0.0
ENSG00000215467,7.989051590658786e-08
ENSG00000201014,0.0
ENSG00000275978,0.0
ENSG00000198400,2.3381290988661378e-05
ENSG00000269001,7.640196337866686e-05
ENSG00000267416,1.5179198022251693e-06
ENSG00000259261,2.663017196886262e-07
ENSG00000240429,3.5125196826929795e-05
ENSG00000238131,0.0
ENSG00000030110,0.00044911785025486805
ENSG00000273018,4.407293460846763e-05
ENSG00000213785,2.6630171968862618e-08
ENSG00000280015,0.0
ENSG00000237588,0.0
ENSG00000237548,1.2249879105676805e-06
ENSG00000119283,9.05425846941329e-06
ENSG00000272420,5.8213555923933684e-05
ENSG00000229927,1.8641120378203832e-07
ENSG00000272347,3.435292183983278e-06
ENSG00000207369,2.396715477197636e-07
ENSG00000143248,0.007869242446970872
ENSG00000252274,5.033102502115035e-06
ENSG00000226642,0.0
ENSG00000231222,0.0
ENSG00000225508,0.0
ENSG00000028528,0.001091703899863523
ENSG00000119522,0.00017232384281051
ENSG00000171943,9.429743894174253e-05
ENSG00000267080,0.0002591382034290021
ENSG00000236750,1.7842215219137955e-06
ENSG00000273600,0.0
ENSG00000227453,0.0
ENSG00000271941,0.00018494654432375088
ENSG00000182253,0.004733326656261548
ENSG00000277986,0.0003560453992236932
ENSG00000260236,3.427303132392619e-05
ENSG00000236136,2.449975821135361e-06
ENSG00000163660,0.0021953647469410654
ENSG00000105549,2.3434551332599102e-06
ENSG00000230104,3.7282240756407664e-07
ENSG00000189169,3.243554945807467e-05
ENSG00000234775,2.6630171968862618e-08
ENSG00000258679,0.0
ENSG00000267187,0.0
ENSG00000251972,2.6630171968862618e-08
ENSG00000174502,5.903909125496843e-05
ENSG00000188997,0.00021495874813265905
ENSG00000226453,3.834744763516217e-06
ENSG00000151491,0.0013257298511258878
ENSG00000049323,0.0019754794169941667
ENSG00000196460,4.7241925072762286e-05
ENSG00000215457,0.0
ENSG00000199929,0.0
ENSG00000171365,6.873247385163442e-05
ENSG00000119487,0.00073097159037331
ENSG00000151025,5.3020672390005474e-05
ENSG00000212625,0.0
ENSG00000250013,0.0
ENSG00000257527,0.0
ENSG00000137575,0.003265098754930277
ENSG00000259523,8.44176451412945e-06
ENSG00000260573,0.0
ENSG00000229054,7.456448151281533e-07
ENSG00000275005,1.0359136895887559e-05
ENSG00000221102,0.0
ENSG00000096746,0.0017438768113809686
ENSG00000222607,7.989051590658786e-08
ENSG00000235119,4.910603711058267e-05
ENSG00000258787,0.0
ENSG00000143476,4.0770793284328666e-05
ENSG00000121743,1.0838479991327086e-05
ENSG00000206905,0.0
ENSG00000187185,5.59233611346115e-07
ENSG00000140992,0.0003196685843142269
ENSG00000111845,0.00042568329892226893
ENSG00000259807,8.015681762627649e-06
ENSG00000149635,2.663017196886262e-07
ENSG00000142449,7.749380042939022e-06
ENSG00000204315,0.00017421458502029925
ENSG00000236739,3.4619223559521404e-07
ENSG00000258570,0.0
ENSG00000272057,3.2488809802012393e-06
ENSG00000268407,2.6630171968862618e-08
ENSG00000146670,9.41110277379605e-05
ENSG00000180596,0.00015575987584587746
ENSG00000239805,0.0
ENSG00000226784,3.1956206362635143e-07
ENSG00000259425,2.796168056730575e-06
ENSG00000272840,1.8641120378203832e-07
ENSG00000083807,7.517697546809917e-05
ENSG00000249056,0.0
ENSG00000264580,7.456448151281533e-07
ENSG00000185432,0.0023699521543689285
ENSG00000203786,0.0008565594813784661
ENSG00000204628,0.010515456005344781
ENSG00000238176,0.0
ENSG00000005001,0.00021743535412576328
ENSG00000160469,0.0004379065478559769
ENSG00000225889,0.0001887812890872671
ENSG00000175874,3.800125539956696e-05
ENSG00000120332,2.7508967643835083e-05
ENSG00000185774,7.853237713617586e-05
ENSG00000280445,0.0
ENSG00000277340,0.0
ENSG00000234509,5.059732674083898e-07
ENSG00000201566,2.396715477197636e-07
ENSG00000233033,8.974367953506703e-06
ENSG00000234108,0.0
ENSG00000242753,5.858637833149776e-07
ENSG00000226359,2.1304137575090095e-07
ENSG00000189280,0.0004196915102292749
ENSG00000231072,0.0
ENSG00000253170,2.6630171968862618e-08
ENSG00000279138,7.243406775530632e-06
ENSG00000269903,2.8441023662745277e-05
ENSG00000264136,0.0
ENSG00000105255,0.00013424269689503646
ENSG00000078018,0.0004078144535311621
ENSG00000159784,0.00013402965551928555
ENSG00000173868,0.0004168154516566377
ENSG00000198756,8.793282784118437e-05
ENSG00000248336,0.0
ENSG00000223128,5.3260343937725237e-08
ENSG00000233489,0.0
ENSG00000178031,9.770610095375694e-05
ENSG00000273265,3.435292183983278e-05
ENSG00000264614,0.0
ENSG00000250053,0.0
ENSG00000224384,0.0
ENSG00000252726,0.0
ENSG00000186222,0.0003261929764465982
ENSG00000232838,0.0001701135385370944
ENSG00000274489,0.0
ENSG00000257531,9.320560189101916e-07
ENSG00000234115,0.0
ENSG00000233135,0.0
ENSG00000166900,0.00042496428427910964
ENSG00000269873,4.527129234706645e-06
ENSG00000143742,0.0030416449819395505
ENSG00000109205,3.2062727050510595e-05
ENSG00000232627,0.0
ENSG00000198369,0.00041942520850958624
ENSG00000163472,0.0005565972243211976
ENSG00000207927,0.0
ENSG00000223825,1.331508598443131e-07
ENSG00000117411,0.0006989621236667371
ENSG00000221539,2.396715477197636e-07
ENSG00000233522,0.0
ENSG00000071967,0.0035506540889523905
ENSG00000229887,0.0
ENSG00000227292,2.663017196886262e-07
ENSG00000233221,4.260827515018019e-07
ENSG00000229419,2.1304137575090095e-07
ENSG00000216721,5.3260343937725237e-08
ENSG00000232624,5.3260343937725237e-08
ENSG00000237447,0.0
ENSG00000229206,7.989051590658786e-08
ENSG00000239079,0.0
ENSG00000234551,2.6630171968862618e-08
ENSG00000277136,5.3260343937725237e-08
ENSG00000174137,2.6710062484769207e-05
ENSG00000104472,0.0004976380235821357
ENSG00000047936,3.5151826998898656e-06
ENSG00000239942,7.989051590658786e-08
ENSG00000227040,0.0
ENSG00000233953,5.59233611346115e-07
ENSG00000187522,0.0003016665880632757
ENSG00000249910,0.0
ENSG00000189299,0.0
ENSG00000280580,0.0
ENSG00000186806,0.00031050780515693815
ENSG00000242615,2.053186258799308e-05
ENSG00000083845,0.012925193636635192
ENSG00000082126,5.006472330146172e-06
ENSG00000244158,1.331508598443131e-07
ENSG00000167216,7.134223070458296e-05
ENSG00000239519,5.3260343937725237e-08
ENSG00000248442,2.6630171968862618e-08
ENSG00000234112,7.190146431592907e-07
ENSG00000143554,0.0007201597405539518
ENSG00000114790,0.00039782813904283863
ENSG00000238723,5.3260343937725237e-08
ENSG00000231523,0.0
ENSG00000234813,0.0
ENSG00000013374,0.0008035121788164918
ENSG00000255158,6.391241272527029e-06
ENSG00000232098,0.00012982208834820528
ENSG00000249563,7.989051590658786e-08
ENSG00000175749,3.96789562336053e-06
ENSG00000178074,0.00022116357820140404
ENSG00000258117,1.1078151539046849e-05
ENSG00000163600,1.2675961857178607e-05
ENSG00000177025,6.897214539935418e-05
ENSG00000157193,0.00020704958705790685
ENSG00000255227,2.6630171968862618e-08
ENSG00000268621,1.893405226986132e-05
ENSG00000223697,1.0199355864074382e-05
ENSG00000113971,0.0004918326460929237
ENSG00000237434,0.0
ENSG00000283907,4.340718030924607e-06
ENSG00000126091,0.00033428854872513247
ENSG00000258408,1.0385767067856422e-06
ENSG00000115350,0.000789904160940403
ENSG00000280059,0.0
ENSG00000125841,0.0007398394376389413
ENSG00000260367,2.625734956129854e-05
ENSG00000200184,0.0
ENSG00000229862,3.1956206362635143e-07
ENSG00000128487,0.00013480193050638257
ENSG00000230630,0.00010806523784964451
ENSG00000202379,2.663017196886262e-07
ENSG00000234474,0.0
ENSG00000135074,0.0003206006403331371
ENSG00000258076,0.0
ENSG00000232560,2.266227634550209e-05
ENSG00000250231,0.0
ENSG00000214803,1.8641120378203832e-07
ENSG00000231201,0.0
ENSG00000239198,0.0
ENSG00000261723,0.0
ENSG00000274133,0.0
ENSG00000272341,0.00012484224619002795
ENSG00000263793,2.6630171968862618e-08
ENSG00000000419,0.0012478365981169646
ENSG00000163406,5.650922491792648e-05
ENSG00000197595,0.0
ENSG00000215162,2.6630171968862618e-08
ENSG00000271749,6.124939552838403e-07
ENSG00000259544,8.415134342160587e-06
ENSG00000140694,0.0005329230014408787
ENSG00000233420,0.0
ENSG00000188536,0.19560151580004054
ENSG00000284246,5.3260343937725237e-08
ENSG00000254281,9.05425846941329e-06
ENSG00000223979,1.331508598443131e-07
ENSG00000244624,3.994525795329393e-07
ENSG00000272817,1.9706327256958336e-06
ENSG00000254682,0.00022656950311108315
ENSG00000254440,0.0
ENSG00000233868,7.989051590658786e-08
ENSG00000261365,0.0
ENSG00000171604,0.0007631674682836649
ENSG00000252622,2.6630171968862618e-08
ENSG00000227227,0.0
ENSG00000255919,0.0
ENSG00000184635,1.9679697084989476e-05
ENSG00000262873,1.6963419544165488e-05
ENSG00000153832,5.531086717932766e-05
ENSG00000152822,2.1597069466747584e-05
ENSG00000174930,0.0
ENSG00000270067,6.220808171926308e-05
ENSG00000255088,0.0
ENSG00000226181,0.0
ENSG00000228156,0.0
ENSG00000279026,5.5550538727047424e-05
ENSG00000242634,1.0652068787545047e-07
ENSG00000211905,0.00021511852916447223
ENSG00000074319,0.0009424417859780481
ENSG00000181524,0.00023639603656759345
ENSG00000270324,0.0
ENSG00000083067,1.4619964410905577e-05
ENSG00000258616,2.7429077127928496e-06
ENSG00000131386,0.0014087360971528325
ENSG00000214049,3.408662012014415e-06
ENSG00000110917,0.0012647733874891613
ENSG00000176124,4.260827515018019e-07
ENSG00000235991,0.0
ENSG00000165526,0.0006702547982843033
ENSG00000205086,1.5978103181317572e-07
ENSG00000252204,2.6630171968862618e-08
ENSG00000260572,4.777452851213954e-05
ENSG00000122958,0.0009323223206298803
ENSG00000183463,4.9159297454520394e-05
ENSG00000279114,0.0
ENSG00000266971,0.0
ENSG00000234066,0.0
ENSG00000235108,7.989051590658786e-08
ENSG00000258781,0.0
ENSG00000085449,0.0005812833937363332
ENSG00000152147,7.93579124672106e-05
ENSG00000123607,0.00018816879513198326
ENSG00000169499,0.00043724079355675534
ENSG00000222496,0.0
ENSG00000271235,0.0
ENSG00000230982,9.078225624185266e-05
ENSG00000231738,2.2901947893221852e-06
ENSG00000279123,2.0771534135712844e-06
ENSG00000135334,0.00112291446141103
ENSG00000229492,7.989051590658786e-08
ENSG00000248792,0.0
ENSG00000142784,0.0012417915490800326
ENSG00000198492,0.0008293168154543196
ENSG00000284188,1.0652068787545047e-07
ENSG00000196600,0.0
ENSG00000162687,6.729444456531583e-05
ENSG00000183571,3.919961313816578e-05
ENSG00000281406,2.9745902089219544e-05
ENSG00000204718,0.0
ENSG00000096996,4.5297922519035314e-05
ENSG00000255946,1.4380292863185813e-06
ENSG00000167165,2.5831266809796738e-06
ENSG00000130950,0.0
ENSG00000099204,0.002133742529005117
ENSG00000272480,0.0
ENSG00000274883,0.0
ENSG00000250625,0.0
ENSG00000145428,4.047786139267118e-05
ENSG00000144677,0.0006224536396001949
ENSG00000270268,0.0
ENSG00000236982,0.0
ENSG00000132972,3.4619223559521404e-07
ENSG00000223716,7.989051590658786e-08
ENSG00000257654,2.6630171968862618e-08
ENSG00000271356,0.0
ENSG00000200681,0.0
ENSG00000240403,2.3328030644723654e-05
ENSG00000230525,9.320560189101916e-07
ENSG00000254260,5.3260343937725237e-08
ENSG00000155367,0.0001488094009620043
ENSG00000243988,1.8641120378203832e-07
ENSG00000230283,2.6630171968862618e-08
ENSG00000259413,0.0
ENSG00000157890,2.1730220326591895e-05
ENSG00000204946,0.00031564742834692863
ENSG00000173124,2.3434551332599102e-06
ENSG00000106571,0.00017666456084143461
ENSG00000248480,0.0
ENSG00000231237,0.0
ENSG00000159322,0.0009918407549802883
ENSG00000108947,0.00010178051726499293
ENSG00000280238,4.660280094550959e-06
ENSG00000166927,0.0003068328414252351
ENSG00000234268,5.512445597554562e-06
ENSG00000253363,0.0
ENSG00000116032,1.1930317042050452e-05
ENSG00000130305,0.0005284225023781409
ENSG00000185955,2.7295926268084185e-05
ENSG00000199895,0.0
ENSG00000258456,0.0
ENSG00000160588,0.0002901357236007582
ENSG00000235681,5.7095088701241456e-05
ENSG00000166793,0.00010665383873529478
ENSG00000212856,0.0
ENSG00000106804,7.813292455664292e-05
ENSG00000234768,0.0
ENSG00000176697,1.6510706620694825e-05
ENSG00000172794,0.00015903538699804757
ENSG00000237470,3.1956206362635143e-07
ENSG00000114779,0.0011375344258219356
ENSG00000252550,0.0
ENSG00000204542,1.533897905406487e-05
ENSG00000064270,0.00015179198022251692
ENSG00000228719,3.754854247609629e-06
ENSG00000234981,1.1450973946610926e-06
ENSG00000235572,0.0
ENSG00000264112,0.00037766909886240965
ENSG00000171115,0.0003684284291892143
ENSG00000008323,0.00012718570132328786
ENSG00000261798,4.500499062737782e-06
ENSG00000279964,0.0
ENSG00000258368,1.0652068787545047e-07
ENSG00000257998,0.0
ENSG00000252548,2.6630171968862618e-08
ENSG00000050767,0.0004004378958957872
ENSG00000120158,0.00023692864000697073
ENSG00000259897,2.6630171968862618e-08
ENSG00000283566,2.6630171968862618e-08
ENSG00000259869,4.633649922582096e-06
ENSG00000112137,0.00010412397239825284
ENSG00000137804,0.00026475716971443214
ENSG00000279354,0.0
ENSG00000138316,2.3620962536381143e-05
ENSG00000132463,0.0007079364916202438
ENSG00000167798,7.722749870970159e-07
ENSG00000258385,0.0
ENSG00000224272,2.3727483224256594e-05
ENSG00000236816,2.316824961291048e-06
ENSG00000200623,0.0
ENSG00000270725,0.0
ENSG00000147996,3.666974680112383e-05
ENSG00000250365,7.722749870970159e-07
ENSG00000140464,0.0006718259784304661
ENSG00000046651,0.0004346310367038068
ENSG00000200197,5.3260343937725237e-08
ENSG00000219150,0.0
ENSG00000258654,5.3260343937725237e-08
ENSG00000248544,1.9786217772864927e-05
ENSG00000221060,0.0
ENSG00000231764,5.08636284605276e-06
ENSG00000267112,0.0
ENSG00000214194,0.001102569010026819
ENSG00000153930,4.314087858955744e-06
ENSG00000125414,0.0038005516227081976
ENSG00000167671,0.004510378856538231
ENSG00000261243,3.142360292325789e-06
ENSG00000271252,2.663017196886262e-07
ENSG00000235377,0.0
ENSG00000260125,5.3260343937725237e-08
ENSG00000241776,0.0
ENSG00000267382,0.0
ENSG00000161714,0.0005886599513717081
ENSG00000269982,4.513814148722214e-05
ENSG00000163126,0.000673796611156162
ENSG00000259966,0.0
ENSG00000185624,0.007324868471583383
ENSG00000099968,0.00045803895786443704
ENSG00000271141,2.1650329810685308e-05
ENSG00000006059,0.0001567984525526631
ENSG00000220660,1.0652068787545047e-07
ENSG00000101307,0.00020657024396246733
ENSG00000175877,6.657542992215655e-07
ENSG00000115648,0.0003300543513820833
ENSG00000205329,0.0
ENSG00000211957,7.243406775530632e-06
ENSG00000260014,2.6630171968862618e-08
ENSG00000267201,2.157043929477872e-06
ENSG00000170647,0.0001532300095088355
ENSG00000280132,1.3181935124586995e-05
ENSG00000123352,0.00020657024396246733
ENSG00000184995,6.657542992215655e-06
ENSG00000274601,0.0
ENSG00000148498,0.0005757709481387786
ENSG00000250822,0.0
ENSG00000250486,3.1050780515693814e-05
ENSG00000255325,1.3048784264742682e-06
ENSG00000230561,2.9026887446060254e-06
ENSG00000267661,0.0
ENSG00000225123,1.0652068787545047e-07
ENSG00000201279,7.722749870970159e-07
ENSG00000215018,9.570883805609225e-05
ENSG00000185716,0.00019557198293932706
ENSG00000219404,1.0652068787545047e-07
ENSG00000244219,5.6695636121708516e-05
ENSG00000254180,2.396715477197636e-07
ENSG00000207756,0.0
ENSG00000157426,0.00016433479121985122
ENSG00000101413,0.000436335367709814
ENSG00000272395,0.0
ENSG00000165066,5.618966285430013e-06
ENSG00000259267,0.0
ENSG00000235583,0.0
ENSG00000206034,0.0
ENSG00000283084,0.0
ENSG00000160584,0.0005015260286895897
ENSG00000238137,2.6630171968862618e-08
ENSG00000231217,5.3260343937725237e-08
ENSG00000185404,0.00018803564427213895
ENSG00000235213,9.320560189101916e-07
ENSG00000254915,2.6630171968862618e-08
ENSG00000133574,0.0008431112445341905
ENSG00000137252,1.0652068787545047e-07
ENSG00000228951,2.929318916574888e-06
ENSG00000123106,0.00016675813686901772
ENSG00000249868,0.0
ENSG00000181191,0.0004950016365572183
ENSG00000277083,0.0
ENSG00000223731,6.657542992215655e-07
ENSG00000265254,2.1304137575090094e-06
ENSG00000205643,0.00024180196147727257
ENSG00000124216,0.0003599334043311471
ENSG00000236950,0.0
ENSG00000265251,0.0
ENSG00000258512,7.589599011125846e-06
ENSG00000236296,6.684173164184517e-06
ENSG00000125089,0.00019948661821874987
ENSG00000233623,7.989051590658786e-08
ENSG00000172046,0.0008812989111375395
ENSG00000164871,0.0
ENSG00000207445,1.4193881659403775e-05
ENSG00000164190,0.00038248915998877377
ENSG00000231603,0.0
ENSG00000200651,5.858637833149776e-07
ENSG00000067900,0.0005829078342264338
ENSG00000274275,4.793430954395272e-07
ENSG00000257657,0.0
ENSG00000207820,0.0
ENSG00000228143,0.0
ENSG00000258383,0.0
ENSG00000224443,0.0
ENSG00000257159,2.396715477197636e-07
ENSG00000201965,5.379294737710249e-06
ENSG00000248827,0.0
ENSG00000233902,2.6630171968862618e-08
ENSG00000122136,4.5803895786443705e-06
ENSG00000150991,0.012095850191008903
ENSG00000257564,0.0
ENSG00000241227,0.0
ENSG00000188828,8.787956749724664e-07
ENSG00000163098,2.6630171968862618e-08
ENSG00000251224,2.6630171968862618e-08
ENSG00000200287,0.0
ENSG00000225172,0.0
ENSG00000145388,0.0001587957154503278
ENSG00000228999,2.1304137575090095e-07
ENSG00000245146,2.7242665924146458e-05
ENSG00000267507,3.0358396044503385e-06
ENSG00000258723,0.0
ENSG00000232884,5.326034393772524e-07
ENSG00000237111,1.11846722269223e-06
ENSG00000270761,2.4446497867415883e-05
ENSG00000156689,7.349927463406083e-06
ENSG00000279459,6.657542992215655e-07
ENSG00000255451,0.0
ENSG00000275454,3.842733815106876e-05
ENSG00000261070,1.331508598443131e-07
ENSG00000284584,8.787956749724664e-07
ENSG00000248877,0.0
ENSG00000232773,0.0
ENSG00000115421,0.00013895623733352515
ENSG00000207996,5.3260343937725237e-08
ENSG00000234455,2.6630171968862618e-08
ENSG00000207283,0.0
ENSG00000268403,8.660131924274123e-05
ENSG00000227212,4.36734820289347e-06
ENSG00000279129,5.3260343937725237e-08
ENSG00000255443,7.435144013706443e-05
ENSG00000271907,1.0652068787545047e-07
ENSG00000255428,0.0
ENSG00000251440,0.0
ENSG00000222259,0.0
ENSG00000235825,0.0
ENSG00000202468,0.0
ENSG00000128271,0.00019772902686880493
ENSG00000127995,0.0003803587462312648
ENSG00000168575,0.0007980796237348438
ENSG00000278333,0.0
ENSG00000232408,0.0
ENSG00000223360,0.0
ENSG00000233126,0.0
ENSG00000182831,0.00047311163519881327
ENSG00000201499,4.327402944940175e-05
ENSG00000269289,6.124939552838403e-07
ENSG00000140262,0.0004114894172628652
ENSG00000264613,0.0
ENSG00000227598,3.7814844195784918e-06
ENSG00000276581,0.0
ENSG00000224185,1.0652068787545047e-07
ENSG00000118418,0.0031930108794105657
ENSG00000108639,0.0018132217791878868
ENSG00000276980,0.00012375040913930457
ENSG00000182606,0.000537902843599056
ENSG00000235109,9.126159933729219e-05
ENSG00000071082,0.005400758656317152
ENSG00000279170,7.989051590658786e-08
ENSG00000250949,0.0
ENSG00000232583,1.5978103181317572e-06
ENSG00000239069,0.0
ENSG00000165006,0.0018696777437618756
ENSG00000231881,2.663017196886262e-07
ENSG00000161542,0.00042227463691025456
ENSG00000269244,0.0
ENSG00000232075,1.4513443723030127e-05
ENSG00000154080,3.2488809802012393e-06
ENSG00000280058,0.0
ENSG00000251244,2.1304137575090095e-07
ENSG00000170989,0.0015085726118640984
ENSG00000226489,0.0
ENSG00000159516,0.002384385707576052
ENSG00000221046,6.923844711904281e-07
ENSG00000124333,0.0007632739889715404
ENSG00000279505,0.0
ENSG00000234564,0.0
ENSG00000199960,0.0
ENSG00000261570,2.6630171968862618e-08
ENSG00000223111,1.0652068787545047e-07
ENSG00000274762,7.509708495219258e-06
ENSG00000264791,7.456448151281533e-07
ENSG00000199787,0.0
ENSG00000118855,0.0008994074280763661
ENSG00000200087,0.00011400376619870087
ENSG00000253951,0.0
