Topic 1,Topic 2,Topic 3,Topic 4,Topic 5,Topic 6,Topic 7,Topic 8,Topic 9,Topic 10,Topic 11,Topic 12,Topic 13,Topic 14,Topic 15,Topic 16,Topic 17,Topic 18,Topic 19,Topic 20,Topic 21,Topic 22,Topic 23,Topic 24,Topic 25,Topic 26,Topic 27,Topic 28,Topic 29,Topic 30,Topic 31,Topic 32,Topic 33,Topic 34,Topic 35,Topic 36,Topic 37,Topic 38,Topic 39
ENSG00000173432.10,ENSG00000257017.8,ENSG00000115138.10,ENSG00000137392.9,ENSG00000129170.8,ENSG00000179914.4,ENSG00000160882.11,ENSG00000158887.15,ENSG00000171195.10,ENSG00000182333.14,ENSG00000211899.9,ENSG00000124102.4,ENSG00000134200.3,ENSG00000124490.13,ENSG00000149021.6,ENSG00000179902.12,ENSG00000158874.11,ENSG00000100604.12,ENSG00000161055.3,ENSG00000115705.20,ENSG00000240045.1,ENSG00000134240.11,ENSG00000186395.7,ENSG00000094796.4,ENSG00000280800.1,ENSG00000136352.17,ENSG00000086506.2,ENSG00000179813.6,ENSG00000137440.4,ENSG00000178597.6,ENSG00000137673.8,ENSG00000134028.14,ENSG00000196260.4,ENSG00000138829.11,ENSG00000015413.9,ENSG00000180535.3,ENSG00000090382.6,ENSG00000225255.6,ENSG00000167755.14
ENSG00000138207.13,ENSG00000091513.14,ENSG00000163631.16,ENSG00000206172.8,ENSG00000170807.11,ENSG00000171819.4,ENSG00000176840.11,ENSG00000106631.8,ENSG00000162078.11,ENSG00000169605.5,ENSG00000167653.4,ENSG00000136689.18,ENSG00000135346.8,ENSG00000145863.10,ENSG00000086548.8,ENSG00000147256.11,ENSG00000089199.9,ENSG00000243955.5,ENSG00000010438.16,ENSG00000102837.6,ENSG00000149968.11,ENSG00000205358.3,ENSG00000143369.14,ENSG00000189182.9,ENSG00000181433.9,ENSG00000136931.9,ENSG00000143954.12,ENSG00000278910.3,ENSG00000131746.12,ENSG00000184709.7,ENSG00000143768.12,ENSG00000163736.3,ENSG00000125999.10,ENSG00000167941.2,ENSG00000160868.14,ENSG00000007038.10,ENSG00000196136.17,ENSG00000225745.8,
ENSG00000166592.11,ENSG00000148795.6,ENSG00000122304.10,ENSG00000172023.7,ENSG00000172399.5,ENSG00000107984.9,ENSG00000166917.10,ENSG00000105048.16,ENSG00000140519.12,ENSG00000168878.16,ENSG00000160180.15,ENSG00000148346.11,ENSG00000104826.12,ENSG00000124493.13,ENSG00000184012.11,ENSG00000147206.16,ENSG00000168314.17,ENSG00000157005.3,ENSG00000163993.6,ENSG00000157765.11,ENSG00000174697.4,,,ENSG00000165953.9,ENSG00000231720.1,ENSG00000073754.5,ENSG00000204787.8,ENSG00000211825.1,ENSG00000108602.17,ENSG00000109205.16,ENSG00000167034.9,ENSG00000163737.3,ENSG00000244411.3,ENSG00000029559.6,ENSG00000112299.7,ENSG00000211691.2,ENSG00000160862.12,ENSG00000214888.2,
ENSG00000198744.5,ENSG00000134339.8,ENSG00000175646.3,ENSG00000175535.6,ENSG00000091482.5,ENSG00000196549.10,ENSG00000187094.11,ENSG00000168530.15,ENSG00000159763.3,ENSG00000185303.16,ENSG00000162896.5,ENSG00000164825.3,ENSG00000101200.5,ENSG00000161992.5,ENSG00000005001.9,ENSG00000084674.14,ENSG00000253230.8,ENSG00000110169.10,ENSG00000103569.9,ENSG00000183607.9,ENSG00000151365.2,,,ENSG00000204539.3,ENSG00000163012.3,ENSG00000060566.13,ENSG00000163586.9,ENSG00000133115.11,ENSG00000188373.4,ENSG00000159182.4,ENSG00000210127.1,ENSG00000133742.13,ENSG00000236116.1,ENSG00000204941.13,ENSG00000141505.11,ENSG00000242407.1,,,
ENSG00000205362.11,ENSG00000147465.11,ENSG00000197249.13,ENSG00000223609.7,ENSG00000168334.8,ENSG00000120057.4,ENSG00000219435.5,ENSG00000129991.12,ENSG00000241794.1,ENSG00000168484.12,ENSG00000142748.12,ENSG00000244617.2,ENSG00000121905.9,ENSG00000162992.3,ENSG00000184956.15,ENSG00000162391.11,ENSG00000064787.13,ENSG00000140932.9,ENSG00000131400.7,ENSG00000126262.4,ENSG00000138100.13,,,ENSG00000102891.3,ENSG00000121853.3,ENSG00000115263.14,ENSG00000066405.12,ENSG00000258616.5,ENSG00000172478.17,ENSG00000159184.7,ENSG00000100867.14,ENSG00000090402.7,,ENSG00000137745.11,ENSG00000161944.16,,,,
ENSG00000243649.8,ENSG00000130208.9,ENSG00000229314.5,ENSG00000142789.19,ENSG00000124701.5,ENSG00000164932.12,ENSG00000152977.9,ENSG00000180209.11,ENSG00000161634.11,ENSG00000122852.14,ENSG00000204305.13,ENSG00000012223.12,ENSG00000101405.3,ENSG00000106128.18,ENSG00000187908.16,ENSG00000021488.12,ENSG00000109072.13,ENSG00000136541.14,ENSG00000119888.10,ENSG00000170476.15,ENSG00000196218.12,,,ENSG00000184148.3,ENSG00000227217.1,ENSG00000124237.5,ENSG00000170231.15,ENSG00000250038.5,ENSG00000197353.3,ENSG00000274993.1,ENSG00000122133.16,ENSG00000163295.4,,ENSG00000225790.1,ENSG00000166589.12,,,,
ENSG00000229344.1,ENSG00000169136.10,ENSG00000171564.11,ENSG00000168928.12,ENSG00000185739.13,ENSG00000224958.5,ENSG00000113905.4,ENSG00000197616.11,ENSG00000143556.8,ENSG00000172016.15,ENSG00000112303.13,ENSG00000092295.11,ENSG00000070808.15,ENSG00000180176.14,ENSG00000211639.2,ENSG00000139269.2,ENSG00000181418.7,ENSG00000171236.9,ENSG00000016602.9,ENSG00000231475.3,ENSG00000176194.17,,,ENSG00000186526.12,ENSG00000223629.1,ENSG00000166866.12,ENSG00000196188.10,ENSG00000250103.2,ENSG00000134827.7,ENSG00000101951.16,ENSG00000165694.9,ENSG00000168955.3,,ENSG00000259255.1,ENSG00000100253.12,,,,
ENSG00000081041.8,ENSG00000171951.4,ENSG00000118245.2,ENSG00000170890.13,ENSG00000248746.5,ENSG00000163735.6,ENSG00000147378.11,ENSG00000130595.17,ENSG00000125780.11,ENSG00000164266.10,ENSG00000115590.13,ENSG00000162366.7,ENSG00000183379.8,ENSG00000131126.18,ENSG00000171711.2,ENSG00000148942.14,ENSG00000104722.13,ENSG00000213578.5,ENSG00000161798.6,ENSG00000211642.3,ENSG00000157119.11,,,ENSG00000171360.3,ENSG00000152936.10,ENSG00000136918.7,ENSG00000164265.8,ENSG00000224565.1,ENSG00000007306.14,ENSG00000242899.1,ENSG00000267593.1,ENSG00000125255.6,,ENSG00000254300.1,ENSG00000278505.4,,,,
ENSG00000172724.11,ENSG00000055955.15,ENSG00000171557.16,ENSG00000168925.10,ENSG00000115593.14,ENSG00000166923.10,ENSG00000180483.6,ENSG00000164879.6,ENSG00000186832.8,ENSG00000266200.6,ENSG00000163464.7,ENSG00000131037.14,ENSG00000164076.16,ENSG00000151655.18,ENSG00000198183.11,ENSG00000254607.2,ENSG00000203859.9,ENSG00000006128.11,ENSG00000167748.10,ENSG00000215182.8,ENSG00000140986.7,,,ENSG00000186977.2,ENSG00000269353.1,ENSG00000231738.10,ENSG00000261786.1,ENSG00000142224.15,ENSG00000167916.4,ENSG00000162891.10,ENSG00000258893.1,ENSG00000141434.11,,ENSG00000152592.13,ENSG00000157335.20,,,,
,ENSG00000105695.14,ENSG00000118137.9,ENSG00000153002.11,ENSG00000250978.5,ENSG00000075073.14,ENSG00000255974.7,ENSG00000160808.9,ENSG00000196754.10,ENSG00000256713.7,ENSG00000211892.3,ENSG00000158825.5,ENSG00000128040.10,ENSG00000141485.16,ENSG00000261924.1,ENSG00000197826.11,ENSG00000188488.13,ENSG00000273313.1,ENSG00000189377.8,ENSG00000211650.2,ENSG00000111046.3,,,ENSG00000184351.7,ENSG00000230829.3,ENSG00000166211.7,ENSG00000109511.11,ENSG00000227243.3,ENSG00000124664.10,ENSG00000260887.2,ENSG00000256916.1,ENSG00000169876.13,,ENSG00000102239.4,ENSG00000262995.1,,,,
,ENSG00000152154.10,ENSG00000132693.12,ENSG00000170835.14,ENSG00000163217.1,ENSG00000196611.4,ENSG00000113889.11,ENSG00000120937.8,ENSG00000263639.5,ENSG00000160182.2,ENSG00000198074.9,ENSG00000176387.6,ENSG00000143125.5,ENSG00000177202.2,ENSG00000203985.10,ENSG00000081800.8,ENSG00000277586.2,ENSG00000105707.13,ENSG00000176153.11,ENSG00000225698.3,ENSG00000168509.19,,,ENSG00000241233.3,ENSG00000226020.4,ENSG00000144771.7,ENSG00000164821.4,ENSG00000164458.9,ENSG00000162877.12,ENSG00000124233.11,ENSG00000219870.2,ENSG00000172689.1,,ENSG00000243969.1,ENSG00000267245.1,,,,
,ENSG00000139899.10,ENSG00000171560.14,ENSG00000169347.16,ENSG00000130957.4,ENSG00000100448.3,ENSG00000240204.2,ENSG00000118194.18,ENSG00000165474.5,ENSG00000229859.9,ENSG00000106541.11,ENSG00000117472.9,ENSG00000147571.4,ENSG00000109758.8,ENSG00000228723.6,,ENSG00000204655.11,ENSG00000012124.16,ENSG00000105388.15,ENSG00000282639.1,ENSG00000116748.21,,,ENSG00000244025.4,,ENSG00000231057.3,ENSG00000250591.3,ENSG00000253291.1,ENSG00000182816.8,ENSG00000229370.1,ENSG00000230552.5,ENSG00000154646.8,,ENSG00000215005.2,ENSG00000249036.1,,,,
,ENSG00000231852.6,ENSG00000110245.11,ENSG00000211896.7,ENSG00000235263.1,ENSG00000197565.15,ENSG00000122194.18,ENSG00000068976.13,ENSG00000163216.6,ENSG00000164816.7,ENSG00000204936.9,ENSG00000019102.11,ENSG00000170893.3,ENSG00000131808.10,ENSG00000188817.7,,ENSG00000124253.10,ENSG00000259803.6,ENSG00000165215.6,ENSG00000211685.3,ENSG00000168333.13,,,ENSG00000204572.9,,ENSG00000164287.12,ENSG00000159197.3,ENSG00000251576.1,ENSG00000283845.1,ENSG00000204195.3,ENSG00000260676.5,ENSG00000115850.9,,,,,,,
,ENSG00000106236.3,ENSG00000136872.17,ENSG00000158516.11,ENSG00000264424.1,ENSG00000181541.5,ENSG00000160282.13,ENSG00000108515.17,ENSG00000185479.5,ENSG00000160181.8,ENSG00000127324.8,ENSG00000268751.1,ENSG00000171540.7,ENSG00000136487.17,ENSG00000213606.3,,ENSG00000234906.9,ENSG00000025423.11,ENSG00000255026.1,ENSG00000104921.14,ENSG00000108878.4,,,ENSG00000185940.10,,ENSG00000277749.1,ENSG00000103375.10,ENSG00000256590.2,,ENSG00000124157.6,,ENSG00000213822.6,,,,,,,
,ENSG00000115255.10,ENSG00000106927.11,ENSG00000211893.3,ENSG00000273585.1,ENSG00000103888.16,ENSG00000177938.4,ENSG00000170290.3,ENSG00000175315.2,ENSG00000233041.8,ENSG00000240038.6,ENSG00000197191.4,ENSG00000236036.1,ENSG00000185686.17,ENSG00000197549.9,,ENSG00000185559.13,ENSG00000148965.9,ENSG00000118520.14,ENSG00000211625.2,ENSG00000148377.5,,,ENSG00000241598.5,,ENSG00000117501.14,ENSG00000184502.3,ENSG00000278097.1,,ENSG00000275669.1,,,,,,,,,
,ENSG00000102924.11,ENSG00000118271.9,ENSG00000219073.7,ENSG00000228826.2,ENSG00000128342.4,ENSG00000179142.2,ENSG00000109061.9,ENSG00000188505.4,ENSG00000162747.9,ENSG00000211637.2,ENSG00000172382.9,ENSG00000274353.1,ENSG00000187048.12,ENSG00000186329.9,,ENSG00000107295.9,ENSG00000105398.3,ENSG00000133661.15,ENSG00000137265.14,ENSG00000081248.10,,,ENSG00000198390.4,,ENSG00000206199.10,ENSG00000164047.4,ENSG00000237638.1,,,,,,,,,,,
,ENSG00000132702.12,ENSG00000091583.10,ENSG00000179751.6,ENSG00000118972.1,ENSG00000131668.13,ENSG00000260001.6,ENSG00000177791.11,ENSG00000159516.8,ENSG00000239839.6,ENSG00000180871.7,ENSG00000204385.10,ENSG00000226825.1,ENSG00000171234.13,ENSG00000181123.8,,ENSG00000006047.12,ENSG00000111644.7,ENSG00000198643.6,ENSG00000168631.12,ENSG00000122180.4,,,ENSG00000108417.3,,ENSG00000263450.1,ENSG00000210154.1,ENSG00000234692.1,,,,,,,,,,,
,ENSG00000099840.13,ENSG00000010318.20,ENSG00000211679.2,ENSG00000270313.1,ENSG00000238266.1,ENSG00000231976.8,ENSG00000198336.9,ENSG00000181617.5,ENSG00000125618.16,ENSG00000240864.3,ENSG00000177257.2,ENSG00000178522.14,ENSG00000064835.10,ENSG00000233725.7,,ENSG00000171246.5,ENSG00000123838.10,ENSG00000107159.12,ENSG00000102962.4,ENSG00000196811.11,,,ENSG00000204889.10,,ENSG00000236164.1,ENSG00000157017.15,ENSG00000250940.1,,,,,,,,,,,
,ENSG00000167711.13,ENSG00000130649.9,ENSG00000163221.8,,ENSG00000248300.1,ENSG00000180424.6,ENSG00000197893.13,ENSG00000142515.14,ENSG00000134812.7,ENSG00000163739.4,ENSG00000232306.2,ENSG00000234104.1,ENSG00000214855.9,ENSG00000258331.1,,ENSG00000069482.6,ENSG00000248099.3,ENSG00000156234.7,ENSG00000234883.5,ENSG00000251139.2,,,ENSG00000205864.1,,,ENSG00000105205.6,ENSG00000279965.1,,,,,,,,,,,
,ENSG00000187730.8,ENSG00000228278.3,ENSG00000119535.17,,ENSG00000250657.1,ENSG00000214725.8,ENSG00000196296.13,ENSG00000143520.6,ENSG00000105675.8,ENSG00000169429.10,ENSG00000230978.1,ENSG00000004948.13,ENSG00000140505.6,ENSG00000230062.5,,ENSG00000145192.12,ENSG00000173868.11,ENSG00000211658.2,ENSG00000154165.4,ENSG00000255426.1,,,ENSG00000184724.5,,,ENSG00000169340.9,ENSG00000275676.1,,,,,,,,,,,
,ENSG00000209082.1,ENSG00000203784.2,ENSG00000211666.2,,ENSG00000174325.4,ENSG00000244414.6,ENSG00000077009.13,ENSG00000198854.5,ENSG00000186009.4,ENSG00000183019.7,ENSG00000254529.1,ENSG00000258116.1,ENSG00000148702.14,ENSG00000104237.7,,ENSG00000100362.12,ENSG00000145491.11,ENSG00000124205.15,ENSG00000253998.3,ENSG00000236961.1,,,ENSG00000187026.2,,,ENSG00000122711.8,,,,,,,,,,,,
,ENSG00000210144.1,ENSG00000007516.13,ENSG00000132465.10,,ENSG00000222022.1,ENSG00000210156.1,ENSG00000125414.18,ENSG00000105141.5,ENSG00000240237.1,ENSG00000211955.2,ENSG00000127318.10,ENSG00000248122.1,ENSG00000150201.14,ENSG00000283328.1,,ENSG00000183395.4,ENSG00000124713.5,ENSG00000281990.1,ENSG00000211974.3,ENSG00000111049.3,,,ENSG00000184032.2,,,ENSG00000100665.11,,,,,,,,,,,,
,ENSG00000181195.10,ENSG00000104760.16,ENSG00000142615.7,,ENSG00000262543.1,ENSG00000217442.3,ENSG00000185482.7,ENSG00000078898.6,ENSG00000164822.4,ENSG00000222037.5,ENSG00000278898.1,ENSG00000249531.2,ENSG00000204019.4,ENSG00000181282.4,,ENSG00000162267.12,ENSG00000151224.12,ENSG00000211682.2,ENSG00000253701.2,ENSG00000257940.1,,,ENSG00000236382.1,,,ENSG00000170099.5,,,,,,,,,,,,
,ENSG00000140459.17,ENSG00000163206.5,ENSG00000211900.2,,ENSG00000239739.1,ENSG00000139209.15,ENSG00000134571.10,ENSG00000171209.3,ENSG00000171747.8,ENSG00000274536.6,ENSG00000182352.8,ENSG00000202248.1,ENSG00000269993.1,ENSG00000276422.1,,ENSG00000105697.7,ENSG00000114771.13,ENSG00000163283.6,ENSG00000125726.10,ENSG00000258179.1,,,ENSG00000212933.1,,,ENSG00000114113.6,,,,,,,,,,,,
,ENSG00000143847.15,ENSG00000165140.9,ENSG00000136167.13,,ENSG00000240476.1,ENSG00000171759.9,ENSG00000158022.6,ENSG00000170423.12,ENSG00000100985.7,ENSG00000224650.2,,ENSG00000250642.3,ENSG00000241119.1,ENSG00000260303.1,,ENSG00000129988.5,ENSG00000138115.13,ENSG00000265992.1,ENSG00000211912.1,ENSG00000109424.3,,,ENSG00000244362.3,,,ENSG00000100721.10,,,,,,,,,,,,
,ENSG00000047457.13,ENSG00000132703.3,ENSG00000211598.2,,ENSG00000166509.10,ENSG00000145309.5,ENSG00000164309.14,ENSG00000170465.9,ENSG00000158578.18,ENSG00000244575.3,,,ENSG00000197901.11,ENSG00000265374.1,,ENSG00000172482.4,ENSG00000198650.10,ENSG00000180772.6,ENSG00000253522.5,,,,,,,ENSG00000127831.10,,,,,,,,,,,,
,ENSG00000125869.9,ENSG00000145321.12,ENSG00000240338.5,,ENSG00000226992.1,ENSG00000173714.7,ENSG00000086967.9,ENSG00000096006.11,ENSG00000227507.2,ENSG00000241294.1,,,ENSG00000165685.8,ENSG00000224049.1,,ENSG00000164326.4,ENSG00000004838.13,ENSG00000254073.1,ENSG00000250562.1,,,,,,,ENSG00000142484.6,,,,,,,,,,,,
,ENSG00000100285.9,ENSG00000117601.13,ENSG00000211897.8,,ENSG00000250748.6,ENSG00000139351.14,ENSG00000143318.12,ENSG00000197084.5,ENSG00000123405.13,ENSG00000211964.3,,,ENSG00000249601.2,ENSG00000277350.1,,ENSG00000158104.11,ENSG00000131187.9,ENSG00000181273.2,ENSG00000111732.10,,,,,,,ENSG00000226979.8,,,,,,,,,,,,
,ENSG00000167619.11,ENSG00000198033.11,ENSG00000243466.1,,ENSG00000235601.1,ENSG00000179363.6,ENSG00000165887.11,ENSG00000167531.6,ENSG00000126759.13,ENSG00000211933.2,,,ENSG00000102195.9,ENSG00000250456.1,,ENSG00000185290.3,ENSG00000106327.12,ENSG00000134438.9,ENSG00000253325.1,,,,,,,ENSG00000166959.7,,,,,,,,,,,,
,ENSG00000132872.11,ENSG00000163467.11,ENSG00000241351.3,,ENSG00000201876.1,ENSG00000169344.15,ENSG00000106483.11,ENSG00000204544.5,ENSG00000009765.14,ENSG00000241755.1,,,ENSG00000136488.14,ENSG00000226594.1,,ENSG00000172995.16,ENSG00000021826.14,ENSG00000164400.5,ENSG00000253202.1,,,,,,,ENSG00000169397.3,,,,,,,,,,,,
,ENSG00000165023.6,ENSG00000155087.3,ENSG00000188404.8,,,ENSG00000156096.13,ENSG00000120729.9,ENSG00000159455.8,ENSG00000197273.3,ENSG00000211956.2,,,ENSG00000124568.10,,,ENSG00000215187.10,ENSG00000138109.9,ENSG00000203878.11,ENSG00000006659.12,,,,,,,ENSG00000213934.6,,,,,,,,,,,,
,ENSG00000172602.9,ENSG00000185594.4,ENSG00000171051.8,,,ENSG00000140623.13,ENSG00000183091.19,ENSG00000134760.5,ENSG00000147606.8,ENSG00000019169.10,,,ENSG00000113073.14,,,ENSG00000174460.3,ENSG00000100197.20,ENSG00000254075.1,ENSG00000188620.9,,,,,,,ENSG00000174358.15,,,,,,,,,,,,
,ENSG00000178233.17,ENSG00000228075.4,ENSG00000077984.5,,,ENSG00000270806.1,ENSG00000159173.18,ENSG00000145879.10,ENSG00000206177.6,ENSG00000105369.9,,,ENSG00000151704.15,,,ENSG00000210191.1,ENSG00000123843.12,ENSG00000253808.1,ENSG00000253451.1,,,,,,,ENSG00000145384.3,,,,,,,,,,,,
,ENSG00000141837.19,ENSG00000203942.4,ENSG00000211653.2,,,ENSG00000204091.7,ENSG00000105227.14,ENSG00000172551.10,ENSG00000163421.8,ENSG00000240382.3,,,ENSG00000151418.11,,,ENSG00000162873.14,ENSG00000137731.13,,ENSG00000231671.1,,,,,,,ENSG00000138823.13,,,,,,,,,,,,
,ENSG00000112139.14,ENSG00000234186.2,ENSG00000211644.3,,,ENSG00000137204.14,ENSG00000101605.12,ENSG00000166535.19,ENSG00000008438.4,ENSG00000211904.2,,,ENSG00000248809.5,,,ENSG00000165828.14,ENSG00000007350.16,,ENSG00000188816.3,,,,,,,ENSG00000206047.2,,,,,,,,,,,,
,ENSG00000141744.3,ENSG00000267857.2,ENSG00000143119.12,,,ENSG00000186910.3,ENSG00000112214.10,ENSG00000203786.6,ENSG00000110244.6,ENSG00000211669.2,,,ENSG00000074803.17,,,ENSG00000135094.10,ENSG00000171864.4,,ENSG00000228131.1,,,,,,,ENSG00000173237.4,,,,,,,,,,,,
,ENSG00000005189.19,ENSG00000178093.13,ENSG00000128340.14,,,ENSG00000101435.4,ENSG00000136244.11,ENSG00000057149.15,ENSG00000156738.17,ENSG00000211935.3,,,ENSG00000123307.3,,,ENSG00000261701.6,ENSG00000131482.9,,ENSG00000283132.1,,,,,,,ENSG00000149516.13,,,,,,,,,,,,
,ENSG00000250535.1,ENSG00000187003.6,ENSG00000121966.6,,,ENSG00000101448.13,ENSG00000173705.8,ENSG00000188100.8,ENSG00000173535.13,ENSG00000253755.1,,,ENSG00000204414.12,,,ENSG00000043355.11,ENSG00000183747.11,,ENSG00000253359.1,,,,,,,ENSG00000115474.6,,,,,,,,,,,,
,ENSG00000210196.2,ENSG00000106013.14,ENSG00000162438.11,,,ENSG00000144035.3,ENSG00000164761.8,ENSG00000134762.16,ENSG00000162482.4,ENSG00000085265.10,,,ENSG00000162897.14,,,ENSG00000121410.11,ENSG00000066813.14,,ENSG00000253140.1,,,,,,,ENSG00000240247.7,,,,,,,,,,,,
,ENSG00000204334.7,ENSG00000187166.1,ENSG00000211949.3,,,ENSG00000274391.4,ENSG00000036448.9,ENSG00000205076.4,ENSG00000091138.12,ENSG00000115602.16,,,ENSG00000263935.1,,,ENSG00000198099.8,ENSG00000123454.10,,ENSG00000205057.4,,,,,,,ENSG00000204010.3,,,,,,,,,,,,
,ENSG00000210112.1,ENSG00000180210.14,ENSG00000066336.11,,,ENSG00000005421.8,ENSG00000182676.4,ENSG00000143631.10,ENSG00000165178.9,ENSG00000211638.2,,,ENSG00000224353.2,,,ENSG00000108556.7,ENSG00000143839.14,,ENSG00000230709.1,,,,,,,ENSG00000111701.6,,,,,,,,,,,,
,ENSG00000210195.2,ENSG00000147081.14,ENSG00000213654.9,,,ENSG00000116218.12,ENSG00000108342.12,ENSG00000124935.3,ENSG00000275385.1,ENSG00000169385.2,,,ENSG00000214081.8,,,ENSG00000075886.10,ENSG00000153086.13,,ENSG00000253666.1,,,,,,,ENSG00000235013.1,,,,,,,,,,,,
,ENSG00000204338.8,ENSG00000176256.10,ENSG00000132965.9,,,ENSG00000178772.6,ENSG00000186439.12,ENSG00000178363.4,ENSG00000171431.3,ENSG00000131042.14,,,ENSG00000259957.2,,,ENSG00000146678.9,ENSG00000161031.12,,ENSG00000263680.2,,,,,,,ENSG00000103355.13,,,,,,,,,,,,
,ENSG00000185231.4,ENSG00000104901.6,ENSG00000163563.7,,,ENSG00000167580.7,ENSG00000105825.11,ENSG00000167759.12,ENSG00000159339.13,ENSG00000211649.3,,,ENSG00000228432.1,,,ENSG00000276980.1,ENSG00000175189.3,,ENSG00000226779.1,,,,,,,ENSG00000120659.14,,,,,,,,,,,,
,ENSG00000160349.9,ENSG00000124196.5,ENSG00000242887.1,,,ENSG00000185294.6,ENSG00000155657.26,ENSG00000185873.7,ENSG00000283766.1,ENSG00000128383.12,,,ENSG00000279774.1,,,ENSG00000145692.14,ENSG00000105550.8,,,,,,,,,ENSG00000260187.1,,,,,,,,,,,,
,ENSG00000165370.1,ENSG00000105679.8,ENSG00000242472.1,,,ENSG00000140093.9,ENSG00000163092.19,ENSG00000182591.5,ENSG00000016490.15,ENSG00000211941.3,,,ENSG00000242048.3,,,ENSG00000152086.8,ENSG00000100121.12,,,,,,,,,ENSG00000179520.10,,,,,,,,,,,,
,ENSG00000174279.4,ENSG00000124678.17,ENSG00000243480.7,,,ENSG00000163581.13,ENSG00000188176.11,ENSG00000175121.11,ENSG00000110680.12,ENSG00000211898.7,,,ENSG00000264177.1,,,ENSG00000176919.11,ENSG00000281732.1,,,,,,,,,ENSG00000231322.5,,,,,,,,,,,,
,ENSG00000234595.1,ENSG00000055957.10,ENSG00000162551.13,,,ENSG00000197408.8,ENSG00000170891.10,ENSG00000134757.4,ENSG00000110203.8,ENSG00000211962.2,,,ENSG00000231604.2,,,ENSG00000161610.1,ENSG00000229021.2,,,,,,,,,ENSG00000170180.19,,,,,,,,,,,,
,ENSG00000267643.1,ENSG00000186118.8,ENSG00000187021.14,,,ENSG00000210107.1,ENSG00000163157.14,ENSG00000110484.6,ENSG00000100453.12,ENSG00000239855.1,,,ENSG00000187686.4,,,ENSG00000210176.1,ENSG00000268595.1,,,,,,,,,ENSG00000233308.1,,,,,,,,,,,,
,ENSG00000071677.1,ENSG00000111305.18,ENSG00000278196.3,,,ENSG00000259108.2,ENSG00000161896.11,ENSG00000135222.6,ENSG00000169877.9,ENSG00000162894.11,,,ENSG00000277352.1,,,ENSG00000187758.7,ENSG00000203963.11,,,,,,,,,ENSG00000274256.1,,,,,,,,,,,,
,ENSG00000224273.2,ENSG00000113600.10,ENSG00000211668.2,,,ENSG00000113492.13,ENSG00000242689.2,ENSG00000184530.8,ENSG00000165409.16,ENSG00000211652.2,,,ENSG00000259203.1,,,ENSG00000175003.12,ENSG00000213231.12,,,,,,,,,ENSG00000233614.6,,,,,,,,,,,,
,ENSG00000147432.6,ENSG00000175520.8,ENSG00000185862.6,,,ENSG00000142319.17,ENSG00000174407.13,ENSG00000171201.10,ENSG00000229183.8,ENSG00000115607.9,,,ENSG00000260963.1,,,ENSG00000080618.13,ENSG00000180138.7,,,,,,,,,ENSG00000216560.4,,,,,,,,,,,,
,ENSG00000256811.1,ENSG00000177673.3,ENSG00000211673.2,,,ENSG00000149452.15,ENSG00000101306.10,ENSG00000135443.8,ENSG00000173702.7,ENSG00000280411.1,,,ENSG00000231748.1,,,ENSG00000130173.13,ENSG00000230492.1,,,,,,,,,ENSG00000213113.3,,,,,,,,,,,,
,ENSG00000207128.1,ENSG00000170950.5,ENSG00000244437.1,,,ENSG00000187658.6,ENSG00000102385.12,ENSG00000186844.5,ENSG00000099834.18,ENSG00000211664.2,,,ENSG00000242671.1,,,ENSG00000139547.7,ENSG00000167634.12,,,,,,,,,ENSG00000248385.7,,,,,,,,,,,,
,ENSG00000230033.1,ENSG00000169717.6,ENSG00000254647.6,,,ENSG00000275520.1,ENSG00000280010.1,ENSG00000167754.12,ENSG00000177455.12,ENSG00000166523.7,,,ENSG00000171956.6,,,ENSG00000079557.4,ENSG00000218189.4,,,,,,,,,ENSG00000224060.3,,,,,,,,,,,,
,ENSG00000165970.11,ENSG00000186143.10,ENSG00000110876.9,,,ENSG00000204511.2,ENSG00000214872.8,ENSG00000204538.3,ENSG00000174992.7,ENSG00000276775.1,,,ENSG00000251185.1,,,ENSG00000099937.10,ENSG00000223349.1,,,,,,,,,ENSG00000215378.3,,,,,,,,,,,,
,ENSG00000147434.8,ENSG00000166796.11,ENSG00000000938.12,,,ENSG00000160870.12,ENSG00000164007.10,ENSG00000126545.13,ENSG00000197888.2,ENSG00000268734.1,,,ENSG00000266446.1,,,ENSG00000110243.11,ENSG00000226954.1,,,,,,,,,ENSG00000100012.11,,,,,,,,,,,,
,ENSG00000151577.12,ENSG00000179636.14,ENSG00000138161.13,,,ENSG00000070915.9,ENSG00000185847.7,ENSG00000134765.9,ENSG00000198788.8,ENSG00000104918.7,,,ENSG00000104499.6,,,ENSG00000180432.5,ENSG00000036828.15,,,,,,,,,ENSG00000196228.3,,,,,,,,,,,,
,ENSG00000255375.1,ENSG00000184560.7,ENSG00000116701.14,,,ENSG00000046774.9,ENSG00000133020.4,ENSG00000212901.3,ENSG00000196415.9,ENSG00000197561.6,,,ENSG00000215277.8,,,ENSG00000147647.12,ENSG00000254080.1,,,,,,,,,ENSG00000217825.2,,,,,,,,,,,,
,ENSG00000200336.1,ENSG00000124449.6,ENSG00000211966.2,,,ENSG00000120054.11,ENSG00000225613.2,ENSG00000183347.14,ENSG00000134216.18,ENSG00000105352.10,,,ENSG00000262983.1,,,ENSG00000115718.17,ENSG00000036565.14,,,,,,,,,ENSG00000284049.1,,,,,,,,,,,,
,ENSG00000277809.1,ENSG00000179580.9,ENSG00000187116.13,,,ENSG00000244474.5,ENSG00000139780.7,ENSG00000014257.15,ENSG00000099985.3,ENSG00000232216.1,,,ENSG00000260402.1,,,ENSG00000151790.8,ENSG00000280306.1,,,,,,,,,ENSG00000226397.8,,,,,,,,,,,,
,ENSG00000253182.1,ENSG00000177143.4,ENSG00000101336.13,,,ENSG00000198077.10,ENSG00000282917.1,ENSG00000167751.12,ENSG00000196565.13,ENSG00000211946.3,,,ENSG00000267225.1,,,ENSG00000136881.11,ENSG00000207613.1,,,,,,,,,ENSG00000256917.1,,,,,,,,,,,,
,,ENSG00000154040.20,ENSG00000008516.16,,,ENSG00000124564.17,ENSG00000231811.2,ENSG00000111215.11,ENSG00000189372.4,ENSG00000211950.2,,,ENSG00000262521.1,,,ENSG00000248290.1,ENSG00000234502.2,,,,,,,,,ENSG00000224515.1,,,,,,,,,,,,
,,ENSG00000123171.6,ENSG00000211660.3,,,ENSG00000197891.11,ENSG00000250497.1,ENSG00000126549.9,ENSG00000154451.14,ENSG00000115009.11,,,ENSG00000248359.1,,,ENSG00000132855.4,ENSG00000231150.5,,,,,,,,,ENSG00000232039.2,,,,,,,,,,,,
,,ENSG00000126467.10,ENSG00000211648.2,,,ENSG00000131183.10,ENSG00000111241.2,ENSG00000187180.3,ENSG00000172232.9,ENSG00000211976.2,,,ENSG00000279924.1,,,ENSG00000109181.11,ENSG00000180152.3,,,,,,,,,,,,,,,,,,,,,
,,ENSG00000234199.2,ENSG00000105374.9,,,ENSG00000147614.3,ENSG00000267423.1,ENSG00000244094.1,ENSG00000079112.9,ENSG00000105501.12,,,ENSG00000214691.7,,,ENSG00000167798.17,,,,,,,,,,,,,,,,,,,,,,
,,ENSG00000148156.7,ENSG00000211651.3,,,ENSG00000227907.1,ENSG00000235160.1,ENSG00000196734.8,ENSG00000112818.9,ENSG00000186431.18,,,ENSG00000277837.1,,,ENSG00000100652.4,,,,,,,,,,,,,,,,,,,,,,
,,ENSG00000130377.13,ENSG00000211662.2,,,ENSG00000235200.2,ENSG00000253115.1,ENSG00000087128.9,ENSG00000113722.16,ENSG00000211670.2,,,ENSG00000267051.1,,,ENSG00000205866.3,,,,,,,,,,,,,,,,,,,,,,
,,ENSG00000105428.5,ENSG00000211772.11,,,ENSG00000168065.15,ENSG00000251361.1,ENSG00000170442.11,ENSG00000143167.11,ENSG00000211611.2,,,ENSG00000188306.6,,,ENSG00000159650.8,,,,,,,,,,,,,,,,,,,,,,
,,ENSG00000267467.3,ENSG00000211959.2,,,ENSG00000189401.2,ENSG00000253122.1,ENSG00000204897.6,ENSG00000044012.3,ENSG00000282122.1,,,ENSG00000214614.2,,,ENSG00000111700.12,,,,,,,,,,,,,,,,,,,,,,
,,ENSG00000181786.4,ENSG00000211938.2,,,ENSG00000243988.1,ENSG00000275232.1,ENSG00000117983.17,ENSG00000259823.5,ENSG00000118113.11,,,ENSG00000241577.1,,,ENSG00000249173.5,,,,,,,,,,,,,,,,,,,,,,
,,ENSG00000021852.12,ENSG00000197405.7,,,ENSG00000223985.1,ENSG00000274121.1,ENSG00000043039.6,ENSG00000071203.9,ENSG00000211972.2,,,ENSG00000260765.2,,,ENSG00000128610.11,,,,,,,,,,,,,,,,,,,,,,
,,ENSG00000250719.1,ENSG00000211663.2,,,ENSG00000054796.12,ENSG00000221844.2,ENSG00000139648.6,ENSG00000132704.15,ENSG00000253239.1,,,ENSG00000127412.6,,,ENSG00000138075.11,,,,,,,,,,,,,,,,,,,,,,
,,ENSG00000186150.4,ENSG00000012779.10,,,ENSG00000197172.10,ENSG00000183631.4,ENSG00000205426.10,ENSG00000182271.12,ENSG00000166961.14,,,ENSG00000269172.1,,,ENSG00000250436.1,,,,,,,,,,,,,,,,,,,,,,
,,ENSG00000166118.7,ENSG00000270550.1,,,ENSG00000198681.6,ENSG00000278960.1,ENSG00000221852.4,ENSG00000117322.17,ENSG00000254029.1,,,ENSG00000131721.5,,,ENSG00000172497.8,,,,,,,,,,,,,,,,,,,,,,
,,ENSG00000203897.3,ENSG00000211659.2,,,ENSG00000164325.7,ENSG00000225840.2,ENSG00000188015.9,ENSG00000137634.9,ENSG00000211917.1,,,ENSG00000224702.1,,,ENSG00000251164.1,,,,,,,,,,,,,,,,,,,,,,
,,ENSG00000080910.11,ENSG00000147168.12,,,ENSG00000232765.6,ENSG00000279891.1,ENSG00000229035.2,ENSG00000134193.14,ENSG00000178084.1,,,ENSG00000198062.14,,,ENSG00000143278.3,,,,,,,,,,,,,,,,,,,,,,
,,ENSG00000138483.2,ENSG00000143226.13,,,ENSG00000185888.5,ENSG00000253227.1,ENSG00000179477.9,ENSG00000163534.14,ENSG00000229390.1,,,ENSG00000251443.1,,,ENSG00000213512.1,,,,,,,,,,,,,,,,,,,,,,
,,ENSG00000258713.2,ENSG00000211945.2,,,ENSG00000132446.6,ENSG00000284148.1,ENSG00000166396.12,ENSG00000160856.20,ENSG00000253338.1,,,ENSG00000248635.1,,,ENSG00000118702.9,,,,,,,,,,,,,,,,,,,,,,
,,ENSG00000141371.12,ENSG00000173110.7,,,ENSG00000280081.3,ENSG00000199080.1,ENSG00000212899.2,ENSG00000124469.11,ENSG00000224585.1,,,ENSG00000264734.1,,,ENSG00000158731.2,,,,,,,,,,,,,,,,,,,,,,
,,ENSG00000273111.5,ENSG00000211947.2,,,ENSG00000206043.6,ENSG00000181009.4,ENSG00000221880.3,ENSG00000095110.7,ENSG00000278745.1,,,ENSG00000250529.1,,,ENSG00000167910.3,,,,,,,,,,,,,,,,,,,,,,
,,ENSG00000173389.15,ENSG00000142347.16,,,ENSG00000183434.9,ENSG00000267125.2,ENSG00000163202.4,ENSG00000175329.12,ENSG00000253936.1,,,ENSG00000229941.5,,,ENSG00000259847.1,,,,,,,,,,,,,,,,,,,,,,
,,ENSG00000112273.6,ENSG00000115271.10,,,ENSG00000102021.10,ENSG00000206948.1,ENSG00000212900.2,ENSG00000163515.6,ENSG00000259094.1,,,,,,ENSG00000184999.11,,,,,,,,,,,,,,,,,,,,,,
,,ENSG00000157131.10,ENSG00000160883.10,,,ENSG00000230027.1,,ENSG00000197641.11,ENSG00000205277.9,ENSG00000253329.1,,,,,,ENSG00000243818.4,,,,,,,,,,,,,,,,,,,,,,
,,ENSG00000188800.5,ENSG00000140678.16,,,ENSG00000261738.6,,ENSG00000235942.2,ENSG00000131142.13,ENSG00000255801.1,,,,,,ENSG00000264127.1,,,,,,,,,,,,,,,,,,,,,,
,,ENSG00000172073.3,ENSG00000211640.4,,,ENSG00000224559.2,,ENSG00000213927.3,ENSG00000233441.6,ENSG00000260467.1,,,,,,ENSG00000276707.1,,,,,,,,,,,,,,,,,,,,,,
,,ENSG00000152670.18,ENSG00000271503.5,,,ENSG00000183304.10,,ENSG00000187223.3,ENSG00000250361.7,ENSG00000188403.7,,,,,,ENSG00000259720.1,,,,,,,,,,,,,,,,,,,,,,
,,ENSG00000157060.15,ENSG00000115956.9,,,ENSG00000283164.1,,ENSG00000214711.9,ENSG00000167117.8,ENSG00000117215.14,,,,,,ENSG00000105954.2,,,,,,,,,,,,,,,,,,,,,,
,,ENSG00000140107.10,ENSG00000211943.2,,,ENSG00000205865.4,,ENSG00000171446.6,ENSG00000205025.8,ENSG00000283571.1,,,,,,ENSG00000248709.1,,,,,,,,,,,,,,,,,,,,,,
,,ENSG00000181323.7,ENSG00000243238.1,,,ENSG00000176302.12,,ENSG00000142623.9,ENSG00000156575.2,ENSG00000188056.11,,,,,,ENSG00000149742.9,,,,,,,,,,,,,,,,,,,,,,
,,ENSG00000168367.9,ENSG00000182885.16,,,ENSG00000131951.10,,ENSG00000197079.8,ENSG00000273777.4,ENSG00000211909.1,,,,,,ENSG00000237463.5,,,,,,,,,,,,,,,,,,,,,,
,,ENSG00000224792.6,ENSG00000211937.3,,,ENSG00000226985.5,,ENSG00000206073.10,ENSG00000220598.1,ENSG00000254036.1,,,,,,ENSG00000225765.1,,,,,,,,,,,,,,,,,,,,,,
,,ENSG00000135248.15,ENSG00000242371.1,,,ENSG00000250417.1,,ENSG00000136694.8,ENSG00000235523.1,ENSG00000253590.1,,,,,,ENSG00000204434.5,,,,,,,,,,,,,,,,,,,,,,
,,ENSG00000165496.4,ENSG00000141086.17,,,ENSG00000278054.1,,ENSG00000186474.15,ENSG00000227121.1,ENSG00000169688.10,,,,,,ENSG00000151631.8,,,,,,,,,,,,,,,,,,,,,,
,,ENSG00000196553.14,ENSG00000211934.3,,,ENSG00000249631.5,,ENSG00000203783.4,ENSG00000242366.3,ENSG00000109208.4,,,,,,ENSG00000242001.1,,,,,,,,,,,,,,,,,,,,,,
,,ENSG00000106328.9,ENSG00000015285.10,,,ENSG00000198798.5,,ENSG00000188581.8,ENSG00000258117.2,ENSG00000254045.1,,,,,,ENSG00000264151.5,,,,,,,,,,,,,,,,,,,,,,
,,ENSG00000175877.3,ENSG00000224373.3,,,ENSG00000230528.7,,ENSG00000240386.3,ENSG00000204614.8,ENSG00000270467.1,,,,,,ENSG00000159495.7,,,,,,,,,,,,,,,,,,,,,,
,,ENSG00000101981.10,ENSG00000123329.17,,,ENSG00000254187.1,,ENSG00000131738.10,ENSG00000247699.2,ENSG00000225825.1,,,,,,ENSG00000256847.1,,,,,,,,,,,,,,,,,,,,,,
,,ENSG00000141316.12,ENSG00000125910.5,,,ENSG00000236267.1,,ENSG00000131737.5,ENSG00000185974.6,ENSG00000283288.1,,,,,,ENSG00000267535.1,,,,,,,,,,,,,,,,,,,,,,
,,ENSG00000141255.12,ENSG00000160593.18,,,ENSG00000279516.1,,ENSG00000159450.12,ENSG00000267732.1,ENSG00000211681.2,,,,,,ENSG00000236319.2,,,,,,,,,,,,,,,,,,,,,,
,,ENSG00000185972.5,ENSG00000100055.20,,,ENSG00000168757.12,,ENSG00000226145.7,ENSG00000256643.1,ENSG00000231698.2,,,,,,ENSG00000264006.6,,,,,,,,,,,,,,,,,,,,,,
,,ENSG00000203711.11,ENSG00000146094.13,,,ENSG00000250261.1,,ENSG00000172155.9,ENSG00000237396.1,ENSG00000225690.1,,,,,,ENSG00000256863.1,,,,,,,,,,,,,,,,,,,,,,
,,ENSG00000141200.7,ENSG00000215704.9,,,ENSG00000251081.1,,ENSG00000196344.11,ENSG00000230539.1,ENSG00000253367.1,,,,,,ENSG00000249261.1,,,,,,,,,,,,,,,,,,,,,,
,,ENSG00000184345.4,ENSG00000151651.15,,,ENSG00000225738.2,,ENSG00000212722.7,ENSG00000186146.1,ENSG00000253501.1,,,,,,ENSG00000235689.1,,,,,,,,,,,,,,,,,,,,,,
,,ENSG00000073598.5,ENSG00000244116.3,,,ENSG00000244065.1,,ENSG00000240871.5,ENSG00000269564.1,,,,,,,ENSG00000262881.1,,,,,,,,,,,,,,,,,,,,,,
,,ENSG00000175336.9,ENSG00000115523.16,,,ENSG00000257771.5,,ENSG00000153802.11,ENSG00000229457.1,,,,,,,ENSG00000168875.2,,,,,,,,,,,,,,,,,,,,,,
,,ENSG00000130167.13,ENSG00000204482.10,,,ENSG00000177324.13,,ENSG00000006059.3,ENSG00000280362.1,,,,,,,ENSG00000174990.4,,,,,,,,,,,,,,,,,,,,,,
,,ENSG00000186075.12,ENSG00000277632.1,,,ENSG00000274183.1,,ENSG00000203688.4,ENSG00000259167.2,,,,,,,ENSG00000231100.1,,,,,,,,,,,,,,,,,,,,,,
,,ENSG00000205976.4,ENSG00000204577.11,,,ENSG00000228404.1,,ENSG00000243284.1,ENSG00000234425.1,,,,,,,ENSG00000283342.1,,,,,,,,,,,,,,,,,,,,,,
,,ENSG00000174450.11,ENSG00000180644.7,,,ENSG00000281160.1,,ENSG00000170523.3,ENSG00000229769.2,,,,,,,ENSG00000228291.1,,,,,,,,,,,,,,,,,,,,,,
,,ENSG00000283439.1,ENSG00000211751.9,,,ENSG00000235570.1,,ENSG00000185640.5,ENSG00000242207.1,,,,,,,ENSG00000276712.1,,,,,,,,,,,,,,,,,,,,,,
,,ENSG00000174015.9,ENSG00000275302.1,,,ENSG00000253799.1,,ENSG00000204873.4,ENSG00000250979.1,,,,,,,ENSG00000280837.1,,,,,,,,,,,,,,,,,,,,,,
,,ENSG00000163440.11,ENSG00000076662.9,,,ENSG00000152034.10,,ENSG00000185664.14,ENSG00000125861.14,,,,,,,ENSG00000271681.1,,,,,,,,,,,,,,,,,,,,,,
,,ENSG00000178257.3,ENSG00000110934.10,,,ENSG00000227059.6,,ENSG00000111291.8,ENSG00000257035.1,,,,,,,ENSG00000169840.4,,,,,,,,,,,,,,,,,,,,,,
,,ENSG00000102055.6,ENSG00000115165.9,,,ENSG00000189275.3,,ENSG00000198090.3,ENSG00000175097.7,,,,,,,,,,,,,,,,,,,,,,,,,,,,,
,,ENSG00000185264.11,ENSG00000158517.13,,,ENSG00000188425.3,,ENSG00000188293.5,ENSG00000173585.15,,,,,,,,,,,,,,,,,,,,,,,,,,,,,
,,ENSG00000173699.15,ENSG00000175489.9,,,ENSG00000124092.12,,ENSG00000213417.3,ENSG00000244620.1,,,,,,,,,,,,,,,,,,,,,,,,,,,,,
,,ENSG00000177558.3,ENSG00000124232.10,,,ENSG00000231210.2,,ENSG00000205186.2,ENSG00000205670.10,,,,,,,,,,,,,,,,,,,,,,,,,,,,,
,,ENSG00000161973.10,ENSG00000244482.10,,,ENSG00000261384.1,,ENSG00000244355.7,ENSG00000229106.1,,,,,,,,,,,,,,,,,,,,,,,,,,,,,
,,ENSG00000227234.1,ENSG00000184730.10,,,ENSG00000259156.7,,ENSG00000167749.11,ENSG00000254645.1,,,,,,,,,,,,,,,,,,,,,,,,,,,,,
,,ENSG00000170788.13,ENSG00000198851.9,,,ENSG00000261038.1,,ENSG00000108759.3,ENSG00000276160.1,,,,,,,,,,,,,,,,,,,,,,,,,,,,,
,,ENSG00000249833.5,ENSG00000243290.3,,,ENSG00000282419.2,,ENSG00000241595.2,ENSG00000204345.1,,,,,,,,,,,,,,,,,,,,,,,,,,,,,
,,ENSG00000196475.5,ENSG00000172543.7,,,ENSG00000258654.1,,ENSG00000170454.5,ENSG00000101441.4,,,,,,,,,,,,,,,,,,,,,,,,,,,,,
,,ENSG00000164113.10,ENSG00000235568.6,,,ENSG00000253868.3,,ENSG00000183640.5,ENSG00000273877.4,,,,,,,,,,,,,,,,,,,,,,,,,,,,,
,,ENSG00000227868.5,ENSG00000171777.15,,,ENSG00000258345.1,,ENSG00000213416.3,ENSG00000238724.1,,,,,,,,,,,,,,,,,,,,,,,,,,,,,
,,ENSG00000101323.4,ENSG00000181631.6,,,ENSG00000231128.5,,ENSG00000204880.7,ENSG00000280228.1,,,,,,,,,,,,,,,,,,,,,,,,,,,,,
,,ENSG00000269058.5,ENSG00000214212.8,,,ENSG00000175718.9,,ENSG00000214518.3,ENSG00000277739.1,,,,,,,,,,,,,,,,,,,,,,,,,,,,,
,,ENSG00000163424.8,ENSG00000140749.8,,,ENSG00000249509.1,,ENSG00000212657.1,ENSG00000254233.1,,,,,,,,,,,,,,,,,,,,,,,,,,,,,
,,ENSG00000151033.8,ENSG00000211970.3,,,ENSG00000234919.1,,ENSG00000197683.4,ENSG00000163518.10,,,,,,,,,,,,,,,,,,,,,,,,,,,,,
,,ENSG00000168454.11,ENSG00000180549.7,,,ENSG00000228884.2,,ENSG00000198083.9,ENSG00000228546.2,,,,,,,,,,,,,,,,,,,,,,,,,,,,,
,,ENSG00000153498.11,ENSG00000114204.14,,,ENSG00000237341.1,,ENSG00000186860.4,ENSG00000267443.2,,,,,,,,,,,,,,,,,,,,,,,,,,,,,
,,ENSG00000198610.10,ENSG00000278124.1,,,ENSG00000249196.6,,ENSG00000244537.2,ENSG00000239205.1,,,,,,,,,,,,,,,,,,,,,,,,,,,,,
,,ENSG00000181867.2,ENSG00000170827.9,,,ENSG00000176746.6,,ENSG00000171396.11,ENSG00000202357.1,,,,,,,,,,,,,,,,,,,,,,,,,,,,,
,,ENSG00000170777.10,ENSG00000240521.1,,,ENSG00000260157.3,,ENSG00000170484.9,ENSG00000102794.9,,,,,,,,,,,,,,,,,,,,,,,,,,,,,
,,ENSG00000269332.5,ENSG00000204140.9,,,ENSG00000226364.1,,ENSG00000212935.1,ENSG00000277671.1,,,,,,,,,,,,,,,,,,,,,,,,,,,,,
,,ENSG00000163114.5,ENSG00000273610.1,,,ENSG00000267420.1,,ENSG00000196156.4,ENSG00000253491.2,,,,,,,,,,,,,,,,,,,,,,,,,,,,,
,,ENSG00000260268.5,ENSG00000201273.1,,,ENSG00000121570.12,,ENSG00000198443.6,,,,,,,,,,,,,,,,,,,,,,,,,,,,,,
,,ENSG00000182814.7,ENSG00000121351.7,,,ENSG00000278967.1,,ENSG00000161850.2,,,,,,,,,,,,,,,,,,,,,,,,,,,,,,
,,ENSG00000131059.11,ENSG00000184945.13,,,ENSG00000164256.10,,ENSG00000221864.4,,,,,,,,,,,,,,,,,,,,,,,,,,,,,,
,,ENSG00000237524.8,ENSG00000226660.2,,,ENSG00000233977.1,,ENSG00000241123.1,,,,,,,,,,,,,,,,,,,,,,,,,,,,,,
,,ENSG00000155833.14,ENSG00000240403.5,,,ENSG00000223553.6,,ENSG00000173908.8,,,,,,,,,,,,,,,,,,,,,,,,,,,,,,
,,ENSG00000167139.8,ENSG00000229988.1,,,ENSG00000234766.1,,ENSG00000187175.5,,,,,,,,,,,,,,,,,,,,,,,,,,,,,,
,,ENSG00000228504.1,ENSG00000227408.1,,,ENSG00000233220.3,,ENSG00000212725.3,,,,,,,,,,,,,,,,,,,,,,,,,,,,,,
,,ENSG00000162771.7,ENSG00000226702.1,,,ENSG00000178394.4,,ENSG00000235687.8,,,,,,,,,,,,,,,,,,,,,,,,,,,,,,
,,ENSG00000215131.10,ENSG00000237127.1,,,ENSG00000228262.8,,ENSG00000212724.3,,,,,,,,,,,,,,,,,,,,,,,,,,,,,,
,,ENSG00000042813.7,ENSG00000227196.1,,,ENSG00000251461.3,,ENSG00000205445.3,,,,,,,,,,,,,,,,,,,,,,,,,,,,,,
,,ENSG00000203335.4,ENSG00000201919.1,,,ENSG00000260926.2,,ENSG00000272804.3,,,,,,,,,,,,,,,,,,,,,,,,,,,,,,
,,ENSG00000281460.1,ENSG00000231392.1,,,ENSG00000163530.4,,ENSG00000274749.1,,,,,,,,,,,,,,,,,,,,,,,,,,,,,,
,,ENSG00000139797.7,ENSG00000211925.1,,,ENSG00000243694.2,,ENSG00000240800.1,,,,,,,,,,,,,,,,,,,,,,,,,,,,,,
,,ENSG00000180043.11,ENSG00000174876.16,,,ENSG00000234707.2,,ENSG00000198271.4,,,,,,,,,,,,,,,,,,,,,,,,,,,,,,
,,ENSG00000255042.3,ENSG00000211920.1,,,ENSG00000232505.2,,ENSG00000188694.5,,,,,,,,,,,,,,,,,,,,,,,,,,,,,,
,,ENSG00000228636.1,ENSG00000234441.1,,,ENSG00000276807.1,,ENSG00000163810.11,,,,,,,,,,,,,,,,,,,,,,,,,,,,,,
,,ENSG00000166152.3,ENSG00000225350.1,,,ENSG00000173769.4,,ENSG00000221837.5,,,,,,,,,,,,,,,,,,,,,,,,,,,,,,
,,ENSG00000178279.3,ENSG00000234436.1,,,ENSG00000213401.9,,ENSG00000189169.7,,,,,,,,,,,,,,,,,,,,,,,,,,,,,,
,,ENSG00000253798.2,ENSG00000211814.1,,,ENSG00000259611.1,,ENSG00000221859.2,,,,,,,,,,,,,,,,,,,,,,,,,,,,,,
,,ENSG00000149609.5,ENSG00000223931.2,,,ENSG00000234952.1,,ENSG00000215454.6,,,,,,,,,,,,,,,,,,,,,,,,,,,,,,
,,ENSG00000179407.3,ENSG00000276819.1,,,ENSG00000238033.1,,ENSG00000243489.4,,,,,,,,,,,,,,,,,,,,,,,,,,,,,,
,,ENSG00000180219.1,ENSG00000211782.2,,,ENSG00000225280.6,,ENSG00000215455.4,,,,,,,,,,,,,,,,,,,,,,,,,,,,,,
,,ENSG00000163705.12,ENSG00000211812.1,,,ENSG00000261166.1,,ENSG00000196224.7,,,,,,,,,,,,,,,,,,,,,,,,,,,,,,
,,ENSG00000275722.4,ENSG00000253448.1,,,ENSG00000226733.2,,ENSG00000187272.6,,,,,,,,,,,,,,,,,,,,,,,,,,,,,,
,,ENSG00000187516.6,ENSG00000211725.3,,,ENSG00000228358.5,,ENSG00000186393.5,,,,,,,,,,,,,,,,,,,,,,,,,,,,,,
,,ENSG00000125888.14,ENSG00000211907.1,,,ENSG00000261621.1,,ENSG00000167419.10,,,,,,,,,,,,,,,,,,,,,,,,,,,,,,
,,ENSG00000226387.2,ENSG00000211802.3,,,ENSG00000235538.1,,ENSG00000196859.7,,,,,,,,,,,,,,,,,,,,,,,,,,,,,,
,,ENSG00000229972.7,ENSG00000221937.4,,,ENSG00000231421.7,,ENSG00000234918.1,,,,,,,,,,,,,,,,,,,,,,,,,,,,,,
,,ENSG00000260857.2,ENSG00000229424.1,,,ENSG00000237259.1,,ENSG00000212721.3,,,,,,,,,,,,,,,,,,,,,,,,,,,,,,
,,ENSG00000173464.14,ENSG00000211838.1,,,ENSG00000265313.5,,ENSG00000171199.10,,,,,,,,,,,,,,,,,,,,,,,,,,,,,,
,,ENSG00000259907.1,ENSG00000270999.1,,,ENSG00000223831.1,,ENSG00000187766.1,,,,,,,,,,,,,,,,,,,,,,,,,,,,,,
,,ENSG00000267579.1,ENSG00000240457.3,,,ENSG00000199490.1,,ENSG00000234124.6,,,,,,,,,,,,,,,,,,,,,,,,,,,,,,
,,ENSG00000256442.1,ENSG00000242473.1,,,ENSG00000261797.1,,ENSG00000185674.9,,,,,,,,,,,,,,,,,,,,,,,,,,,,,,
,,ENSG00000072080.10,ENSG00000275929.1,,,ENSG00000214915.3,,ENSG00000205439.10,,,,,,,,,,,,,,,,,,,,,,,,,,,,,,
,,ENSG00000204296.11,ENSG00000253241.1,,,ENSG00000257845.1,,ENSG00000186442.7,,,,,,,,,,,,,,,,,,,,,,,,,,,,,,
,,ENSG00000229315.6,ENSG00000198178.10,,,ENSG00000112499.12,,ENSG00000175065.11,,,,,,,,,,,,,,,,,,,,,,,,,,,,,,
,,ENSG00000261341.6,ENSG00000232208.2,,,ENSG00000188162.10,,ENSG00000184330.11,,,,,,,,,,,,,,,,,,,,,,,,,,,,,,
,,ENSG00000154007.6,ENSG00000280614.1,,,ENSG00000234452.5,,ENSG00000205592.13,,,,,,,,,,,,,,,,,,,,,,,,,,,,,,
,,ENSG00000204663.9,ENSG00000237111.1,,,ENSG00000227306.1,,ENSG00000180386.7,,,,,,,,,,,,,,,,,,,,,,,,,,,,,,
,,ENSG00000116785.13,ENSG00000187733.6,,,ENSG00000233601.1,,ENSG00000124557.12,,,,,,,,,,,,,,,,,,,,,,,,,,,,,,
,,ENSG00000155875.13,ENSG00000176893.4,,,ENSG00000226652.3,,ENSG00000204571.6,,,,,,,,,,,,,,,,,,,,,,,,,,,,,,
,,ENSG00000166930.6,ENSG00000237763.9,,,ENSG00000189023.10,,ENSG00000279127.1,,,,,,,,,,,,,,,,,,,,,,,,,,,,,,
,,ENSG00000120563.8,ENSG00000275692.1,,,ENSG00000258586.1,,ENSG00000185962.1,,,,,,,,,,,,,,,,,,,,,,,,,,,,,,
,,ENSG00000170613.4,,,,ENSG00000261368.1,,ENSG00000164451.13,,,,,,,,,,,,,,,,,,,,,,,,,,,,,,
,,ENSG00000214761.3,,,,ENSG00000238212.2,,ENSG00000239886.5,,,,,,,,,,,,,,,,,,,,,,,,,,,,,,
,,ENSG00000151005.4,,,,ENSG00000258992.6,,ENSG00000212658.1,,,,,,,,,,,,,,,,,,,,,,,,,,,,,,
,,ENSG00000183559.11,,,,ENSG00000224700.2,,ENSG00000188155.11,,,,,,,,,,,,,,,,,,,,,,,,,,,,,,
,,ENSG00000237862.1,,,,ENSG00000266357.5,,ENSG00000148513.17,,,,,,,,,,,,,,,,,,,,,,,,,,,,,,
,,ENSG00000258843.1,,,,ENSG00000268940.5,,ENSG00000185069.2,,,,,,,,,,,,,,,,,,,,,,,,,,,,,,
,,ENSG00000189139.5,,,,ENSG00000232401.1,,ENSG00000184210.5,,,,,,,,,,,,,,,,,,,,,,,,,,,,,,
,,ENSG00000103023.11,,,,ENSG00000236956.1,,ENSG00000251321.1,,,,,,,,,,,,,,,,,,,,,,,,,,,,,,
,,ENSG00000237232.7,,,,ENSG00000235643.1,,ENSG00000279717.1,,,,,,,,,,,,,,,,,,,,,,,,,,,,,,
,,ENSG00000234855.1,,,,ENSG00000259306.2,,ENSG00000261272.1,,,,,,,,,,,,,,,,,,,,,,,,,,,,,,
,,ENSG00000123561.14,,,,ENSG00000282408.1,,ENSG00000188984.11,,,,,,,,,,,,,,,,,,,,,,,,,,,,,,
,,ENSG00000134538.2,,,,ENSG00000229967.1,,ENSG00000229351.1,,,,,,,,,,,,,,,,,,,,,,,,,,,,,,
,,ENSG00000236445.4,,,,ENSG00000230223.6,,ENSG00000244468.1,,,,,,,,,,,,,,,,,,,,,,,,,,,,,,
,,ENSG00000228309.6,,,,ENSG00000273588.1,,ENSG00000204887.4,,,,,,,,,,,,,,,,,,,,,,,,,,,,,,
,,ENSG00000262869.1,,,,ENSG00000126856.13,,ENSG00000170054.14,,,,,,,,,,,,,,,,,,,,,,,,,,,,,,
,,ENSG00000104755.14,,,,ENSG00000282815.1,,ENSG00000227368.1,,,,,,,,,,,,,,,,,,,,,,,,,,,,,,
,,ENSG00000253787.1,,,,ENSG00000124260.11,,ENSG00000169067.3,,,,,,,,,,,,,,,,,,,,,,,,,,,,,,
,,ENSG00000198445.4,,,,ENSG00000205634.6,,ENSG00000197588.9,,,,,,,,,,,,,,,,,,,,,,,,,,,,,,
,,ENSG00000171495.16,,,,ENSG00000251718.1,,ENSG00000236313.1,,,,,,,,,,,,,,,,,,,,,,,,,,,,,,
,,ENSG00000125975.13,,,,ENSG00000218819.4,,ENSG00000126550.8,,,,,,,,,,,,,,,,,,,,,,,,,,,,,,
,,ENSG00000196570.2,,,,ENSG00000228476.1,,ENSG00000182898.3,,,,,,,,,,,,,,,,,,,,,,,,,,,,,,
,,ENSG00000180697.8,,,,ENSG00000267978.5,,ENSG00000250426.2,,,,,,,,,,,,,,,,,,,,,,,,,,,,,,
,,ENSG00000125815.8,,,,ENSG00000204952.2,,ENSG00000187533.13,,,,,,,,,,,,,,,,,,,,,,,,,,,,,,
,,ENSG00000170948.3,,,,ENSG00000269495.1,,ENSG00000235123.5,,,,,,,,,,,,,,,,,,,,,,,,,,,,,,
,,ENSG00000164645.2,,,,ENSG00000261810.1,,ENSG00000244402.3,,,,,,,,,,,,,,,,,,,,,,,,,,,,,,
,,ENSG00000261275.1,,,,ENSG00000248431.1,,ENSG00000283686.2,,,,,,,,,,,,,,,,,,,,,,,,,,,,,,
,,ENSG00000274052.1,,,,ENSG00000267250.1,,ENSG00000226601.1,,,,,,,,,,,,,,,,,,,,,,,,,,,,,,
,,ENSG00000230601.6,,,,ENSG00000101812.12,,ENSG00000161849.3,,,,,,,,,,,,,,,,,,,,,,,,,,,,,,
,,ENSG00000163645.14,,,,ENSG00000251424.1,,ENSG00000166948.9,,,,,,,,,,,,,,,,,,,,,,,,,,,,,,
,,ENSG00000198326.9,,,,ENSG00000279475.1,,ENSG00000215834.9,,,,,,,,,,,,,,,,,,,,,,,,,,,,,,
,,ENSG00000225362.8,,,,ENSG00000234442.4,,ENSG00000187689.9,,,,,,,,,,,,,,,,,,,,,,,,,,,,,,
,,ENSG00000232113.2,,,,ENSG00000214071.4,,ENSG00000173335.4,,,,,,,,,,,,,,,,,,,,,,,,,,,,,,
,,ENSG00000234296.1,,,,ENSG00000203923.4,,ENSG00000280012.2,,,,,,,,,,,,,,,,,,,,,,,,,,,,,,
,,ENSG00000234265.1,,,,ENSG00000258460.1,,ENSG00000257797.1,,,,,,,,,,,,,,,,,,,,,,,,,,,,,,
,,ENSG00000250803.6,,,,ENSG00000231056.1,,ENSG00000167104.11,,,,,,,,,,,,,,,,,,,,,,,,,,,,,,
,,ENSG00000236024.1,,,,ENSG00000203989.4,,ENSG00000176009.3,,,,,,,,,,,,,,,,,,,,,,,,,,,,,,
,,ENSG00000162592.9,,,,ENSG00000233887.1,,ENSG00000227718.1,,,,,,,,,,,,,,,,,,,,,,,,,,,,,,
,,ENSG00000259082.1,,,,ENSG00000274244.1,,ENSG00000254240.1,,,,,,,,,,,,,,,,,,,,,,,,,,,,,,
,,ENSG00000253100.1,,,,ENSG00000236763.2,,ENSG00000252621.1,,,,,,,,,,,,,,,,,,,,,,,,,,,,,,
,,ENSG00000229547.4,,,,ENSG00000230328.2,,ENSG00000233516.1,,,,,,,,,,,,,,,,,,,,,,,,,,,,,,
,,ENSG00000230015.3,,,,ENSG00000160202.7,,ENSG00000188460.4,,,,,,,,,,,,,,,,,,,,,,,,,,,,,,
,,ENSG00000232685.4,,,,ENSG00000259791.1,,ENSG00000188784.4,,,,,,,,,,,,,,,,,,,,,,,,,,,,,,
,,ENSG00000187969.5,,,,ENSG00000282265.1,,ENSG00000212659.1,,,,,,,,,,,,,,,,,,,,,,,,,,,,,,
,,ENSG00000165471.6,,,,ENSG00000248373.5,,ENSG00000225438.1,,,,,,,,,,,,,,,,,,,,,,,,,,,,,,
,,ENSG00000255335.1,,,,ENSG00000207782.3,,ENSG00000153923.10,,,,,,,,,,,,,,,,,,,,,,,,,,,,,,
,,ENSG00000187600.12,,,,ENSG00000267425.1,,ENSG00000257345.2,,,,,,,,,,,,,,,,,,,,,,,,,,,,,,
,,ENSG00000258223.6,,,,,,ENSG00000234859.5,,,,,,,,,,,,,,,,,,,,,,,,,,,,,,
,,ENSG00000150676.12,,,,,,ENSG00000244057.4,,,,,,,,,,,,,,,,,,,,,,,,,,,,,,
,,ENSG00000214686.4,,,,,,ENSG00000180053.7,,,,,,,,,,,,,,,,,,,,,,,,,,,,,,
,,ENSG00000134389.9,,,,,,ENSG00000205667.2,,,,,,,,,,,,,,,,,,,,,,,,,,,,,,
,,ENSG00000261012.2,,,,,,ENSG00000227418.6,,,,,,,,,,,,,,,,,,,,,,,,,,,,,,
,,ENSG00000267448.5,,,,,,ENSG00000275563.1,,,,,,,,,,,,,,,,,,,,,,,,,,,,,,
,,ENSG00000204363.4,,,,,,ENSG00000276888.1,,,,,,,,,,,,,,,,,,,,,,,,,,,,,,
,,ENSG00000258874.1,,,,,,ENSG00000185296.8,,,,,,,,,,,,,,,,,,,,,,,,,,,,,,
,,ENSG00000143921.6,,,,,,ENSG00000237970.1,,,,,,,,,,,,,,,,,,,,,,,,,,,,,,
,,ENSG00000226454.1,,,,,,ENSG00000238034.1,,,,,,,,,,,,,,,,,,,,,,,,,,,,,,
,,ENSG00000122787.14,,,,,,ENSG00000258253.1,,,,,,,,,,,,,,,,,,,,,,,,,,,,,,
,,ENSG00000145826.8,,,,,,ENSG00000186967.6,,,,,,,,,,,,,,,,,,,,,,,,,,,,,,
,,ENSG00000112337.10,,,,,,ENSG00000237754.1,,,,,,,,,,,,,,,,,,,,,,,,,,,,,,
,,ENSG00000198049.6,,,,,,ENSG00000233309.1,,,,,,,,,,,,,,,,,,,,,,,,,,,,,,
,,ENSG00000223597.2,,,,,,,,,,,,,,,,,,,,,,,,,,,,,,,,,,,,
,,ENSG00000262231.1,,,,,,,,,,,,,,,,,,,,,,,,,,,,,,,,,,,,
,,ENSG00000214929.3,,,,,,,,,,,,,,,,,,,,,,,,,,,,,,,,,,,,
,,ENSG00000248767.2,,,,,,,,,,,,,,,,,,,,,,,,,,,,,,,,,,,,
,,ENSG00000283679.1,,,,,,,,,,,,,,,,,,,,,,,,,,,,,,,,,,,,
,,ENSG00000223815.1,,,,,,,,,,,,,,,,,,,,,,,,,,,,,,,,,,,,
,,ENSG00000203933.2,,,,,,,,,,,,,,,,,,,,,,,,,,,,,,,,,,,,
,,ENSG00000160994.3,,,,,,,,,,,,,,,,,,,,,,,,,,,,,,,,,,,,
,,ENSG00000231476.1,,,,,,,,,,,,,,,,,,,,,,,,,,,,,,,,,,,,
,,ENSG00000237401.6,,,,,,,,,,,,,,,,,,,,,,,,,,,,,,,,,,,,
,,ENSG00000253679.1,,,,,,,,,,,,,,,,,,,,,,,,,,,,,,,,,,,,
,,ENSG00000225050.1,,,,,,,,,,,,,,,,,,,,,,,,,,,,,,,,,,,,
,,ENSG00000204669.9,,,,,,,,,,,,,,,,,,,,,,,,,,,,,,,,,,,,
,,ENSG00000177910.7,,,,,,,,,,,,,,,,,,,,,,,,,,,,,,,,,,,,
,,ENSG00000249231.7,,,,,,,,,,,,,,,,,,,,,,,,,,,,,,,,,,,,
,,ENSG00000279655.1,,,,,,,,,,,,,,,,,,,,,,,,,,,,,,,,,,,,
,,ENSG00000225879.1,,,,,,,,,,,,,,,,,,,,,,,,,,,,,,,,,,,,
,,ENSG00000256560.1,,,,,,,,,,,,,,,,,,,,,,,,,,,,,,,,,,,,
,,ENSG00000189326.4,,,,,,,,,,,,,,,,,,,,,,,,,,,,,,,,,,,,
,,ENSG00000179213.13,,,,,,,,,,,,,,,,,,,,,,,,,,,,,,,,,,,,
,,ENSG00000256944.1,,,,,,,,,,,,,,,,,,,,,,,,,,,,,,,,,,,,
,,ENSG00000137707.13,,,,,,,,,,,,,,,,,,,,,,,,,,,,,,,,,,,,
,,ENSG00000235824.4,,,,,,,,,,,,,,,,,,,,,,,,,,,,,,,,,,,,
,,ENSG00000253628.1,,,,,,,,,,,,,,,,,,,,,,,,,,,,,,,,,,,,
,,ENSG00000239649.3,,,,,,,,,,,,,,,,,,,,,,,,,,,,,,,,,,,,
,,ENSG00000227043.1,,,,,,,,,,,,,,,,,,,,,,,,,,,,,,,,,,,,
,,ENSG00000232998.1,,,,,,,,,,,,,,,,,,,,,,,,,,,,,,,,,,,,
,,ENSG00000254584.1,,,,,,,,,,,,,,,,,,,,,,,,,,,,,,,,,,,,
,,ENSG00000253447.5,,,,,,,,,,,,,,,,,,,,,,,,,,,,,,,,,,,,
,,ENSG00000281365.1,,,,,,,,,,,,,,,,,,,,,,,,,,,,,,,,,,,,
,,ENSG00000271968.2,,,,,,,,,,,,,,,,,,,,,,,,,,,,,,,,,,,,
,,ENSG00000253740.5,,,,,,,,,,,,,,,,,,,,,,,,,,,,,,,,,,,,
,,ENSG00000175018.12,,,,,,,,,,,,,,,,,,,,,,,,,,,,,,,,,,,,
,,ENSG00000221900.5,,,,,,,,,,,,,,,,,,,,,,,,,,,,,,,,,,,,
,,ENSG00000279523.1,,,,,,,,,,,,,,,,,,,,,,,,,,,,,,,,,,,,
,,ENSG00000189375.10,,,,,,,,,,,,,,,,,,,,,,,,,,,,,,,,,,,,
,,ENSG00000184650.10,,,,,,,,,,,,,,,,,,,,,,,,,,,,,,,,,,,,
,,ENSG00000167014.10,,,,,,,,,,,,,,,,,,,,,,,,,,,,,,,,,,,,
,,ENSG00000204300.6,,,,,,,,,,,,,,,,,,,,,,,,,,,,,,,,,,,,
,,ENSG00000254514.1,,,,,,,,,,,,,,,,,,,,,,,,,,,,,,,,,,,,
,,ENSG00000212710.4,,,,,,,,,,,,,,,,,,,,,,,,,,,,,,,,,,,,
,,ENSG00000263684.1,,,,,,,,,,,,,,,,,,,,,,,,,,,,,,,,,,,,
,,ENSG00000231654.1,,,,,,,,,,,,,,,,,,,,,,,,,,,,,,,,,,,,
,,ENSG00000253181.1,,,,,,,,,,,,,,,,,,,,,,,,,,,,,,,,,,,,
,,ENSG00000227431.5,,,,,,,,,,,,,,,,,,,,,,,,,,,,,,,,,,,,
,,ENSG00000235914.1,,,,,,,,,,,,,,,,,,,,,,,,,,,,,,,,,,,,
,,ENSG00000187806.7,,,,,,,,,,,,,,,,,,,,,,,,,,,,,,,,,,,,
,,ENSG00000234089.1,,,,,,,,,,,,,,,,,,,,,,,,,,,,,,,,,,,,
,,ENSG00000233069.1,,,,,,,,,,,,,,,,,,,,,,,,,,,,,,,,,,,,
,,ENSG00000253470.1,,,,,,,,,,,,,,,,,,,,,,,,,,,,,,,,,,,,
,,ENSG00000229086.4,,,,,,,,,,,,,,,,,,,,,,,,,,,,,,,,,,,,
,,ENSG00000184108.7,,,,,,,,,,,,,,,,,,,,,,,,,,,,,,,,,,,,
,,ENSG00000228329.1,,,,,,,,,,,,,,,,,,,,,,,,,,,,,,,,,,,,
,,ENSG00000279284.1,,,,,,,,,,,,,,,,,,,,,,,,,,,,,,,,,,,,
,,ENSG00000187753.12,,,,,,,,,,,,,,,,,,,,,,,,,,,,,,,,,,,,
,,ENSG00000230651.7,,,,,,,,,,,,,,,,,,,,,,,,,,,,,,,,,,,,
,,ENSG00000241621.1,,,,,,,,,,,,,,,,,,,,,,,,,,,,,,,,,,,,
,,ENSG00000243828.2,,,,,,,,,,,,,,,,,,,,,,,,,,,,,,,,,,,,
,,ENSG00000260338.1,,,,,,,,,,,,,,,,,,,,,,,,,,,,,,,,,,,,
,,ENSG00000258642.1,,,,,,,,,,,,,,,,,,,,,,,,,,,,,,,,,,,,
,,ENSG00000175820.3,,,,,,,,,,,,,,,,,,,,,,,,,,,,,,,,,,,,
,,ENSG00000261803.1,,,,,,,,,,,,,,,,,,,,,,,,,,,,,,,,,,,,
,,ENSG00000163825.3,,,,,,,,,,,,,,,,,,,,,,,,,,,,,,,,,,,,
,,ENSG00000134365.12,,,,,,,,,,,,,,,,,,,,,,,,,,,,,,,,,,,,
,,ENSG00000251249.1,,,,,,,,,,,,,,,,,,,,,,,,,,,,,,,,,,,,
,,ENSG00000230219.3,,,,,,,,,,,,,,,,,,,,,,,,,,,,,,,,,,,,
,,ENSG00000236301.5,,,,,,,,,,,,,,,,,,,,,,,,,,,,,,,,,,,,
,,ENSG00000204688.9,,,,,,,,,,,,,,,,,,,,,,,,,,,,,,,,,,,,
,,ENSG00000273552.1,,,,,,,,,,,,,,,,,,,,,,,,,,,,,,,,,,,,
,,ENSG00000161103.11,,,,,,,,,,,,,,,,,,,,,,,,,,,,,,,,,,,,
,,ENSG00000227148.1,,,,,,,,,,,,,,,,,,,,,,,,,,,,,,,,,,,,
,,ENSG00000256750.1,,,,,,,,,,,,,,,,,,,,,,,,,,,,,,,,,,,,
,,ENSG00000205301.11,,,,,,,,,,,,,,,,,,,,,,,,,,,,,,,,,,,,
,,ENSG00000260624.1,,,,,,,,,,,,,,,,,,,,,,,,,,,,,,,,,,,,
,,ENSG00000237964.3,,,,,,,,,,,,,,,,,,,,,,,,,,,,,,,,,,,,
,,ENSG00000251545.2,,,,,,,,,,,,,,,,,,,,,,,,,,,,,,,,,,,,
,,ENSG00000259700.3,,,,,,,,,,,,,,,,,,,,,,,,,,,,,,,,,,,,
,,ENSG00000217327.3,,,,,,,,,,,,,,,,,,,,,,,,,,,,,,,,,,,,
,,ENSG00000283058.1,,,,,,,,,,,,,,,,,,,,,,,,,,,,,,,,,,,,
,,ENSG00000227290.1,,,,,,,,,,,,,,,,,,,,,,,,,,,,,,,,,,,,
,,ENSG00000233145.1,,,,,,,,,,,,,,,,,,,,,,,,,,,,,,,,,,,,
,,ENSG00000198573.6,,,,,,,,,,,,,,,,,,,,,,,,,,,,,,,,,,,,
,,ENSG00000249343.1,,,,,,,,,,,,,,,,,,,,,,,,,,,,,,,,,,,,
,,ENSG00000249638.1,,,,,,,,,,,,,,,,,,,,,,,,,,,,,,,,,,,,
,,ENSG00000233570.1,,,,,,,,,,,,,,,,,,,,,,,,,,,,,,,,,,,,
,,ENSG00000259361.5,,,,,,,,,,,,,,,,,,,,,,,,,,,,,,,,,,,,
,,ENSG00000233605.2,,,,,,,,,,,,,,,,,,,,,,,,,,,,,,,,,,,,
,,ENSG00000251649.1,,,,,,,,,,,,,,,,,,,,,,,,,,,,,,,,,,,,
,,ENSG00000121446.18,,,,,,,,,,,,,,,,,,,,,,,,,,,,,,,,,,,,
,,ENSG00000241696.1,,,,,,,,,,,,,,,,,,,,,,,,,,,,,,,,,,,,
,,ENSG00000257603.1,,,,,,,,,,,,,,,,,,,,,,,,,,,,,,,,,,,,
,,ENSG00000231532.5,,,,,,,,,,,,,,,,,,,,,,,,,,,,,,,,,,,,
,,ENSG00000241469.7,,,,,,,,,,,,,,,,,,,,,,,,,,,,,,,,,,,,
,,ENSG00000261637.1,,,,,,,,,,,,,,,,,,,,,,,,,,,,,,,,,,,,
,,ENSG00000227181.1,,,,,,,,,,,,,,,,,,,,,,,,,,,,,,,,,,,,
,,ENSG00000227528.5,,,,,,,,,,,,,,,,,,,,,,,,,,,,,,,,,,,,
,,ENSG00000284452.1,,,,,,,,,,,,,,,,,,,,,,,,,,,,,,,,,,,,
,,ENSG00000168619.15,,,,,,,,,,,,,,,,,,,,,,,,,,,,,,,,,,,,
,,ENSG00000234767.1,,,,,,,,,,,,,,,,,,,,,,,,,,,,,,,,,,,,
,,ENSG00000240935.6,,,,,,,,,,,,,,,,,,,,,,,,,,,,,,,,,,,,
,,ENSG00000256115.5,,,,,,,,,,,,,,,,,,,,,,,,,,,,,,,,,,,,
,,ENSG00000267564.1,,,,,,,,,,,,,,,,,,,,,,,,,,,,,,,,,,,,
,,ENSG00000276487.1,,,,,,,,,,,,,,,,,,,,,,,,,,,,,,,,,,,,
,,ENSG00000258220.1,,,,,,,,,,,,,,,,,,,,,,,,,,,,,,,,,,,,
,,ENSG00000204193.10,,,,,,,,,,,,,,,,,,,,,,,,,,,,,,,,,,,,
,,ENSG00000232537.1,,,,,,,,,,,,,,,,,,,,,,,,,,,,,,,,,,,,
,,ENSG00000238202.1,,,,,,,,,,,,,,,,,,,,,,,,,,,,,,,,,,,,
,,ENSG00000253380.1,,,,,,,,,,,,,,,,,,,,,,,,,,,,,,,,,,,,
,,ENSG00000242911.1,,,,,,,,,,,,,,,,,,,,,,,,,,,,,,,,,,,,
,,ENSG00000225980.3,,,,,,,,,,,,,,,,,,,,,,,,,,,,,,,,,,,,
,,ENSG00000237136.7,,,,,,,,,,,,,,,,,,,,,,,,,,,,,,,,,,,,
,,ENSG00000230711.2,,,,,,,,,,,,,,,,,,,,,,,,,,,,,,,,,,,,
,,ENSG00000235519.1,,,,,,,,,,,,,,,,,,,,,,,,,,,,,,,,,,,,
,,ENSG00000226620.7,,,,,,,,,,,,,,,,,,,,,,,,,,,,,,,,,,,,
,,ENSG00000254119.5,,,,,,,,,,,,,,,,,,,,,,,,,,,,,,,,,,,,
,,ENSG00000231898.8,,,,,,,,,,,,,,,,,,,,,,,,,,,,,,,,,,,,
,,ENSG00000121634.5,,,,,,,,,,,,,,,,,,,,,,,,,,,,,,,,,,,,
,,ENSG00000239354.1,,,,,,,,,,,,,,,,,,,,,,,,,,,,,,,,,,,,
,,ENSG00000188755.9,,,,,,,,,,,,,,,,,,,,,,,,,,,,,,,,,,,,
,,ENSG00000138892.11,,,,,,,,,,,,,,,,,,,,,,,,,,,,,,,,,,,,
,,ENSG00000267872.1,,,,,,,,,,,,,,,,,,,,,,,,,,,,,,,,,,,,
,,ENSG00000256732.1,,,,,,,,,,,,,,,,,,,,,,,,,,,,,,,,,,,,
,,ENSG00000158553.4,,,,,,,,,,,,,,,,,,,,,,,,,,,,,,,,,,,,
,,ENSG00000226304.1,,,,,,,,,,,,,,,,,,,,,,,,,,,,,,,,,,,,
,,ENSG00000261296.1,,,,,,,,,,,,,,,,,,,,,,,,,,,,,,,,,,,,
,,ENSG00000233729.1,,,,,,,,,,,,,,,,,,,,,,,,,,,,,,,,,,,,
,,ENSG00000227087.4,,,,,,,,,,,,,,,,,,,,,,,,,,,,,,,,,,,,
,,ENSG00000232624.6,,,,,,,,,,,,,,,,,,,,,,,,,,,,,,,,,,,,
,,ENSG00000235705.5,,,,,,,,,,,,,,,,,,,,,,,,,,,,,,,,,,,,
,,ENSG00000198284.9,,,,,,,,,,,,,,,,,,,,,,,,,,,,,,,,,,,,
,,ENSG00000259320.1,,,,,,,,,,,,,,,,,,,,,,,,,,,,,,,,,,,,
,,ENSG00000248572.5,,,,,,,,,,,,,,,,,,,,,,,,,,,,,,,,,,,,
,,ENSG00000164508.4,,,,,,,,,,,,,,,,,,,,,,,,,,,,,,,,,,,,
,,ENSG00000249748.1,,,,,,,,,,,,,,,,,,,,,,,,,,,,,,,,,,,,
,,ENSG00000228338.1,,,,,,,,,,,,,,,,,,,,,,,,,,,,,,,,,,,,
,,ENSG00000241336.1,,,,,,,,,,,,,,,,,,,,,,,,,,,,,,,,,,,,
,,ENSG00000261595.1,,,,,,,,,,,,,,,,,,,,,,,,,,,,,,,,,,,,
,,ENSG00000187812.12,,,,,,,,,,,,,,,,,,,,,,,,,,,,,,,,,,,,
,,ENSG00000258026.1,,,,,,,,,,,,,,,,,,,,,,,,,,,,,,,,,,,,
,,ENSG00000228538.5,,,,,,,,,,,,,,,,,,,,,,,,,,,,,,,,,,,,
,,ENSG00000234962.5,,,,,,,,,,,,,,,,,,,,,,,,,,,,,,,,,,,,
,,ENSG00000274499.1,,,,,,,,,,,,,,,,,,,,,,,,,,,,,,,,,,,,
,,ENSG00000267166.5,,,,,,,,,,,,,,,,,,,,,,,,,,,,,,,,,,,,
,,ENSG00000184735.6,,,,,,,,,,,,,,,,,,,,,,,,,,,,,,,,,,,,
,,ENSG00000243197.7,,,,,,,,,,,,,,,,,,,,,,,,,,,,,,,,,,,,
,,ENSG00000280155.1,,,,,,,,,,,,,,,,,,,,,,,,,,,,,,,,,,,,
,,ENSG00000253147.5,,,,,,,,,,,,,,,,,,,,,,,,,,,,,,,,,,,,
,,ENSG00000183706.4,,,,,,,,,,,,,,,,,,,,,,,,,,,,,,,,,,,,
,,ENSG00000260551.1,,,,,,,,,,,,,,,,,,,,,,,,,,,,,,,,,,,,
,,ENSG00000125514.9,,,,,,,,,,,,,,,,,,,,,,,,,,,,,,,,,,,,
,,ENSG00000257612.1,,,,,,,,,,,,,,,,,,,,,,,,,,,,,,,,,,,,
,,ENSG00000225881.1,,,,,,,,,,,,,,,,,,,,,,,,,,,,,,,,,,,,
,,ENSG00000259786.6,,,,,,,,,,,,,,,,,,,,,,,,,,,,,,,,,,,,
,,ENSG00000230768.7,,,,,,,,,,,,,,,,,,,,,,,,,,,,,,,,,,,,
,,ENSG00000231575.1,,,,,,,,,,,,,,,,,,,,,,,,,,,,,,,,,,,,
,,ENSG00000225612.1,,,,,,,,,,,,,,,,,,,,,,,,,,,,,,,,,,,,
,,ENSG00000131914.10,,,,,,,,,,,,,,,,,,,,,,,,,,,,,,,,,,,,
,,ENSG00000278880.1,,,,,,,,,,,,,,,,,,,,,,,,,,,,,,,,,,,,
,,ENSG00000272329.1,,,,,,,,,,,,,,,,,,,,,,,,,,,,,,,,,,,,
,,ENSG00000160505.15,,,,,,,,,,,,,,,,,,,,,,,,,,,,,,,,,,,,
,,ENSG00000231046.1,,,,,,,,,,,,,,,,,,,,,,,,,,,,,,,,,,,,
,,ENSG00000230434.1,,,,,,,,,,,,,,,,,,,,,,,,,,,,,,,,,,,,
,,ENSG00000243981.4,,,,,,,,,,,,,,,,,,,,,,,,,,,,,,,,,,,,
,,ENSG00000230891.6,,,,,,,,,,,,,,,,,,,,,,,,,,,,,,,,,,,,
,,ENSG00000257860.5,,,,,,,,,,,,,,,,,,,,,,,,,,,,,,,,,,,,
,,ENSG00000225334.1,,,,,,,,,,,,,,,,,,,,,,,,,,,,,,,,,,,,
,,ENSG00000226249.1,,,,,,,,,,,,,,,,,,,,,,,,,,,,,,,,,,,,
,,ENSG00000257198.6,,,,,,,,,,,,,,,,,,,,,,,,,,,,,,,,,,,,
,,ENSG00000229522.1,,,,,,,,,,,,,,,,,,,,,,,,,,,,,,,,,,,,
,,ENSG00000283205.1,,,,,,,,,,,,,,,,,,,,,,,,,,,,,,,,,,,,
,,ENSG00000234973.5,,,,,,,,,,,,,,,,,,,,,,,,,,,,,,,,,,,,
,,ENSG00000257137.6,,,,,,,,,,,,,,,,,,,,,,,,,,,,,,,,,,,,
,,ENSG00000242908.6,,,,,,,,,,,,,,,,,,,,,,,,,,,,,,,,,,,,
,,ENSG00000153779.10,,,,,,,,,,,,,,,,,,,,,,,,,,,,,,,,,,,,
,,ENSG00000237767.1,,,,,,,,,,,,,,,,,,,,,,,,,,,,,,,,,,,,
,,ENSG00000242042.1,,,,,,,,,,,,,,,,,,,,,,,,,,,,,,,,,,,,
,,ENSG00000228679.1,,,,,,,,,,,,,,,,,,,,,,,,,,,,,,,,,,,,
,,ENSG00000271171.1,,,,,,,,,,,,,,,,,,,,,,,,,,,,,,,,,,,,
,,ENSG00000235009.1,,,,,,,,,,,,,,,,,,,,,,,,,,,,,,,,,,,,
,,ENSG00000261156.6,,,,,,,,,,,,,,,,,,,,,,,,,,,,,,,,,,,,
,,ENSG00000268845.1,,,,,,,,,,,,,,,,,,,,,,,,,,,,,,,,,,,,
,,ENSG00000243048.3,,,,,,,,,,,,,,,,,,,,,,,,,,,,,,,,,,,,
,,ENSG00000259817.2,,,,,,,,,,,,,,,,,,,,,,,,,,,,,,,,,,,,
,,ENSG00000276854.1,,,,,,,,,,,,,,,,,,,,,,,,,,,,,,,,,,,,
,,ENSG00000227549.1,,,,,,,,,,,,,,,,,,,,,,,,,,,,,,,,,,,,
,,ENSG00000125823.12,,,,,,,,,,,,,,,,,,,,,,,,,,,,,,,,,,,,
,,ENSG00000215262.7,,,,,,,,,,,,,,,,,,,,,,,,,,,,,,,,,,,,
,,ENSG00000225605.2,,,,,,,,,,,,,,,,,,,,,,,,,,,,,,,,,,,,
,,ENSG00000146722.11,,,,,,,,,,,,,,,,,,,,,,,,,,,,,,,,,,,,
,,ENSG00000214249.3,,,,,,,,,,,,,,,,,,,,,,,,,,,,,,,,,,,,
,,ENSG00000228829.1,,,,,,,,,,,,,,,,,,,,,,,,,,,,,,,,,,,,
,,ENSG00000228259.3,,,,,,,,,,,,,,,,,,,,,,,,,,,,,,,,,,,,
,,ENSG00000255181.3,,,,,,,,,,,,,,,,,,,,,,,,,,,,,,,,,,,,
,,ENSG00000254372.1,,,,,,,,,,,,,,,,,,,,,,,,,,,,,,,,,,,,
,,ENSG00000238141.2,,,,,,,,,,,,,,,,,,,,,,,,,,,,,,,,,,,,
,,ENSG00000253887.1,,,,,,,,,,,,,,,,,,,,,,,,,,,,,,,,,,,,
,,ENSG00000259701.1,,,,,,,,,,,,,,,,,,,,,,,,,,,,,,,,,,,,
,,ENSG00000254451.2,,,,,,,,,,,,,,,,,,,,,,,,,,,,,,,,,,,,
,,ENSG00000250930.5,,,,,,,,,,,,,,,,,,,,,,,,,,,,,,,,,,,,
,,ENSG00000253236.1,,,,,,,,,,,,,,,,,,,,,,,,,,,,,,,,,,,,
,,ENSG00000226938.1,,,,,,,,,,,,,,,,,,,,,,,,,,,,,,,,,,,,
,,ENSG00000249239.2,,,,,,,,,,,,,,,,,,,,,,,,,,,,,,,,,,,,
,,ENSG00000255313.1,,,,,,,,,,,,,,,,,,,,,,,,,,,,,,,,,,,,
,,ENSG00000181358.3,,,,,,,,,,,,,,,,,,,,,,,,,,,,,,,,,,,,
,,ENSG00000224090.1,,,,,,,,,,,,,,,,,,,,,,,,,,,,,,,,,,,,
,,ENSG00000261190.5,,,,,,,,,,,,,,,,,,,,,,,,,,,,,,,,,,,,
,,ENSG00000234361.1,,,,,,,,,,,,,,,,,,,,,,,,,,,,,,,,,,,,
,,ENSG00000260422.1,,,,,,,,,,,,,,,,,,,,,,,,,,,,,,,,,,,,
,,ENSG00000149443.7,,,,,,,,,,,,,,,,,,,,,,,,,,,,,,,,,,,,
,,ENSG00000213067.2,,,,,,,,,,,,,,,,,,,,,,,,,,,,,,,,,,,,
,,ENSG00000232494.1,,,,,,,,,,,,,,,,,,,,,,,,,,,,,,,,,,,,
,,ENSG00000220483.4,,,,,,,,,,,,,,,,,,,,,,,,,,,,,,,,,,,,
,,ENSG00000178804.7,,,,,,,,,,,,,,,,,,,,,,,,,,,,,,,,,,,,
,,ENSG00000247131.5,,,,,,,,,,,,,,,,,,,,,,,,,,,,,,,,,,,,
,,ENSG00000233277.1,,,,,,,,,,,,,,,,,,,,,,,,,,,,,,,,,,,,
,,ENSG00000258747.1,,,,,,,,,,,,,,,,,,,,,,,,,,,,,,,,,,,,
,,ENSG00000249882.1,,,,,,,,,,,,,,,,,,,,,,,,,,,,,,,,,,,,
,,ENSG00000265041.1,,,,,,,,,,,,,,,,,,,,,,,,,,,,,,,,,,,,
,,ENSG00000254242.1,,,,,,,,,,,,,,,,,,,,,,,,,,,,,,,,,,,,
,,ENSG00000217261.4,,,,,,,,,,,,,,,,,,,,,,,,,,,,,,,,,,,,
,,ENSG00000253199.1,,,,,,,,,,,,,,,,,,,,,,,,,,,,,,,,,,,,
,,ENSG00000267559.5,,,,,,,,,,,,,,,,,,,,,,,,,,,,,,,,,,,,
,,ENSG00000246394.7,,,,,,,,,,,,,,,,,,,,,,,,,,,,,,,,,,,,
,,ENSG00000232465.1,,,,,,,,,,,,,,,,,,,,,,,,,,,,,,,,,,,,
,,ENSG00000225703.1,,,,,,,,,,,,,,,,,,,,,,,,,,,,,,,,,,,,
,,ENSG00000255447.1,,,,,,,,,,,,,,,,,,,,,,,,,,,,,,,,,,,,
,,ENSG00000217385.1,,,,,,,,,,,,,,,,,,,,,,,,,,,,,,,,,,,,
,,ENSG00000227098.1,,,,,,,,,,,,,,,,,,,,,,,,,,,,,,,,,,,,
,,ENSG00000213232.2,,,,,,,,,,,,,,,,,,,,,,,,,,,,,,,,,,,,
,,ENSG00000280359.1,,,,,,,,,,,,,,,,,,,,,,,,,,,,,,,,,,,,
,,ENSG00000236866.5,,,,,,,,,,,,,,,,,,,,,,,,,,,,,,,,,,,,
,,ENSG00000280412.1,,,,,,,,,,,,,,,,,,,,,,,,,,,,,,,,,,,,
,,ENSG00000204849.7,,,,,,,,,,,,,,,,,,,,,,,,,,,,,,,,,,,,
,,ENSG00000261475.2,,,,,,,,,,,,,,,,,,,,,,,,,,,,,,,,,,,,
,,ENSG00000229674.1,,,,,,,,,,,,,,,,,,,,,,,,,,,,,,,,,,,,
,,ENSG00000225166.1,,,,,,,,,,,,,,,,,,,,,,,,,,,,,,,,,,,,
,,ENSG00000261697.5,,,,,,,,,,,,,,,,,,,,,,,,,,,,,,,,,,,,
,,ENSG00000249781.6,,,,,,,,,,,,,,,,,,,,,,,,,,,,,,,,,,,,
,,ENSG00000283516.1,,,,,,,,,,,,,,,,,,,,,,,,,,,,,,,,,,,,
,,ENSG00000222004.7,,,,,,,,,,,,,,,,,,,,,,,,,,,,,,,,,,,,
,,ENSG00000258422.5,,,,,,,,,,,,,,,,,,,,,,,,,,,,,,,,,,,,
,,ENSG00000226695.1,,,,,,,,,,,,,,,,,,,,,,,,,,,,,,,,,,,,
,,ENSG00000251445.1,,,,,,,,,,,,,,,,,,,,,,,,,,,,,,,,,,,,
,,ENSG00000250393.1,,,,,,,,,,,,,,,,,,,,,,,,,,,,,,,,,,,,
,,ENSG00000266950.1,,,,,,,,,,,,,,,,,,,,,,,,,,,,,,,,,,,,
,,ENSG00000283044.1,,,,,,,,,,,,,,,,,,,,,,,,,,,,,,,,,,,,
,,ENSG00000256721.1,,,,,,,,,,,,,,,,,,,,,,,,,,,,,,,,,,,,
,,ENSG00000264765.1,,,,,,,,,,,,,,,,,,,,,,,,,,,,,,,,,,,,
,,ENSG00000248222.5,,,,,,,,,,,,,,,,,,,,,,,,,,,,,,,,,,,,
,,ENSG00000260232.1,,,,,,,,,,,,,,,,,,,,,,,,,,,,,,,,,,,,
,,ENSG00000275139.1,,,,,,,,,,,,,,,,,,,,,,,,,,,,,,,,,,,,
,,ENSG00000284209.1,,,,,,,,,,,,,,,,,,,,,,,,,,,,,,,,,,,,
,,ENSG00000258464.1,,,,,,,,,,,,,,,,,,,,,,,,,,,,,,,,,,,,
,,ENSG00000233985.1,,,,,,,,,,,,,,,,,,,,,,,,,,,,,,,,,,,,
,,ENSG00000263618.5,,,,,,,,,,,,,,,,,,,,,,,,,,,,,,,,,,,,
,,ENSG00000259011.1,,,,,,,,,,,,,,,,,,,,,,,,,,,,,,,,,,,,
,,ENSG00000243995.2,,,,,,,,,,,,,,,,,,,,,,,,,,,,,,,,,,,,
,,ENSG00000280262.1,,,,,,,,,,,,,,,,,,,,,,,,,,,,,,,,,,,,
,,ENSG00000249787.1,,,,,,,,,,,,,,,,,,,,,,,,,,,,,,,,,,,,
,,ENSG00000233587.1,,,,,,,,,,,,,,,,,,,,,,,,,,,,,,,,,,,,
,,ENSG00000206181.5,,,,,,,,,,,,,,,,,,,,,,,,,,,,,,,,,,,,
,,ENSG00000267743.5,,,,,,,,,,,,,,,,,,,,,,,,,,,,,,,,,,,,
,,ENSG00000225063.1,,,,,,,,,,,,,,,,,,,,,,,,,,,,,,,,,,,,
,,ENSG00000223920.2,,,,,,,,,,,,,,,,,,,,,,,,,,,,,,,,,,,,
,,ENSG00000240766.1,,,,,,,,,,,,,,,,,,,,,,,,,,,,,,,,,,,,
,,ENSG00000233656.1,,,,,,,,,,,,,,,,,,,,,,,,,,,,,,,,,,,,
,,ENSG00000258742.5,,,,,,,,,,,,,,,,,,,,,,,,,,,,,,,,,,,,
,,ENSG00000255332.7,,,,,,,,,,,,,,,,,,,,,,,,,,,,,,,,,,,,
,,ENSG00000228966.2,,,,,,,,,,,,,,,,,,,,,,,,,,,,,,,,,,,,
,,ENSG00000129965.13,,,,,,,,,,,,,,,,,,,,,,,,,,,,,,,,,,,,
,,ENSG00000261398.1,,,,,,,,,,,,,,,,,,,,,,,,,,,,,,,,,,,,
,,ENSG00000201816.1,,,,,,,,,,,,,,,,,,,,,,,,,,,,,,,,,,,,
,,ENSG00000228714.2,,,,,,,,,,,,,,,,,,,,,,,,,,,,,,,,,,,,
,,ENSG00000263201.1,,,,,,,,,,,,,,,,,,,,,,,,,,,,,,,,,,,,
,,ENSG00000258716.1,,,,,,,,,,,,,,,,,,,,,,,,,,,,,,,,,,,,
,,ENSG00000267777.1,,,,,,,,,,,,,,,,,,,,,,,,,,,,,,,,,,,,
,,ENSG00000259708.1,,,,,,,,,,,,,,,,,,,,,,,,,,,,,,,,,,,,
,,ENSG00000253577.1,,,,,,,,,,,,,,,,,,,,,,,,,,,,,,,,,,,,
,,ENSG00000255133.1,,,,,,,,,,,,,,,,,,,,,,,,,,,,,,,,,,,,
,,ENSG00000230292.5,,,,,,,,,,,,,,,,,,,,,,,,,,,,,,,,,,,,
,,ENSG00000235537.1,,,,,,,,,,,,,,,,,,,,,,,,,,,,,,,,,,,,
,,ENSG00000214335.3,,,,,,,,,,,,,,,,,,,,,,,,,,,,,,,,,,,,
,,ENSG00000253551.1,,,,,,,,,,,,,,,,,,,,,,,,,,,,,,,,,,,,
,,ENSG00000253961.1,,,,,,,,,,,,,,,,,,,,,,,,,,,,,,,,,,,,
,,ENSG00000235202.1,,,,,,,,,,,,,,,,,,,,,,,,,,,,,,,,,,,,
,,ENSG00000236761.5,,,,,,,,,,,,,,,,,,,,,,,,,,,,,,,,,,,,
,,ENSG00000243574.1,,,,,,,,,,,,,,,,,,,,,,,,,,,,,,,,,,,,
,,ENSG00000256022.5,,,,,,,,,,,,,,,,,,,,,,,,,,,,,,,,,,,,
,,ENSG00000229005.2,,,,,,,,,,,,,,,,,,,,,,,,,,,,,,,,,,,,
,,ENSG00000254237.5,,,,,,,,,,,,,,,,,,,,,,,,,,,,,,,,,,,,
,,ENSG00000254262.1,,,,,,,,,,,,,,,,,,,,,,,,,,,,,,,,,,,,
,,ENSG00000230680.2,,,,,,,,,,,,,,,,,,,,,,,,,,,,,,,,,,,,
,,ENSG00000282898.1,,,,,,,,,,,,,,,,,,,,,,,,,,,,,,,,,,,,
,,ENSG00000253711.1,,,,,,,,,,,,,,,,,,,,,,,,,,,,,,,,,,,,
,,ENSG00000255546.1,,,,,,,,,,,,,,,,,,,,,,,,,,,,,,,,,,,,
,,ENSG00000231254.2,,,,,,,,,,,,,,,,,,,,,,,,,,,,,,,,,,,,
,,ENSG00000124227.5,,,,,,,,,,,,,,,,,,,,,,,,,,,,,,,,,,,,
,,ENSG00000251273.1,,,,,,,,,,,,,,,,,,,,,,,,,,,,,,,,,,,,
,,ENSG00000236253.7,,,,,,,,,,,,,,,,,,,,,,,,,,,,,,,,,,,,
,,ENSG00000235518.2,,,,,,,,,,,,,,,,,,,,,,,,,,,,,,,,,,,,
,,ENSG00000252774.1,,,,,,,,,,,,,,,,,,,,,,,,,,,,,,,,,,,,
,,ENSG00000224349.2,,,,,,,,,,,,,,,,,,,,,,,,,,,,,,,,,,,,
,,ENSG00000251283.1,,,,,,,,,,,,,,,,,,,,,,,,,,,,,,,,,,,,
,,ENSG00000261800.1,,,,,,,,,,,,,,,,,,,,,,,,,,,,,,,,,,,,
,,ENSG00000270624.1,,,,,,,,,,,,,,,,,,,,,,,,,,,,,,,,,,,,
,,ENSG00000224540.1,,,,,,,,,,,,,,,,,,,,,,,,,,,,,,,,,,,,
,,ENSG00000230789.1,,,,,,,,,,,,,,,,,,,,,,,,,,,,,,,,,,,,
,,ENSG00000234267.2,,,,,,,,,,,,,,,,,,,,,,,,,,,,,,,,,,,,
,,ENSG00000279428.1,,,,,,,,,,,,,,,,,,,,,,,,,,,,,,,,,,,,
,,ENSG00000239767.1,,,,,,,,,,,,,,,,,,,,,,,,,,,,,,,,,,,,
,,ENSG00000250754.5,,,,,,,,,,,,,,,,,,,,,,,,,,,,,,,,,,,,
,,ENSG00000164411.11,,,,,,,,,,,,,,,,,,,,,,,,,,,,,,,,,,,,
,,ENSG00000253190.3,,,,,,,,,,,,,,,,,,,,,,,,,,,,,,,,,,,,
,,ENSG00000255167.1,,,,,,,,,,,,,,,,,,,,,,,,,,,,,,,,,,,,
,,ENSG00000236769.1,,,,,,,,,,,,,,,,,,,,,,,,,,,,,,,,,,,,
,,ENSG00000232555.1,,,,,,,,,,,,,,,,,,,,,,,,,,,,,,,,,,,,
,,ENSG00000228735.1,,,,,,,,,,,,,,,,,,,,,,,,,,,,,,,,,,,,
,,ENSG00000270544.1,,,,,,,,,,,,,,,,,,,,,,,,,,,,,,,,,,,,
,,ENSG00000248736.1,,,,,,,,,,,,,,,,,,,,,,,,,,,,,,,,,,,,
,,ENSG00000220660.2,,,,,,,,,,,,,,,,,,,,,,,,,,,,,,,,,,,,
,,ENSG00000214188.9,,,,,,,,,,,,,,,,,,,,,,,,,,,,,,,,,,,,
,,ENSG00000248498.3,,,,,,,,,,,,,,,,,,,,,,,,,,,,,,,,,,,,
,,ENSG00000275540.1,,,,,,,,,,,,,,,,,,,,,,,,,,,,,,,,,,,,
,,ENSG00000226447.1,,,,,,,,,,,,,,,,,,,,,,,,,,,,,,,,,,,,
,,ENSG00000267489.3,,,,,,,,,,,,,,,,,,,,,,,,,,,,,,,,,,,,
,,ENSG00000231538.1,,,,,,,,,,,,,,,,,,,,,,,,,,,,,,,,,,,,
,,ENSG00000250078.1,,,,,,,,,,,,,,,,,,,,,,,,,,,,,,,,,,,,
,,ENSG00000267057.5,,,,,,,,,,,,,,,,,,,,,,,,,,,,,,,,,,,,
,,ENSG00000123165.8,,,,,,,,,,,,,,,,,,,,,,,,,,,,,,,,,,,,
,,ENSG00000281219.2,,,,,,,,,,,,,,,,,,,,,,,,,,,,,,,,,,,,
,,ENSG00000234956.5,,,,,,,,,,,,,,,,,,,,,,,,,,,,,,,,,,,,
,,ENSG00000203643.3,,,,,,,,,,,,,,,,,,,,,,,,,,,,,,,,,,,,
,,ENSG00000251059.5,,,,,,,,,,,,,,,,,,,,,,,,,,,,,,,,,,,,
,,ENSG00000268078.1,,,,,,,,,,,,,,,,,,,,,,,,,,,,,,,,,,,,
,,ENSG00000213180.4,,,,,,,,,,,,,,,,,,,,,,,,,,,,,,,,,,,,
,,ENSG00000257129.1,,,,,,,,,,,,,,,,,,,,,,,,,,,,,,,,,,,,
,,ENSG00000225767.1,,,,,,,,,,,,,,,,,,,,,,,,,,,,,,,,,,,,
,,ENSG00000274748.1,,,,,,,,,,,,,,,,,,,,,,,,,,,,,,,,,,,,
,,ENSG00000214553.9,,,,,,,,,,,,,,,,,,,,,,,,,,,,,,,,,,,,
,,ENSG00000237057.2,,,,,,,,,,,,,,,,,,,,,,,,,,,,,,,,,,,,
,,ENSG00000267354.1,,,,,,,,,,,,,,,,,,,,,,,,,,,,,,,,,,,,
,,ENSG00000225497.5,,,,,,,,,,,,,,,,,,,,,,,,,,,,,,,,,,,,
,,ENSG00000225488.1,,,,,,,,,,,,,,,,,,,,,,,,,,,,,,,,,,,,
,,ENSG00000272371.1,,,,,,,,,,,,,,,,,,,,,,,,,,,,,,,,,,,,
,,ENSG00000278849.1,,,,,,,,,,,,,,,,,,,,,,,,,,,,,,,,,,,,
,,ENSG00000197503.4,,,,,,,,,,,,,,,,,,,,,,,,,,,,,,,,,,,,
,,ENSG00000165164.13,,,,,,,,,,,,,,,,,,,,,,,,,,,,,,,,,,,,
,,ENSG00000255998.1,,,,,,,,,,,,,,,,,,,,,,,,,,,,,,,,,,,,
,,ENSG00000230848.1,,,,,,,,,,,,,,,,,,,,,,,,,,,,,,,,,,,,
,,ENSG00000175202.3,,,,,,,,,,,,,,,,,,,,,,,,,,,,,,,,,,,,
,,ENSG00000256286.1,,,,,,,,,,,,,,,,,,,,,,,,,,,,,,,,,,,,
,,ENSG00000226250.1,,,,,,,,,,,,,,,,,,,,,,,,,,,,,,,,,,,,
,,ENSG00000237919.5,,,,,,,,,,,,,,,,,,,,,,,,,,,,,,,,,,,,
,,ENSG00000147183.9,,,,,,,,,,,,,,,,,,,,,,,,,,,,,,,,,,,,
,,ENSG00000258368.2,,,,,,,,,,,,,,,,,,,,,,,,,,,,,,,,,,,,
,,ENSG00000204915.3,,,,,,,,,,,,,,,,,,,,,,,,,,,,,,,,,,,,
,,ENSG00000232633.4,,,,,,,,,,,,,,,,,,,,,,,,,,,,,,,,,,,,
,,ENSG00000256699.1,,,,,,,,,,,,,,,,,,,,,,,,,,,,,,,,,,,,
,,ENSG00000231492.2,,,,,,,,,,,,,,,,,,,,,,,,,,,,,,,,,,,,
,,ENSG00000170688.4,,,,,,,,,,,,,,,,,,,,,,,,,,,,,,,,,,,,
,,ENSG00000264422.1,,,,,,,,,,,,,,,,,,,,,,,,,,,,,,,,,,,,
,,ENSG00000223504.1,,,,,,,,,,,,,,,,,,,,,,,,,,,,,,,,,,,,
,,ENSG00000255161.1,,,,,,,,,,,,,,,,,,,,,,,,,,,,,,,,,,,,
,,ENSG00000248692.5,,,,,,,,,,,,,,,,,,,,,,,,,,,,,,,,,,,,
,,ENSG00000260198.1,,,,,,,,,,,,,,,,,,,,,,,,,,,,,,,,,,,,
,,ENSG00000224918.1,,,,,,,,,,,,,,,,,,,,,,,,,,,,,,,,,,,,
,,ENSG00000234871.1,,,,,,,,,,,,,,,,,,,,,,,,,,,,,,,,,,,,
,,ENSG00000279818.1,,,,,,,,,,,,,,,,,,,,,,,,,,,,,,,,,,,,
,,ENSG00000215288.4,,,,,,,,,,,,,,,,,,,,,,,,,,,,,,,,,,,,
,,ENSG00000249865.1,,,,,,,,,,,,,,,,,,,,,,,,,,,,,,,,,,,,
,,ENSG00000226527.1,,,,,,,,,,,,,,,,,,,,,,,,,,,,,,,,,,,,
,,ENSG00000230040.1,,,,,,,,,,,,,,,,,,,,,,,,,,,,,,,,,,,,
,,ENSG00000259587.2,,,,,,,,,,,,,,,,,,,,,,,,,,,,,,,,,,,,
,,ENSG00000259572.5,,,,,,,,,,,,,,,,,,,,,,,,,,,,,,,,,,,,
,,ENSG00000278885.1,,,,,,,,,,,,,,,,,,,,,,,,,,,,,,,,,,,,
,,ENSG00000225249.5,,,,,,,,,,,,,,,,,,,,,,,,,,,,,,,,,,,,
,,ENSG00000236387.1,,,,,,,,,,,,,,,,,,,,,,,,,,,,,,,,,,,,
,,ENSG00000186788.13,,,,,,,,,,,,,,,,,,,,,,,,,,,,,,,,,,,,
,,ENSG00000258573.5,,,,,,,,,,,,,,,,,,,,,,,,,,,,,,,,,,,,
,,ENSG00000248370.1,,,,,,,,,,,,,,,,,,,,,,,,,,,,,,,,,,,,
,,ENSG00000237092.1,,,,,,,,,,,,,,,,,,,,,,,,,,,,,,,,,,,,
,,ENSG00000272281.6,,,,,,,,,,,,,,,,,,,,,,,,,,,,,,,,,,,,
,,ENSG00000251642.1,,,,,,,,,,,,,,,,,,,,,,,,,,,,,,,,,,,,
,,ENSG00000232490.6,,,,,,,,,,,,,,,,,,,,,,,,,,,,,,,,,,,,
,,ENSG00000234828.8,,,,,,,,,,,,,,,,,,,,,,,,,,,,,,,,,,,,
,,ENSG00000264660.2,,,,,,,,,,,,,,,,,,,,,,,,,,,,,,,,,,,,
,,ENSG00000266306.1,,,,,,,,,,,,,,,,,,,,,,,,,,,,,,,,,,,,
,,ENSG00000259517.2,,,,,,,,,,,,,,,,,,,,,,,,,,,,,,,,,,,,
,,ENSG00000254497.1,,,,,,,,,,,,,,,,,,,,,,,,,,,,,,,,,,,,
,,ENSG00000261739.2,,,,,,,,,,,,,,,,,,,,,,,,,,,,,,,,,,,,
,,ENSG00000254066.1,,,,,,,,,,,,,,,,,,,,,,,,,,,,,,,,,,,,
,,ENSG00000261866.2,,,,,,,,,,,,,,,,,,,,,,,,,,,,,,,,,,,,
,,ENSG00000238158.6,,,,,,,,,,,,,,,,,,,,,,,,,,,,,,,,,,,,
,,ENSG00000180083.10,,,,,,,,,,,,,,,,,,,,,,,,,,,,,,,,,,,,
,,ENSG00000253634.1,,,,,,,,,,,,,,,,,,,,,,,,,,,,,,,,,,,,
,,ENSG00000231204.5,,,,,,,,,,,,,,,,,,,,,,,,,,,,,,,,,,,,
,,ENSG00000168746.8,,,,,,,,,,,,,,,,,,,,,,,,,,,,,,,,,,,,
,,ENSG00000256596.1,,,,,,,,,,,,,,,,,,,,,,,,,,,,,,,,,,,,
,,ENSG00000255395.1,,,,,,,,,,,,,,,,,,,,,,,,,,,,,,,,,,,,
,,ENSG00000251112.2,,,,,,,,,,,,,,,,,,,,,,,,,,,,,,,,,,,,
,,ENSG00000259390.2,,,,,,,,,,,,,,,,,,,,,,,,,,,,,,,,,,,,
,,ENSG00000257997.5,,,,,,,,,,,,,,,,,,,,,,,,,,,,,,,,,,,,
,,ENSG00000248555.6,,,,,,,,,,,,,,,,,,,,,,,,,,,,,,,,,,,,
,,ENSG00000279222.1,,,,,,,,,,,,,,,,,,,,,,,,,,,,,,,,,,,,
,,ENSG00000243918.1,,,,,,,,,,,,,,,,,,,,,,,,,,,,,,,,,,,,
,,ENSG00000224535.1,,,,,,,,,,,,,,,,,,,,,,,,,,,,,,,,,,,,
,,ENSG00000183169.6,,,,,,,,,,,,,,,,,,,,,,,,,,,,,,,,,,,,
,,ENSG00000281548.1,,,,,,,,,,,,,,,,,,,,,,,,,,,,,,,,,,,,
,,ENSG00000270835.2,,,,,,,,,,,,,,,,,,,,,,,,,,,,,,,,,,,,
,,ENSG00000216588.8,,,,,,,,,,,,,,,,,,,,,,,,,,,,,,,,,,,,
,,ENSG00000223587.1,,,,,,,,,,,,,,,,,,,,,,,,,,,,,,,,,,,,
,,ENSG00000258909.1,,,,,,,,,,,,,,,,,,,,,,,,,,,,,,,,,,,,
,,ENSG00000271649.1,,,,,,,,,,,,,,,,,,,,,,,,,,,,,,,,,,,,
,,ENSG00000250190.1,,,,,,,,,,,,,,,,,,,,,,,,,,,,,,,,,,,,
,,ENSG00000261176.1,,,,,,,,,,,,,,,,,,,,,,,,,,,,,,,,,,,,
,,ENSG00000243849.1,,,,,,,,,,,,,,,,,,,,,,,,,,,,,,,,,,,,
,,ENSG00000213140.3,,,,,,,,,,,,,,,,,,,,,,,,,,,,,,,,,,,,
,,ENSG00000248973.1,,,,,,,,,,,,,,,,,,,,,,,,,,,,,,,,,,,,
,,ENSG00000276508.1,,,,,,,,,,,,,,,,,,,,,,,,,,,,,,,,,,,,
,,ENSG00000240254.1,,,,,,,,,,,,,,,,,,,,,,,,,,,,,,,,,,,,
,,ENSG00000279527.1,,,,,,,,,,,,,,,,,,,,,,,,,,,,,,,,,,,,
,,ENSG00000275265.1,,,,,,,,,,,,,,,,,,,,,,,,,,,,,,,,,,,,
,,ENSG00000260125.1,,,,,,,,,,,,,,,,,,,,,,,,,,,,,,,,,,,,
,,ENSG00000232360.1,,,,,,,,,,,,,,,,,,,,,,,,,,,,,,,,,,,,
,,ENSG00000248307.5,,,,,,,,,,,,,,,,,,,,,,,,,,,,,,,,,,,,
,,ENSG00000258068.1,,,,,,,,,,,,,,,,,,,,,,,,,,,,,,,,,,,,
,,ENSG00000255666.5,,,,,,,,,,,,,,,,,,,,,,,,,,,,,,,,,,,,
,,ENSG00000227352.1,,,,,,,,,,,,,,,,,,,,,,,,,,,,,,,,,,,,
,,ENSG00000253859.2,,,,,,,,,,,,,,,,,,,,,,,,,,,,,,,,,,,,
,,ENSG00000279791.1,,,,,,,,,,,,,,,,,,,,,,,,,,,,,,,,,,,,
,,ENSG00000240777.2,,,,,,,,,,,,,,,,,,,,,,,,,,,,,,,,,,,,
,,ENSG00000234551.1,,,,,,,,,,,,,,,,,,,,,,,,,,,,,,,,,,,,
,,ENSG00000131864.10,,,,,,,,,,,,,,,,,,,,,,,,,,,,,,,,,,,,
,,ENSG00000253267.5,,,,,,,,,,,,,,,,,,,,,,,,,,,,,,,,,,,,
,,ENSG00000279935.1,,,,,,,,,,,,,,,,,,,,,,,,,,,,,,,,,,,,
,,ENSG00000235415.1,,,,,,,,,,,,,,,,,,,,,,,,,,,,,,,,,,,,
,,ENSG00000225652.1,,,,,,,,,,,,,,,,,,,,,,,,,,,,,,,,,,,,
,,ENSG00000258553.5,,,,,,,,,,,,,,,,,,,,,,,,,,,,,,,,,,,,
,,ENSG00000236244.1,,,,,,,,,,,,,,,,,,,,,,,,,,,,,,,,,,,,
,,ENSG00000231173.1,,,,,,,,,,,,,,,,,,,,,,,,,,,,,,,,,,,,
,,ENSG00000235243.1,,,,,,,,,,,,,,,,,,,,,,,,,,,,,,,,,,,,
,,ENSG00000265964.1,,,,,,,,,,,,,,,,,,,,,,,,,,,,,,,,,,,,
,,ENSG00000232732.9,,,,,,,,,,,,,,,,,,,,,,,,,,,,,,,,,,,,
,,ENSG00000261078.1,,,,,,,,,,,,,,,,,,,,,,,,,,,,,,,,,,,,
,,ENSG00000267311.1,,,,,,,,,,,,,,,,,,,,,,,,,,,,,,,,,,,,
,,ENSG00000235461.1,,,,,,,,,,,,,,,,,,,,,,,,,,,,,,,,,,,,
,,ENSG00000113525.9,,,,,,,,,,,,,,,,,,,,,,,,,,,,,,,,,,,,
,,ENSG00000239705.1,,,,,,,,,,,,,,,,,,,,,,,,,,,,,,,,,,,,
,,ENSG00000248740.5,,,,,,,,,,,,,,,,,,,,,,,,,,,,,,,,,,,,
,,ENSG00000255553.1,,,,,,,,,,,,,,,,,,,,,,,,,,,,,,,,,,,,
,,ENSG00000225263.1,,,,,,,,,,,,,,,,,,,,,,,,,,,,,,,,,,,,
,,ENSG00000258098.1,,,,,,,,,,,,,,,,,,,,,,,,,,,,,,,,,,,,
,,ENSG00000253857.1,,,,,,,,,,,,,,,,,,,,,,,,,,,,,,,,,,,,
,,ENSG00000171060.10,,,,,,,,,,,,,,,,,,,,,,,,,,,,,,,,,,,,
,,ENSG00000232243.1,,,,,,,,,,,,,,,,,,,,,,,,,,,,,,,,,,,,
,,ENSG00000237870.6,,,,,,,,,,,,,,,,,,,,,,,,,,,,,,,,,,,,
,,ENSG00000277322.1,,,,,,,,,,,,,,,,,,,,,,,,,,,,,,,,,,,,
,,ENSG00000228838.1,,,,,,,,,,,,,,,,,,,,,,,,,,,,,,,,,,,,
,,ENSG00000229251.3,,,,,,,,,,,,,,,,,,,,,,,,,,,,,,,,,,,,
,,ENSG00000246863.2,,,,,,,,,,,,,,,,,,,,,,,,,,,,,,,,,,,,
,,ENSG00000260937.5,,,,,,,,,,,,,,,,,,,,,,,,,,,,,,,,,,,,
,,ENSG00000237636.2,,,,,,,,,,,,,,,,,,,,,,,,,,,,,,,,,,,,
,,ENSG00000254840.1,,,,,,,,,,,,,,,,,,,,,,,,,,,,,,,,,,,,
,,ENSG00000251688.1,,,,,,,,,,,,,,,,,,,,,,,,,,,,,,,,,,,,
,,ENSG00000234402.1,,,,,,,,,,,,,,,,,,,,,,,,,,,,,,,,,,,,
,,ENSG00000226722.3,,,,,,,,,,,,,,,,,,,,,,,,,,,,,,,,,,,,
,,ENSG00000203690.11,,,,,,,,,,,,,,,,,,,,,,,,,,,,,,,,,,,,
,,ENSG00000159289.6,,,,,,,,,,,,,,,,,,,,,,,,,,,,,,,,,,,,
,,ENSG00000224209.7,,,,,,,,,,,,,,,,,,,,,,,,,,,,,,,,,,,,
,,ENSG00000124818.15,,,,,,,,,,,,,,,,,,,,,,,,,,,,,,,,,,,,
,,ENSG00000225744.1,,,,,,,,,,,,,,,,,,,,,,,,,,,,,,,,,,,,
,,ENSG00000270816.5,,,,,,,,,,,,,,,,,,,,,,,,,,,,,,,,,,,,
,,ENSG00000271321.1,,,,,,,,,,,,,,,,,,,,,,,,,,,,,,,,,,,,
,,ENSG00000265163.1,,,,,,,,,,,,,,,,,,,,,,,,,,,,,,,,,,,,
,,ENSG00000259290.1,,,,,,,,,,,,,,,,,,,,,,,,,,,,,,,,,,,,
,,ENSG00000164500.6,,,,,,,,,,,,,,,,,,,,,,,,,,,,,,,,,,,,
,,ENSG00000234650.5,,,,,,,,,,,,,,,,,,,,,,,,,,,,,,,,,,,,
,,ENSG00000258678.1,,,,,,,,,,,,,,,,,,,,,,,,,,,,,,,,,,,,
,,ENSG00000231364.2,,,,,,,,,,,,,,,,,,,,,,,,,,,,,,,,,,,,
,,ENSG00000254334.1,,,,,,,,,,,,,,,,,,,,,,,,,,,,,,,,,,,,
,,ENSG00000282975.1,,,,,,,,,,,,,,,,,,,,,,,,,,,,,,,,,,,,
,,ENSG00000259585.2,,,,,,,,,,,,,,,,,,,,,,,,,,,,,,,,,,,,
,,ENSG00000215117.5,,,,,,,,,,,,,,,,,,,,,,,,,,,,,,,,,,,,
,,ENSG00000255344.1,,,,,,,,,,,,,,,,,,,,,,,,,,,,,,,,,,,,
,,ENSG00000202512.1,,,,,,,,,,,,,,,,,,,,,,,,,,,,,,,,,,,,
,,ENSG00000230403.1,,,,,,,,,,,,,,,,,,,,,,,,,,,,,,,,,,,,
,,ENSG00000277661.4,,,,,,,,,,,,,,,,,,,,,,,,,,,,,,,,,,,,
,,ENSG00000235410.1,,,,,,,,,,,,,,,,,,,,,,,,,,,,,,,,,,,,
,,ENSG00000271013.1,,,,,,,,,,,,,,,,,,,,,,,,,,,,,,,,,,,,
,,ENSG00000255269.2,,,,,,,,,,,,,,,,,,,,,,,,,,,,,,,,,,,,
,,ENSG00000228174.7,,,,,,,,,,,,,,,,,,,,,,,,,,,,,,,,,,,,
,,ENSG00000266273.1,,,,,,,,,,,,,,,,,,,,,,,,,,,,,,,,,,,,
,,ENSG00000231529.1,,,,,,,,,,,,,,,,,,,,,,,,,,,,,,,,,,,,
,,ENSG00000269025.2,,,,,,,,,,,,,,,,,,,,,,,,,,,,,,,,,,,,
,,ENSG00000251391.4,,,,,,,,,,,,,,,,,,,,,,,,,,,,,,,,,,,,
,,ENSG00000231934.1,,,,,,,,,,,,,,,,,,,,,,,,,,,,,,,,,,,,
,,ENSG00000262352.1,,,,,,,,,,,,,,,,,,,,,,,,,,,,,,,,,,,,
,,ENSG00000277865.4,,,,,,,,,,,,,,,,,,,,,,,,,,,,,,,,,,,,
,,ENSG00000204548.3,,,,,,,,,,,,,,,,,,,,,,,,,,,,,,,,,,,,
,,ENSG00000279993.1,,,,,,,,,,,,,,,,,,,,,,,,,,,,,,,,,,,,
,,ENSG00000235931.2,,,,,,,,,,,,,,,,,,,,,,,,,,,,,,,,,,,,
,,ENSG00000182156.9,,,,,,,,,,,,,,,,,,,,,,,,,,,,,,,,,,,,
,,ENSG00000223581.1,,,,,,,,,,,,,,,,,,,,,,,,,,,,,,,,,,,,
,,ENSG00000275374.1,,,,,,,,,,,,,,,,,,,,,,,,,,,,,,,,,,,,
,,ENSG00000261177.1,,,,,,,,,,,,,,,,,,,,,,,,,,,,,,,,,,,,
,,ENSG00000223949.6,,,,,,,,,,,,,,,,,,,,,,,,,,,,,,,,,,,,
,,ENSG00000225284.1,,,,,,,,,,,,,,,,,,,,,,,,,,,,,,,,,,,,
,,ENSG00000227568.1,,,,,,,,,,,,,,,,,,,,,,,,,,,,,,,,,,,,
,,ENSG00000234394.8,,,,,,,,,,,,,,,,,,,,,,,,,,,,,,,,,,,,
,,ENSG00000274167.4,,,,,,,,,,,,,,,,,,,,,,,,,,,,,,,,,,,,
,,ENSG00000229060.4,,,,,,,,,,,,,,,,,,,,,,,,,,,,,,,,,,,,
,,ENSG00000234629.1,,,,,,,,,,,,,,,,,,,,,,,,,,,,,,,,,,,,
,,ENSG00000229015.2,,,,,,,,,,,,,,,,,,,,,,,,,,,,,,,,,,,,
,,ENSG00000229699.1,,,,,,,,,,,,,,,,,,,,,,,,,,,,,,,,,,,,
,,ENSG00000213547.3,,,,,,,,,,,,,,,,,,,,,,,,,,,,,,,,,,,,
,,ENSG00000242925.1,,,,,,,,,,,,,,,,,,,,,,,,,,,,,,,,,,,,
,,ENSG00000212567.1,,,,,,,,,,,,,,,,,,,,,,,,,,,,,,,,,,,,
,,ENSG00000204007.6,,,,,,,,,,,,,,,,,,,,,,,,,,,,,,,,,,,,
,,ENSG00000233321.1,,,,,,,,,,,,,,,,,,,,,,,,,,,,,,,,,,,,
,,ENSG00000267202.5,,,,,,,,,,,,,,,,,,,,,,,,,,,,,,,,,,,,
,,ENSG00000162843.17,,,,,,,,,,,,,,,,,,,,,,,,,,,,,,,,,,,,
,,ENSG00000258538.5,,,,,,,,,,,,,,,,,,,,,,,,,,,,,,,,,,,,
,,ENSG00000223910.1,,,,,,,,,,,,,,,,,,,,,,,,,,,,,,,,,,,,
,,ENSG00000256684.1,,,,,,,,,,,,,,,,,,,,,,,,,,,,,,,,,,,,
,,ENSG00000277047.4,,,,,,,,,,,,,,,,,,,,,,,,,,,,,,,,,,,,
,,ENSG00000260564.1,,,,,,,,,,,,,,,,,,,,,,,,,,,,,,,,,,,,
,,ENSG00000234667.1,,,,,,,,,,,,,,,,,,,,,,,,,,,,,,,,,,,,
,,ENSG00000231883.1,,,,,,,,,,,,,,,,,,,,,,,,,,,,,,,,,,,,
,,ENSG00000223469.1,,,,,,,,,,,,,,,,,,,,,,,,,,,,,,,,,,,,
,,ENSG00000261831.2,,,,,,,,,,,,,,,,,,,,,,,,,,,,,,,,,,,,
,,ENSG00000255572.1,,,,,,,,,,,,,,,,,,,,,,,,,,,,,,,,,,,,
,,ENSG00000179676.6,,,,,,,,,,,,,,,,,,,,,,,,,,,,,,,,,,,,
,,ENSG00000227911.3,,,,,,,,,,,,,,,,,,,,,,,,,,,,,,,,,,,,
,,ENSG00000214278.4,,,,,,,,,,,,,,,,,,,,,,,,,,,,,,,,,,,,
,,ENSG00000235032.1,,,,,,,,,,,,,,,,,,,,,,,,,,,,,,,,,,,,
,,ENSG00000261046.1,,,,,,,,,,,,,,,,,,,,,,,,,,,,,,,,,,,,
,,ENSG00000233179.1,,,,,,,,,,,,,,,,,,,,,,,,,,,,,,,,,,,,
,,ENSG00000228669.1,,,,,,,,,,,,,,,,,,,,,,,,,,,,,,,,,,,,
,,ENSG00000249065.2,,,,,,,,,,,,,,,,,,,,,,,,,,,,,,,,,,,,
,,ENSG00000249623.1,,,,,,,,,,,,,,,,,,,,,,,,,,,,,,,,,,,,
,,ENSG00000236172.6,,,,,,,,,,,,,,,,,,,,,,,,,,,,,,,,,,,,
,,ENSG00000260172.1,,,,,,,,,,,,,,,,,,,,,,,,,,,,,,,,,,,,
,,ENSG00000265786.1,,,,,,,,,,,,,,,,,,,,,,,,,,,,,,,,,,,,
,,ENSG00000258630.1,,,,,,,,,,,,,,,,,,,,,,,,,,,,,,,,,,,,
,,ENSG00000279711.1,,,,,,,,,,,,,,,,,,,,,,,,,,,,,,,,,,,,
,,ENSG00000236292.1,,,,,,,,,,,,,,,,,,,,,,,,,,,,,,,,,,,,
,,ENSG00000264790.1,,,,,,,,,,,,,,,,,,,,,,,,,,,,,,,,,,,,
,,ENSG00000257741.5,,,,,,,,,,,,,,,,,,,,,,,,,,,,,,,,,,,,
,,ENSG00000253834.1,,,,,,,,,,,,,,,,,,,,,,,,,,,,,,,,,,,,
,,ENSG00000204188.7,,,,,,,,,,,,,,,,,,,,,,,,,,,,,,,,,,,,
,,ENSG00000196862.9,,,,,,,,,,,,,,,,,,,,,,,,,,,,,,,,,,,,
,,ENSG00000249854.1,,,,,,,,,,,,,,,,,,,,,,,,,,,,,,,,,,,,
,,ENSG00000125899.7,,,,,,,,,,,,,,,,,,,,,,,,,,,,,,,,,,,,
,,ENSG00000219294.6,,,,,,,,,,,,,,,,,,,,,,,,,,,,,,,,,,,,
,,ENSG00000223601.2,,,,,,,,,,,,,,,,,,,,,,,,,,,,,,,,,,,,
,,ENSG00000226506.5,,,,,,,,,,,,,,,,,,,,,,,,,,,,,,,,,,,,
,,ENSG00000263761.2,,,,,,,,,,,,,,,,,,,,,,,,,,,,,,,,,,,,
,,ENSG00000256803.1,,,,,,,,,,,,,,,,,,,,,,,,,,,,,,,,,,,,
,,ENSG00000237716.1,,,,,,,,,,,,,,,,,,,,,,,,,,,,,,,,,,,,
,,ENSG00000249639.1,,,,,,,,,,,,,,,,,,,,,,,,,,,,,,,,,,,,
,,ENSG00000251613.3,,,,,,,,,,,,,,,,,,,,,,,,,,,,,,,,,,,,
,,ENSG00000183206.17,,,,,,,,,,,,,,,,,,,,,,,,,,,,,,,,,,,,
,,ENSG00000261615.6,,,,,,,,,,,,,,,,,,,,,,,,,,,,,,,,,,,,
,,ENSG00000261400.1,,,,,,,,,,,,,,,,,,,,,,,,,,,,,,,,,,,,
,,ENSG00000251619.1,,,,,,,,,,,,,,,,,,,,,,,,,,,,,,,,,,,,
,,ENSG00000253479.5,,,,,,,,,,,,,,,,,,,,,,,,,,,,,,,,,,,,
,,ENSG00000225647.1,,,,,,,,,,,,,,,,,,,,,,,,,,,,,,,,,,,,
,,ENSG00000278595.1,,,,,,,,,,,,,,,,,,,,,,,,,,,,,,,,,,,,
,,ENSG00000280725.1,,,,,,,,,,,,,,,,,,,,,,,,,,,,,,,,,,,,
,,ENSG00000258426.1,,,,,,,,,,,,,,,,,,,,,,,,,,,,,,,,,,,,
,,ENSG00000176571.11,,,,,,,,,,,,,,,,,,,,,,,,,,,,,,,,,,,,
,,ENSG00000223993.1,,,,,,,,,,,,,,,,,,,,,,,,,,,,,,,,,,,,
,,ENSG00000261638.1,,,,,,,,,,,,,,,,,,,,,,,,,,,,,,,,,,,,
,,ENSG00000253489.1,,,,,,,,,,,,,,,,,,,,,,,,,,,,,,,,,,,,
,,ENSG00000279408.2,,,,,,,,,,,,,,,,,,,,,,,,,,,,,,,,,,,,
,,ENSG00000198173.4,,,,,,,,,,,,,,,,,,,,,,,,,,,,,,,,,,,,
,,ENSG00000265078.2,,,,,,,,,,,,,,,,,,,,,,,,,,,,,,,,,,,,
,,ENSG00000261013.1,,,,,,,,,,,,,,,,,,,,,,,,,,,,,,,,,,,,
,,ENSG00000260202.2,,,,,,,,,,,,,,,,,,,,,,,,,,,,,,,,,,,,
,,ENSG00000250496.2,,,,,,,,,,,,,,,,,,,,,,,,,,,,,,,,,,,,
,,ENSG00000267779.5,,,,,,,,,,,,,,,,,,,,,,,,,,,,,,,,,,,,
,,ENSG00000230000.2,,,,,,,,,,,,,,,,,,,,,,,,,,,,,,,,,,,,
,,ENSG00000256234.1,,,,,,,,,,,,,,,,,,,,,,,,,,,,,,,,,,,,
,,ENSG00000280415.1,,,,,,,,,,,,,,,,,,,,,,,,,,,,,,,,,,,,
,,ENSG00000234736.5,,,,,,,,,,,,,,,,,,,,,,,,,,,,,,,,,,,,
,,ENSG00000259269.1,,,,,,,,,,,,,,,,,,,,,,,,,,,,,,,,,,,,
,,ENSG00000231082.1,,,,,,,,,,,,,,,,,,,,,,,,,,,,,,,,,,,,
,,ENSG00000266614.1,,,,,,,,,,,,,,,,,,,,,,,,,,,,,,,,,,,,
,,ENSG00000264216.1,,,,,,,,,,,,,,,,,,,,,,,,,,,,,,,,,,,,
,,ENSG00000230226.1,,,,,,,,,,,,,,,,,,,,,,,,,,,,,,,,,,,,
,,ENSG00000263438.5,,,,,,,,,,,,,,,,,,,,,,,,,,,,,,,,,,,,
,,ENSG00000223438.1,,,,,,,,,,,,,,,,,,,,,,,,,,,,,,,,,,,,
,,ENSG00000266985.1,,,,,,,,,,,,,,,,,,,,,,,,,,,,,,,,,,,,
,,ENSG00000258390.1,,,,,,,,,,,,,,,,,,,,,,,,,,,,,,,,,,,,
,,ENSG00000275239.4,,,,,,,,,,,,,,,,,,,,,,,,,,,,,,,,,,,,
,,ENSG00000251024.1,,,,,,,,,,,,,,,,,,,,,,,,,,,,,,,,,,,,
,,ENSG00000230250.2,,,,,,,,,,,,,,,,,,,,,,,,,,,,,,,,,,,,
,,ENSG00000266014.1,,,,,,,,,,,,,,,,,,,,,,,,,,,,,,,,,,,,
,,ENSG00000266979.1,,,,,,,,,,,,,,,,,,,,,,,,,,,,,,,,,,,,
,,ENSG00000215186.6,,,,,,,,,,,,,,,,,,,,,,,,,,,,,,,,,,,,
,,ENSG00000257199.2,,,,,,,,,,,,,,,,,,,,,,,,,,,,,,,,,,,,
,,ENSG00000236817.5,,,,,,,,,,,,,,,,,,,,,,,,,,,,,,,,,,,,
,,ENSG00000229105.1,,,,,,,,,,,,,,,,,,,,,,,,,,,,,,,,,,,,
,,ENSG00000237626.1,,,,,,,,,,,,,,,,,,,,,,,,,,,,,,,,,,,,
,,ENSG00000237850.7,,,,,,,,,,,,,,,,,,,,,,,,,,,,,,,,,,,,
,,ENSG00000226797.1,,,,,,,,,,,,,,,,,,,,,,,,,,,,,,,,,,,,
,,ENSG00000230090.5,,,,,,,,,,,,,,,,,,,,,,,,,,,,,,,,,,,,
,,ENSG00000166984.11,,,,,,,,,,,,,,,,,,,,,,,,,,,,,,,,,,,,
,,ENSG00000273756.4,,,,,,,,,,,,,,,,,,,,,,,,,,,,,,,,,,,,
,,ENSG00000235149.1,,,,,,,,,,,,,,,,,,,,,,,,,,,,,,,,,,,,
,,ENSG00000253871.1,,,,,,,,,,,,,,,,,,,,,,,,,,,,,,,,,,,,
,,ENSG00000206552.4,,,,,,,,,,,,,,,,,,,,,,,,,,,,,,,,,,,,
,,ENSG00000234818.1,,,,,,,,,,,,,,,,,,,,,,,,,,,,,,,,,,,,
,,ENSG00000232843.2,,,,,,,,,,,,,,,,,,,,,,,,,,,,,,,,,,,,
,,ENSG00000260785.1,,,,,,,,,,,,,,,,,,,,,,,,,,,,,,,,,,,,
,,ENSG00000236834.1,,,,,,,,,,,,,,,,,,,,,,,,,,,,,,,,,,,,
,,ENSG00000229466.1,,,,,,,,,,,,,,,,,,,,,,,,,,,,,,,,,,,,
,,ENSG00000265547.1,,,,,,,,,,,,,,,,,,,,,,,,,,,,,,,,,,,,
,,ENSG00000255272.1,,,,,,,,,,,,,,,,,,,,,,,,,,,,,,,,,,,,
,,ENSG00000258854.1,,,,,,,,,,,,,,,,,,,,,,,,,,,,,,,,,,,,
,,ENSG00000247810.6,,,,,,,,,,,,,,,,,,,,,,,,,,,,,,,,,,,,
,,ENSG00000263765.5,,,,,,,,,,,,,,,,,,,,,,,,,,,,,,,,,,,,
,,ENSG00000224794.1,,,,,,,,,,,,,,,,,,,,,,,,,,,,,,,,,,,,
,,ENSG00000225924.2,,,,,,,,,,,,,,,,,,,,,,,,,,,,,,,,,,,,
,,ENSG00000236295.1,,,,,,,,,,,,,,,,,,,,,,,,,,,,,,,,,,,,
,,ENSG00000230600.1,,,,,,,,,,,,,,,,,,,,,,,,,,,,,,,,,,,,
,,ENSG00000226650.5,,,,,,,,,,,,,,,,,,,,,,,,,,,,,,,,,,,,
,,ENSG00000264699.1,,,,,,,,,,,,,,,,,,,,,,,,,,,,,,,,,,,,
,,ENSG00000244618.3,,,,,,,,,,,,,,,,,,,,,,,,,,,,,,,,,,,,
,,ENSG00000258487.1,,,,,,,,,,,,,,,,,,,,,,,,,,,,,,,,,,,,
,,ENSG00000234548.5,,,,,,,,,,,,,,,,,,,,,,,,,,,,,,,,,,,,
,,ENSG00000236299.7,,,,,,,,,,,,,,,,,,,,,,,,,,,,,,,,,,,,
,,ENSG00000233689.1,,,,,,,,,,,,,,,,,,,,,,,,,,,,,,,,,,,,
,,ENSG00000249228.1,,,,,,,,,,,,,,,,,,,,,,,,,,,,,,,,,,,,
,,ENSG00000236102.2,,,,,,,,,,,,,,,,,,,,,,,,,,,,,,,,,,,,
,,ENSG00000223646.1,,,,,,,,,,,,,,,,,,,,,,,,,,,,,,,,,,,,
,,ENSG00000248764.1,,,,,,,,,,,,,,,,,,,,,,,,,,,,,,,,,,,,
,,ENSG00000267401.1,,,,,,,,,,,,,,,,,,,,,,,,,,,,,,,,,,,,
,,ENSG00000259276.1,,,,,,,,,,,,,,,,,,,,,,,,,,,,,,,,,,,,
,,ENSG00000251629.6,,,,,,,,,,,,,,,,,,,,,,,,,,,,,,,,,,,,
,,ENSG00000234795.9,,,,,,,,,,,,,,,,,,,,,,,,,,,,,,,,,,,,
,,ENSG00000253283.1,,,,,,,,,,,,,,,,,,,,,,,,,,,,,,,,,,,,
,,ENSG00000232812.1,,,,,,,,,,,,,,,,,,,,,,,,,,,,,,,,,,,,
,,ENSG00000236306.2,,,,,,,,,,,,,,,,,,,,,,,,,,,,,,,,,,,,
,,ENSG00000227940.1,,,,,,,,,,,,,,,,,,,,,,,,,,,,,,,,,,,,
,,ENSG00000235470.5,,,,,,,,,,,,,,,,,,,,,,,,,,,,,,,,,,,,
,,ENSG00000179059.9,,,,,,,,,,,,,,,,,,,,,,,,,,,,,,,,,,,,
,,ENSG00000274520.1,,,,,,,,,,,,,,,,,,,,,,,,,,,,,,,,,,,,
,,ENSG00000185177.12,,,,,,,,,,,,,,,,,,,,,,,,,,,,,,,,,,,,
,,ENSG00000248529.5,,,,,,,,,,,,,,,,,,,,,,,,,,,,,,,,,,,,
,,ENSG00000260498.5,,,,,,,,,,,,,,,,,,,,,,,,,,,,,,,,,,,,
,,ENSG00000234170.5,,,,,,,,,,,,,,,,,,,,,,,,,,,,,,,,,,,,
,,ENSG00000224107.5,,,,,,,,,,,,,,,,,,,,,,,,,,,,,,,,,,,,
,,ENSG00000238002.2,,,,,,,,,,,,,,,,,,,,,,,,,,,,,,,,,,,,
,,ENSG00000228153.1,,,,,,,,,,,,,,,,,,,,,,,,,,,,,,,,,,,,
,,ENSG00000205786.8,,,,,,,,,,,,,,,,,,,,,,,,,,,,,,,,,,,,
,,ENSG00000244502.2,,,,,,,,,,,,,,,,,,,,,,,,,,,,,,,,,,,,
,,ENSG00000251041.1,,,,,,,,,,,,,,,,,,,,,,,,,,,,,,,,,,,,
,,ENSG00000224586.6,,,,,,,,,,,,,,,,,,,,,,,,,,,,,,,,,,,,
,,ENSG00000260835.1,,,,,,,,,,,,,,,,,,,,,,,,,,,,,,,,,,,,
,,ENSG00000185182.14,,,,,,,,,,,,,,,,,,,,,,,,,,,,,,,,,,,,
,,ENSG00000258826.5,,,,,,,,,,,,,,,,,,,,,,,,,,,,,,,,,,,,
,,ENSG00000229027.3,,,,,,,,,,,,,,,,,,,,,,,,,,,,,,,,,,,,
,,ENSG00000249515.1,,,,,,,,,,,,,,,,,,,,,,,,,,,,,,,,,,,,
,,ENSG00000231867.1,,,,,,,,,,,,,,,,,,,,,,,,,,,,,,,,,,,,
,,ENSG00000264956.1,,,,,,,,,,,,,,,,,,,,,,,,,,,,,,,,,,,,
,,ENSG00000231983.1,,,,,,,,,,,,,,,,,,,,,,,,,,,,,,,,,,,,
,,ENSG00000226037.1,,,,,,,,,,,,,,,,,,,,,,,,,,,,,,,,,,,,
,,ENSG00000258532.1,,,,,,,,,,,,,,,,,,,,,,,,,,,,,,,,,,,,
,,ENSG00000224563.1,,,,,,,,,,,,,,,,,,,,,,,,,,,,,,,,,,,,
,,ENSG00000235779.7,,,,,,,,,,,,,,,,,,,,,,,,,,,,,,,,,,,,
,,ENSG00000280446.1,,,,,,,,,,,,,,,,,,,,,,,,,,,,,,,,,,,,
,,ENSG00000235881.2,,,,,,,,,,,,,,,,,,,,,,,,,,,,,,,,,,,,
,,ENSG00000261449.1,,,,,,,,,,,,,,,,,,,,,,,,,,,,,,,,,,,,
,,ENSG00000279070.2,,,,,,,,,,,,,,,,,,,,,,,,,,,,,,,,,,,,
,,ENSG00000164729.7,,,,,,,,,,,,,,,,,,,,,,,,,,,,,,,,,,,,
,,ENSG00000162699.5,,,,,,,,,,,,,,,,,,,,,,,,,,,,,,,,,,,,
,,ENSG00000226258.6,,,,,,,,,,,,,,,,,,,,,,,,,,,,,,,,,,,,
,,ENSG00000257746.1,,,,,,,,,,,,,,,,,,,,,,,,,,,,,,,,,,,,
,,ENSG00000249642.1,,,,,,,,,,,,,,,,,,,,,,,,,,,,,,,,,,,,
,,ENSG00000224514.2,,,,,,,,,,,,,,,,,,,,,,,,,,,,,,,,,,,,
,,ENSG00000249782.1,,,,,,,,,,,,,,,,,,,,,,,,,,,,,,,,,,,,
,,ENSG00000229697.2,,,,,,,,,,,,,,,,,,,,,,,,,,,,,,,,,,,,
,,ENSG00000218305.3,,,,,,,,,,,,,,,,,,,,,,,,,,,,,,,,,,,,
,,ENSG00000221888.3,,,,,,,,,,,,,,,,,,,,,,,,,,,,,,,,,,,,
,,ENSG00000224406.5,,,,,,,,,,,,,,,,,,,,,,,,,,,,,,,,,,,,
,,ENSG00000228750.6,,,,,,,,,,,,,,,,,,,,,,,,,,,,,,,,,,,,
,,ENSG00000255117.5,,,,,,,,,,,,,,,,,,,,,,,,,,,,,,,,,,,,
,,ENSG00000241754.1,,,,,,,,,,,,,,,,,,,,,,,,,,,,,,,,,,,,
,,ENSG00000276048.1,,,,,,,,,,,,,,,,,,,,,,,,,,,,,,,,,,,,
,,ENSG00000232913.7,,,,,,,,,,,,,,,,,,,,,,,,,,,,,,,,,,,,
,,ENSG00000239511.2,,,,,,,,,,,,,,,,,,,,,,,,,,,,,,,,,,,,
,,ENSG00000258407.1,,,,,,,,,,,,,,,,,,,,,,,,,,,,,,,,,,,,
,,ENSG00000258516.1,,,,,,,,,,,,,,,,,,,,,,,,,,,,,,,,,,,,
,,ENSG00000266433.6,,,,,,,,,,,,,,,,,,,,,,,,,,,,,,,,,,,,
,,ENSG00000258435.1,,,,,,,,,,,,,,,,,,,,,,,,,,,,,,,,,,,,
,,ENSG00000273976.1,,,,,,,,,,,,,,,,,,,,,,,,,,,,,,,,,,,,
,,ENSG00000188877.12,,,,,,,,,,,,,,,,,,,,,,,,,,,,,,,,,,,,
,,ENSG00000226488.1,,,,,,,,,,,,,,,,,,,,,,,,,,,,,,,,,,,,
,,ENSG00000167494.9,,,,,,,,,,,,,,,,,,,,,,,,,,,,,,,,,,,,
,,ENSG00000249645.1,,,,,,,,,,,,,,,,,,,,,,,,,,,,,,,,,,,,
,,ENSG00000251172.1,,,,,,,,,,,,,,,,,,,,,,,,,,,,,,,,,,,,
,,ENSG00000267337.1,,,,,,,,,,,,,,,,,,,,,,,,,,,,,,,,,,,,
,,ENSG00000257095.1,,,,,,,,,,,,,,,,,,,,,,,,,,,,,,,,,,,,
,,ENSG00000248490.1,,,,,,,,,,,,,,,,,,,,,,,,,,,,,,,,,,,,
,,ENSG00000219700.1,,,,,,,,,,,,,,,,,,,,,,,,,,,,,,,,,,,,
,,ENSG00000229243.1,,,,,,,,,,,,,,,,,,,,,,,,,,,,,,,,,,,,
,,ENSG00000275852.1,,,,,,,,,,,,,,,,,,,,,,,,,,,,,,,,,,,,
,,ENSG00000263110.1,,,,,,,,,,,,,,,,,,,,,,,,,,,,,,,,,,,,
,,ENSG00000205174.4,,,,,,,,,,,,,,,,,,,,,,,,,,,,,,,,,,,,
,,ENSG00000231243.1,,,,,,,,,,,,,,,,,,,,,,,,,,,,,,,,,,,,
,,ENSG00000232132.1,,,,,,,,,,,,,,,,,,,,,,,,,,,,,,,,,,,,
,,ENSG00000248467.1,,,,,,,,,,,,,,,,,,,,,,,,,,,,,,,,,,,,
,,ENSG00000255814.1,,,,,,,,,,,,,,,,,,,,,,,,,,,,,,,,,,,,
,,ENSG00000267574.1,,,,,,,,,,,,,,,,,,,,,,,,,,,,,,,,,,,,
,,ENSG00000248717.1,,,,,,,,,,,,,,,,,,,,,,,,,,,,,,,,,,,,
,,ENSG00000232684.1,,,,,,,,,,,,,,,,,,,,,,,,,,,,,,,,,,,,
,,ENSG00000261703.1,,,,,,,,,,,,,,,,,,,,,,,,,,,,,,,,,,,,
,,ENSG00000251018.2,,,,,,,,,,,,,,,,,,,,,,,,,,,,,,,,,,,,
,,ENSG00000206192.7,,,,,,,,,,,,,,,,,,,,,,,,,,,,,,,,,,,,
,,ENSG00000231487.1,,,,,,,,,,,,,,,,,,,,,,,,,,,,,,,,,,,,
,,ENSG00000232461.1,,,,,,,,,,,,,,,,,,,,,,,,,,,,,,,,,,,,
,,ENSG00000265128.1,,,,,,,,,,,,,,,,,,,,,,,,,,,,,,,,,,,,
,,ENSG00000123447.6,,,,,,,,,,,,,,,,,,,,,,,,,,,,,,,,,,,,
,,ENSG00000261127.2,,,,,,,,,,,,,,,,,,,,,,,,,,,,,,,,,,,,
,,ENSG00000274379.1,,,,,,,,,,,,,,,,,,,,,,,,,,,,,,,,,,,,
,,ENSG00000260343.1,,,,,,,,,,,,,,,,,,,,,,,,,,,,,,,,,,,,
,,ENSG00000231061.1,,,,,,,,,,,,,,,,,,,,,,,,,,,,,,,,,,,,
,,ENSG00000233708.1,,,,,,,,,,,,,,,,,,,,,,,,,,,,,,,,,,,,
,,ENSG00000230339.2,,,,,,,,,,,,,,,,,,,,,,,,,,,,,,,,,,,,
,,ENSG00000205858.9,,,,,,,,,,,,,,,,,,,,,,,,,,,,,,,,,,,,
,,ENSG00000254067.2,,,,,,,,,,,,,,,,,,,,,,,,,,,,,,,,,,,,
,,ENSG00000272135.5,,,,,,,,,,,,,,,,,,,,,,,,,,,,,,,,,,,,
,,ENSG00000255125.1,,,,,,,,,,,,,,,,,,,,,,,,,,,,,,,,,,,,
,,ENSG00000229154.1,,,,,,,,,,,,,,,,,,,,,,,,,,,,,,,,,,,,
,,ENSG00000229452.1,,,,,,,,,,,,,,,,,,,,,,,,,,,,,,,,,,,,
,,ENSG00000242781.1,,,,,,,,,,,,,,,,,,,,,,,,,,,,,,,,,,,,
,,ENSG00000237286.1,,,,,,,,,,,,,,,,,,,,,,,,,,,,,,,,,,,,
,,ENSG00000212228.1,,,,,,,,,,,,,,,,,,,,,,,,,,,,,,,,,,,,
,,ENSG00000250341.1,,,,,,,,,,,,,,,,,,,,,,,,,,,,,,,,,,,,
,,ENSG00000250772.5,,,,,,,,,,,,,,,,,,,,,,,,,,,,,,,,,,,,
,,ENSG00000226780.1,,,,,,,,,,,,,,,,,,,,,,,,,,,,,,,,,,,,
,,ENSG00000267789.1,,,,,,,,,,,,,,,,,,,,,,,,,,,,,,,,,,,,
,,ENSG00000241369.5,,,,,,,,,,,,,,,,,,,,,,,,,,,,,,,,,,,,
,,ENSG00000176679.8,,,,,,,,,,,,,,,,,,,,,,,,,,,,,,,,,,,,
,,ENSG00000235293.1,,,,,,,,,,,,,,,,,,,,,,,,,,,,,,,,,,,,
,,ENSG00000269826.1,,,,,,,,,,,,,,,,,,,,,,,,,,,,,,,,,,,,
,,ENSG00000227713.1,,,,,,,,,,,,,,,,,,,,,,,,,,,,,,,,,,,,
,,ENSG00000080511.3,,,,,,,,,,,,,,,,,,,,,,,,,,,,,,,,,,,,
,,ENSG00000233620.5,,,,,,,,,,,,,,,,,,,,,,,,,,,,,,,,,,,,
,,ENSG00000234169.1,,,,,,,,,,,,,,,,,,,,,,,,,,,,,,,,,,,,
,,ENSG00000235054.3,,,,,,,,,,,,,,,,,,,,,,,,,,,,,,,,,,,,
,,ENSG00000232749.2,,,,,,,,,,,,,,,,,,,,,,,,,,,,,,,,,,,,
,,ENSG00000232294.5,,,,,,,,,,,,,,,,,,,,,,,,,,,,,,,,,,,,
,,ENSG00000234123.1,,,,,,,,,,,,,,,,,,,,,,,,,,,,,,,,,,,,
,,ENSG00000279001.1,,,,,,,,,,,,,,,,,,,,,,,,,,,,,,,,,,,,
,,ENSG00000264892.1,,,,,,,,,,,,,,,,,,,,,,,,,,,,,,,,,,,,
,,ENSG00000247213.6,,,,,,,,,,,,,,,,,,,,,,,,,,,,,,,,,,,,
,,ENSG00000232688.1,,,,,,,,,,,,,,,,,,,,,,,,,,,,,,,,,,,,
,,ENSG00000248107.1,,,,,,,,,,,,,,,,,,,,,,,,,,,,,,,,,,,,
,,ENSG00000235281.1,,,,,,,,,,,,,,,,,,,,,,,,,,,,,,,,,,,,
,,ENSG00000248752.1,,,,,,,,,,,,,,,,,,,,,,,,,,,,,,,,,,,,
,,ENSG00000255279.1,,,,,,,,,,,,,,,,,,,,,,,,,,,,,,,,,,,,
,,ENSG00000228123.4,,,,,,,,,,,,,,,,,,,,,,,,,,,,,,,,,,,,
,,ENSG00000226627.1,,,,,,,,,,,,,,,,,,,,,,,,,,,,,,,,,,,,
,,ENSG00000255679.1,,,,,,,,,,,,,,,,,,,,,,,,,,,,,,,,,,,,
,,ENSG00000260477.7,,,,,,,,,,,,,,,,,,,,,,,,,,,,,,,,,,,,
,,ENSG00000206531.10,,,,,,,,,,,,,,,,,,,,,,,,,,,,,,,,,,,,
,,ENSG00000267407.1,,,,,,,,,,,,,,,,,,,,,,,,,,,,,,,,,,,,
,,ENSG00000234162.1,,,,,,,,,,,,,,,,,,,,,,,,,,,,,,,,,,,,
,,ENSG00000282836.1,,,,,,,,,,,,,,,,,,,,,,,,,,,,,,,,,,,,
,,ENSG00000232031.1,,,,,,,,,,,,,,,,,,,,,,,,,,,,,,,,,,,,
,,ENSG00000250024.1,,,,,,,,,,,,,,,,,,,,,,,,,,,,,,,,,,,,
,,ENSG00000185448.10,,,,,,,,,,,,,,,,,,,,,,,,,,,,,,,,,,,,
,,ENSG00000146839.18,,,,,,,,,,,,,,,,,,,,,,,,,,,,,,,,,,,,
,,ENSG00000233847.1,,,,,,,,,,,,,,,,,,,,,,,,,,,,,,,,,,,,
,,ENSG00000224074.3,,,,,,,,,,,,,,,,,,,,,,,,,,,,,,,,,,,,
,,ENSG00000229042.2,,,,,,,,,,,,,,,,,,,,,,,,,,,,,,,,,,,,
,,ENSG00000224173.1,,,,,,,,,,,,,,,,,,,,,,,,,,,,,,,,,,,,
,,ENSG00000253505.1,,,,,,,,,,,,,,,,,,,,,,,,,,,,,,,,,,,,
,,ENSG00000226567.1,,,,,,,,,,,,,,,,,,,,,,,,,,,,,,,,,,,,
,,ENSG00000233891.7,,,,,,,,,,,,,,,,,,,,,,,,,,,,,,,,,,,,
,,ENSG00000249269.1,,,,,,,,,,,,,,,,,,,,,,,,,,,,,,,,,,,,
,,ENSG00000258535.1,,,,,,,,,,,,,,,,,,,,,,,,,,,,,,,,,,,,
,,ENSG00000180116.15,,,,,,,,,,,,,,,,,,,,,,,,,,,,,,,,,,,,
,,ENSG00000230035.2,,,,,,,,,,,,,,,,,,,,,,,,,,,,,,,,,,,,
,,ENSG00000271360.1,,,,,,,,,,,,,,,,,,,,,,,,,,,,,,,,,,,,
,,ENSG00000258820.5,,,,,,,,,,,,,,,,,,,,,,,,,,,,,,,,,,,,
,,ENSG00000266977.1,,,,,,,,,,,,,,,,,,,,,,,,,,,,,,,,,,,,
,,ENSG00000253781.1,,,,,,,,,,,,,,,,,,,,,,,,,,,,,,,,,,,,
,,ENSG00000257009.1,,,,,,,,,,,,,,,,,,,,,,,,,,,,,,,,,,,,
,,ENSG00000259447.1,,,,,,,,,,,,,,,,,,,,,,,,,,,,,,,,,,,,
,,ENSG00000253103.1,,,,,,,,,,,,,,,,,,,,,,,,,,,,,,,,,,,,
,,ENSG00000228364.1,,,,,,,,,,,,,,,,,,,,,,,,,,,,,,,,,,,,
,,ENSG00000204053.6,,,,,,,,,,,,,,,,,,,,,,,,,,,,,,,,,,,,
,,ENSG00000204979.7,,,,,,,,,,,,,,,,,,,,,,,,,,,,,,,,,,,,
,,ENSG00000243499.1,,,,,,,,,,,,,,,,,,,,,,,,,,,,,,,,,,,,
,,ENSG00000206356.5,,,,,,,,,,,,,,,,,,,,,,,,,,,,,,,,,,,,
,,ENSG00000254654.1,,,,,,,,,,,,,,,,,,,,,,,,,,,,,,,,,,,,
,,ENSG00000229613.1,,,,,,,,,,,,,,,,,,,,,,,,,,,,,,,,,,,,
,,ENSG00000249727.1,,,,,,,,,,,,,,,,,,,,,,,,,,,,,,,,,,,,
,,ENSG00000249725.1,,,,,,,,,,,,,,,,,,,,,,,,,,,,,,,,,,,,
,,ENSG00000260723.1,,,,,,,,,,,,,,,,,,,,,,,,,,,,,,,,,,,,
,,ENSG00000181984.11,,,,,,,,,,,,,,,,,,,,,,,,,,,,,,,,,,,,
,,ENSG00000257787.1,,,,,,,,,,,,,,,,,,,,,,,,,,,,,,,,,,,,
,,ENSG00000258038.5,,,,,,,,,,,,,,,,,,,,,,,,,,,,,,,,,,,,
,,ENSG00000283096.1,,,,,,,,,,,,,,,,,,,,,,,,,,,,,,,,,,,,
,,ENSG00000267626.1,,,,,,,,,,,,,,,,,,,,,,,,,,,,,,,,,,,,
,,ENSG00000271682.1,,,,,,,,,,,,,,,,,,,,,,,,,,,,,,,,,,,,
,,ENSG00000186163.9,,,,,,,,,,,,,,,,,,,,,,,,,,,,,,,,,,,,
,,ENSG00000235819.1,,,,,,,,,,,,,,,,,,,,,,,,,,,,,,,,,,,,
,,ENSG00000225884.2,,,,,,,,,,,,,,,,,,,,,,,,,,,,,,,,,,,,
,,ENSG00000234474.2,,,,,,,,,,,,,,,,,,,,,,,,,,,,,,,,,,,,
,,ENSG00000270610.1,,,,,,,,,,,,,,,,,,,,,,,,,,,,,,,,,,,,
,,ENSG00000259588.1,,,,,,,,,,,,,,,,,,,,,,,,,,,,,,,,,,,,
,,ENSG00000254775.1,,,,,,,,,,,,,,,,,,,,,,,,,,,,,,,,,,,,
,,ENSG00000256389.1,,,,,,,,,,,,,,,,,,,,,,,,,,,,,,,,,,,,
,,ENSG00000273957.1,,,,,,,,,,,,,,,,,,,,,,,,,,,,,,,,,,,,
,,ENSG00000257083.5,,,,,,,,,,,,,,,,,,,,,,,,,,,,,,,,,,,,
,,ENSG00000255323.5,,,,,,,,,,,,,,,,,,,,,,,,,,,,,,,,,,,,
,,ENSG00000236355.2,,,,,,,,,,,,,,,,,,,,,,,,,,,,,,,,,,,,
,,ENSG00000226079.1,,,,,,,,,,,,,,,,,,,,,,,,,,,,,,,,,,,,
,,ENSG00000267061.1,,,,,,,,,,,,,,,,,,,,,,,,,,,,,,,,,,,,
,,ENSG00000261873.2,,,,,,,,,,,,,,,,,,,,,,,,,,,,,,,,,,,,
,,ENSG00000249017.1,,,,,,,,,,,,,,,,,,,,,,,,,,,,,,,,,,,,
,,ENSG00000254518.1,,,,,,,,,,,,,,,,,,,,,,,,,,,,,,,,,,,,
,,ENSG00000258970.1,,,,,,,,,,,,,,,,,,,,,,,,,,,,,,,,,,,,
,,ENSG00000234070.1,,,,,,,,,,,,,,,,,,,,,,,,,,,,,,,,,,,,
,,ENSG00000258564.1,,,,,,,,,,,,,,,,,,,,,,,,,,,,,,,,,,,,
,,ENSG00000250590.5,,,,,,,,,,,,,,,,,,,,,,,,,,,,,,,,,,,,
,,ENSG00000228564.1,,,,,,,,,,,,,,,,,,,,,,,,,,,,,,,,,,,,
,,ENSG00000267591.1,,,,,,,,,,,,,,,,,,,,,,,,,,,,,,,,,,,,
,,ENSG00000254049.1,,,,,,,,,,,,,,,,,,,,,,,,,,,,,,,,,,,,
,,ENSG00000258600.1,,,,,,,,,,,,,,,,,,,,,,,,,,,,,,,,,,,,
,,ENSG00000272299.1,,,,,,,,,,,,,,,,,,,,,,,,,,,,,,,,,,,,
,,ENSG00000258167.1,,,,,,,,,,,,,,,,,,,,,,,,,,,,,,,,,,,,
,,ENSG00000246876.6,,,,,,,,,,,,,,,,,,,,,,,,,,,,,,,,,,,,
,,ENSG00000225427.1,,,,,,,,,,,,,,,,,,,,,,,,,,,,,,,,,,,,
,,ENSG00000233787.3,,,,,,,,,,,,,,,,,,,,,,,,,,,,,,,,,,,,
,,ENSG00000229011.1,,,,,,,,,,,,,,,,,,,,,,,,,,,,,,,,,,,,
,,ENSG00000274044.4,,,,,,,,,,,,,,,,,,,,,,,,,,,,,,,,,,,,
,,ENSG00000237556.1,,,,,,,,,,,,,,,,,,,,,,,,,,,,,,,,,,,,
,,ENSG00000234634.1,,,,,,,,,,,,,,,,,,,,,,,,,,,,,,,,,,,,
,,ENSG00000234052.1,,,,,,,,,,,,,,,,,,,,,,,,,,,,,,,,,,,,
,,ENSG00000229599.1,,,,,,,,,,,,,,,,,,,,,,,,,,,,,,,,,,,,
,,ENSG00000265556.1,,,,,,,,,,,,,,,,,,,,,,,,,,,,,,,,,,,,
,,ENSG00000242012.1,,,,,,,,,,,,,,,,,,,,,,,,,,,,,,,,,,,,
,,ENSG00000279454.1,,,,,,,,,,,,,,,,,,,,,,,,,,,,,,,,,,,,
,,ENSG00000233079.1,,,,,,,,,,,,,,,,,,,,,,,,,,,,,,,,,,,,
,,ENSG00000228909.1,,,,,,,,,,,,,,,,,,,,,,,,,,,,,,,,,,,,
,,ENSG00000224192.2,,,,,,,,,,,,,,,,,,,,,,,,,,,,,,,,,,,,
,,ENSG00000237992.1,,,,,,,,,,,,,,,,,,,,,,,,,,,,,,,,,,,,
,,ENSG00000279658.1,,,,,,,,,,,,,,,,,,,,,,,,,,,,,,,,,,,,
,,ENSG00000224467.1,,,,,,,,,,,,,,,,,,,,,,,,,,,,,,,,,,,,
,,ENSG00000249835.2,,,,,,,,,,,,,,,,,,,,,,,,,,,,,,,,,,,,
,,ENSG00000265472.1,,,,,,,,,,,,,,,,,,,,,,,,,,,,,,,,,,,,
,,ENSG00000237048.2,,,,,,,,,,,,,,,,,,,,,,,,,,,,,,,,,,,,
,,ENSG00000238107.1,,,,,,,,,,,,,,,,,,,,,,,,,,,,,,,,,,,,
,,ENSG00000273838.1,,,,,,,,,,,,,,,,,,,,,,,,,,,,,,,,,,,,
,,ENSG00000239589.5,,,,,,,,,,,,,,,,,,,,,,,,,,,,,,,,,,,,
,,ENSG00000277870.5,,,,,,,,,,,,,,,,,,,,,,,,,,,,,,,,,,,,
,,ENSG00000227564.2,,,,,,,,,,,,,,,,,,,,,,,,,,,,,,,,,,,,
,,ENSG00000233047.6,,,,,,,,,,,,,,,,,,,,,,,,,,,,,,,,,,,,
,,ENSG00000237750.2,,,,,,,,,,,,,,,,,,,,,,,,,,,,,,,,,,,,
,,ENSG00000257476.1,,,,,,,,,,,,,,,,,,,,,,,,,,,,,,,,,,,,
,,ENSG00000172421.8,,,,,,,,,,,,,,,,,,,,,,,,,,,,,,,,,,,,
,,ENSG00000224311.1,,,,,,,,,,,,,,,,,,,,,,,,,,,,,,,,,,,,
,,ENSG00000283314.1,,,,,,,,,,,,,,,,,,,,,,,,,,,,,,,,,,,,
,,ENSG00000177553.6,,,,,,,,,,,,,,,,,,,,,,,,,,,,,,,,,,,,
,,ENSG00000279746.1,,,,,,,,,,,,,,,,,,,,,,,,,,,,,,,,,,,,
,,ENSG00000237986.3,,,,,,,,,,,,,,,,,,,,,,,,,,,,,,,,,,,,
,,ENSG00000249053.1,,,,,,,,,,,,,,,,,,,,,,,,,,,,,,,,,,,,
,,ENSG00000249521.1,,,,,,,,,,,,,,,,,,,,,,,,,,,,,,,,,,,,
,,ENSG00000268988.1,,,,,,,,,,,,,,,,,,,,,,,,,,,,,,,,,,,,
,,ENSG00000269622.1,,,,,,,,,,,,,,,,,,,,,,,,,,,,,,,,,,,,
,,ENSG00000257523.1,,,,,,,,,,,,,,,,,,,,,,,,,,,,,,,,,,,,
,,ENSG00000215881.3,,,,,,,,,,,,,,,,,,,,,,,,,,,,,,,,,,,,
,,ENSG00000175676.15,,,,,,,,,,,,,,,,,,,,,,,,,,,,,,,,,,,,
,,ENSG00000223975.1,,,,,,,,,,,,,,,,,,,,,,,,,,,,,,,,,,,,
,,ENSG00000236340.5,,,,,,,,,,,,,,,,,,,,,,,,,,,,,,,,,,,,
,,ENSG00000267762.1,,,,,,,,,,,,,,,,,,,,,,,,,,,,,,,,,,,,
,,ENSG00000229266.1,,,,,,,,,,,,,,,,,,,,,,,,,,,,,,,,,,,,
,,ENSG00000187012.10,,,,,,,,,,,,,,,,,,,,,,,,,,,,,,,,,,,,
,,ENSG00000276963.1,,,,,,,,,,,,,,,,,,,,,,,,,,,,,,,,,,,,
,,ENSG00000237521.2,,,,,,,,,,,,,,,,,,,,,,,,,,,,,,,,,,,,
,,ENSG00000226356.2,,,,,,,,,,,,,,,,,,,,,,,,,,,,,,,,,,,,
,,ENSG00000283118.1,,,,,,,,,,,,,,,,,,,,,,,,,,,,,,,,,,,,
,,ENSG00000233415.1,,,,,,,,,,,,,,,,,,,,,,,,,,,,,,,,,,,,
,,ENSG00000258502.5,,,,,,,,,,,,,,,,,,,,,,,,,,,,,,,,,,,,
,,ENSG00000234677.1,,,,,,,,,,,,,,,,,,,,,,,,,,,,,,,,,,,,
,,ENSG00000231933.7,,,,,,,,,,,,,,,,,,,,,,,,,,,,,,,,,,,,
,,ENSG00000250600.1,,,,,,,,,,,,,,,,,,,,,,,,,,,,,,,,,,,,
,,ENSG00000227206.1,,,,,,,,,,,,,,,,,,,,,,,,,,,,,,,,,,,,
,,ENSG00000279498.1,,,,,,,,,,,,,,,,,,,,,,,,,,,,,,,,,,,,
,,ENSG00000261683.1,,,,,,,,,,,,,,,,,,,,,,,,,,,,,,,,,,,,
,,ENSG00000225582.1,,,,,,,,,,,,,,,,,,,,,,,,,,,,,,,,,,,,
,,ENSG00000264069.3,,,,,,,,,,,,,,,,,,,,,,,,,,,,,,,,,,,,
,,ENSG00000225209.1,,,,,,,,,,,,,,,,,,,,,,,,,,,,,,,,,,,,
,,ENSG00000231326.6,,,,,,,,,,,,,,,,,,,,,,,,,,,,,,,,,,,,
,,ENSG00000231626.1,,,,,,,,,,,,,,,,,,,,,,,,,,,,,,,,,,,,
,,ENSG00000250402.2,,,,,,,,,,,,,,,,,,,,,,,,,,,,,,,,,,,,
,,ENSG00000274469.1,,,,,,,,,,,,,,,,,,,,,,,,,,,,,,,,,,,,
,,ENSG00000238063.2,,,,,,,,,,,,,,,,,,,,,,,,,,,,,,,,,,,,
,,ENSG00000248872.1,,,,,,,,,,,,,,,,,,,,,,,,,,,,,,,,,,,,
,,ENSG00000237947.1,,,,,,,,,,,,,,,,,,,,,,,,,,,,,,,,,,,,
,,ENSG00000205449.11,,,,,,,,,,,,,,,,,,,,,,,,,,,,,,,,,,,,
,,ENSG00000271149.1,,,,,,,,,,,,,,,,,,,,,,,,,,,,,,,,,,,,
,,ENSG00000277527.1,,,,,,,,,,,,,,,,,,,,,,,,,,,,,,,,,,,,
,,ENSG00000203498.2,,,,,,,,,,,,,,,,,,,,,,,,,,,,,,,,,,,,
,,ENSG00000261194.1,,,,,,,,,,,,,,,,,,,,,,,,,,,,,,,,,,,,
,,ENSG00000280180.1,,,,,,,,,,,,,,,,,,,,,,,,,,,,,,,,,,,,
,,ENSG00000251470.1,,,,,,,,,,,,,,,,,,,,,,,,,,,,,,,,,,,,
,,ENSG00000279715.1,,,,,,,,,,,,,,,,,,,,,,,,,,,,,,,,,,,,
,,ENSG00000251310.1,,,,,,,,,,,,,,,,,,,,,,,,,,,,,,,,,,,,
,,ENSG00000253281.6,,,,,,,,,,,,,,,,,,,,,,,,,,,,,,,,,,,,
,,ENSG00000199698.1,,,,,,,,,,,,,,,,,,,,,,,,,,,,,,,,,,,,
,,ENSG00000276407.4,,,,,,,,,,,,,,,,,,,,,,,,,,,,,,,,,,,,
,,ENSG00000267391.4,,,,,,,,,,,,,,,,,,,,,,,,,,,,,,,,,,,,
,,ENSG00000237937.5,,,,,,,,,,,,,,,,,,,,,,,,,,,,,,,,,,,,
,,ENSG00000235455.1,,,,,,,,,,,,,,,,,,,,,,,,,,,,,,,,,,,,
,,ENSG00000248203.1,,,,,,,,,,,,,,,,,,,,,,,,,,,,,,,,,,,,
,,ENSG00000248482.1,,,,,,,,,,,,,,,,,,,,,,,,,,,,,,,,,,,,
,,ENSG00000215512.9,,,,,,,,,,,,,,,,,,,,,,,,,,,,,,,,,,,,
,,ENSG00000259636.1,,,,,,,,,,,,,,,,,,,,,,,,,,,,,,,,,,,,
,,ENSG00000225785.1,,,,,,,,,,,,,,,,,,,,,,,,,,,,,,,,,,,,
,,ENSG00000169208.1,,,,,,,,,,,,,,,,,,,,,,,,,,,,,,,,,,,,
,,ENSG00000231876.7,,,,,,,,,,,,,,,,,,,,,,,,,,,,,,,,,,,,
,,ENSG00000236950.1,,,,,,,,,,,,,,,,,,,,,,,,,,,,,,,,,,,,
,,ENSG00000269957.5,,,,,,,,,,,,,,,,,,,,,,,,,,,,,,,,,,,,
,,ENSG00000225919.1,,,,,,,,,,,,,,,,,,,,,,,,,,,,,,,,,,,,
,,ENSG00000253235.1,,,,,,,,,,,,,,,,,,,,,,,,,,,,,,,,,,,,
,,ENSG00000276949.1,,,,,,,,,,,,,,,,,,,,,,,,,,,,,,,,,,,,
,,ENSG00000250576.1,,,,,,,,,,,,,,,,,,,,,,,,,,,,,,,,,,,,
,,ENSG00000256362.1,,,,,,,,,,,,,,,,,,,,,,,,,,,,,,,,,,,,
,,ENSG00000273360.1,,,,,,,,,,,,,,,,,,,,,,,,,,,,,,,,,,,,
,,ENSG00000250544.1,,,,,,,,,,,,,,,,,,,,,,,,,,,,,,,,,,,,
,,ENSG00000257155.1,,,,,,,,,,,,,,,,,,,,,,,,,,,,,,,,,,,,
,,ENSG00000250447.5,,,,,,,,,,,,,,,,,,,,,,,,,,,,,,,,,,,,
,,ENSG00000176232.10,,,,,,,,,,,,,,,,,,,,,,,,,,,,,,,,,,,,
,,ENSG00000224771.1,,,,,,,,,,,,,,,,,,,,,,,,,,,,,,,,,,,,
,,ENSG00000255178.1,,,,,,,,,,,,,,,,,,,,,,,,,,,,,,,,,,,,
,,ENSG00000229578.2,,,,,,,,,,,,,,,,,,,,,,,,,,,,,,,,,,,,
,,ENSG00000248311.1,,,,,,,,,,,,,,,,,,,,,,,,,,,,,,,,,,,,
,,ENSG00000260854.1,,,,,,,,,,,,,,,,,,,,,,,,,,,,,,,,,,,,
,,ENSG00000230262.6,,,,,,,,,,,,,,,,,,,,,,,,,,,,,,,,,,,,
,,ENSG00000263485.1,,,,,,,,,,,,,,,,,,,,,,,,,,,,,,,,,,,,
,,ENSG00000200296.1,,,,,,,,,,,,,,,,,,,,,,,,,,,,,,,,,,,,
,,ENSG00000267269.1,,,,,,,,,,,,,,,,,,,,,,,,,,,,,,,,,,,,
,,ENSG00000188280.11,,,,,,,,,,,,,,,,,,,,,,,,,,,,,,,,,,,,
,,ENSG00000227717.4,,,,,,,,,,,,,,,,,,,,,,,,,,,,,,,,,,,,
,,ENSG00000249830.1,,,,,,,,,,,,,,,,,,,,,,,,,,,,,,,,,,,,
,,ENSG00000255502.5,,,,,,,,,,,,,,,,,,,,,,,,,,,,,,,,,,,,
,,ENSG00000265671.1,,,,,,,,,,,,,,,,,,,,,,,,,,,,,,,,,,,,
,,ENSG00000271220.1,,,,,,,,,,,,,,,,,,,,,,,,,,,,,,,,,,,,
,,ENSG00000183246.6,,,,,,,,,,,,,,,,,,,,,,,,,,,,,,,,,,,,
,,ENSG00000238097.1,,,,,,,,,,,,,,,,,,,,,,,,,,,,,,,,,,,,
,,ENSG00000249747.1,,,,,,,,,,,,,,,,,,,,,,,,,,,,,,,,,,,,
,,ENSG00000233962.1,,,,,,,,,,,,,,,,,,,,,,,,,,,,,,,,,,,,
,,ENSG00000230704.1,,,,,,,,,,,,,,,,,,,,,,,,,,,,,,,,,,,,
,,ENSG00000224902.5,,,,,,,,,,,,,,,,,,,,,,,,,,,,,,,,,,,,
,,ENSG00000242339.1,,,,,,,,,,,,,,,,,,,,,,,,,,,,,,,,,,,,
,,ENSG00000261184.1,,,,,,,,,,,,,,,,,,,,,,,,,,,,,,,,,,,,
,,ENSG00000256292.1,,,,,,,,,,,,,,,,,,,,,,,,,,,,,,,,,,,,
,,ENSG00000238012.1,,,,,,,,,,,,,,,,,,,,,,,,,,,,,,,,,,,,
,,ENSG00000260573.2,,,,,,,,,,,,,,,,,,,,,,,,,,,,,,,,,,,,
,,ENSG00000236052.1,,,,,,,,,,,,,,,,,,,,,,,,,,,,,,,,,,,,
,,ENSG00000229483.2,,,,,,,,,,,,,,,,,,,,,,,,,,,,,,,,,,,,
,,ENSG00000243135.6,,,,,,,,,,,,,,,,,,,,,,,,,,,,,,,,,,,,
,,ENSG00000227562.1,,,,,,,,,,,,,,,,,,,,,,,,,,,,,,,,,,,,
,,ENSG00000267215.1,,,,,,,,,,,,,,,,,,,,,,,,,,,,,,,,,,,,
,,ENSG00000251685.3,,,,,,,,,,,,,,,,,,,,,,,,,,,,,,,,,,,,
,,ENSG00000250032.1,,,,,,,,,,,,,,,,,,,,,,,,,,,,,,,,,,,,
,,ENSG00000276687.1,,,,,,,,,,,,,,,,,,,,,,,,,,,,,,,,,,,,
,,ENSG00000254236.1,,,,,,,,,,,,,,,,,,,,,,,,,,,,,,,,,,,,
,,ENSG00000249613.1,,,,,,,,,,,,,,,,,,,,,,,,,,,,,,,,,,,,
,,ENSG00000255246.1,,,,,,,,,,,,,,,,,,,,,,,,,,,,,,,,,,,,
,,ENSG00000259149.1,,,,,,,,,,,,,,,,,,,,,,,,,,,,,,,,,,,,
,,ENSG00000214319.2,,,,,,,,,,,,,,,,,,,,,,,,,,,,,,,,,,,,
,,ENSG00000259650.1,,,,,,,,,,,,,,,,,,,,,,,,,,,,,,,,,,,,
,,ENSG00000249317.1,,,,,,,,,,,,,,,,,,,,,,,,,,,,,,,,,,,,
,,ENSG00000213312.3,,,,,,,,,,,,,,,,,,,,,,,,,,,,,,,,,,,,
,,ENSG00000225477.3,,,,,,,,,,,,,,,,,,,,,,,,,,,,,,,,,,,,
,,ENSG00000254704.3,,,,,,,,,,,,,,,,,,,,,,,,,,,,,,,,,,,,
,,ENSG00000253381.1,,,,,,,,,,,,,,,,,,,,,,,,,,,,,,,,,,,,
,,ENSG00000259267.2,,,,,,,,,,,,,,,,,,,,,,,,,,,,,,,,,,,,
,,ENSG00000230647.1,,,,,,,,,,,,,,,,,,,,,,,,,,,,,,,,,,,,
,,ENSG00000251427.1,,,,,,,,,,,,,,,,,,,,,,,,,,,,,,,,,,,,
