MEmidnightblue,MEred,MEgreen,MEblack,MEblue,MEsalmon,MEturquoise,MEcyan,MEbrown,MEtan,MEgreenyellow,MEpink,MEyellow,MEmagenta,MEpurple,MEgrey
ENSG00000180999,ENSG00000279489,ENSG00000225738,ENSG00000258725,ENSG00000271614,ENSG00000177694,ENSG00000177694,ENSG00000212933,ENSG00000163207,ENSG00000163207,ENSG00000175779,ENSG00000213757,ENSG00000073861,ENSG00000204991,ENSG00000135114,ENSG00000213757
ENSG00000226063,ENSG00000151240,ENSG00000139797,ENSG00000230932,ENSG00000231660,ENSG00000151240,ENSG00000213757,ENSG00000170484,ENSG00000132475,ENSG00000227922,ENSG00000236352,ENSG00000153574,ENSG00000169413,ENSG00000178882,ENSG00000246582,ENSG00000275936
ENSG00000231811,ENSG00000284391,ENSG00000224107,ENSG00000218475,ENSG00000186231,ENSG00000251359,ENSG00000275936,ENSG00000225438,ENSG00000213214,ENSG00000277013,ENSG00000160117,ENSG00000138750,ENSG00000146828,ENSG00000147804,ENSG00000229092,ENSG00000260912
ENSG00000107317,ENSG00000272070,ENSG00000254434,ENSG00000182722,ENSG00000073150,ENSG00000284391,ENSG00000153574,ENSG00000188581,ENSG00000277013,ENSG00000254670,ENSG00000226397,ENSG00000128513,ENSG00000135114,ENSG00000036565,ENSG00000283288,ENSG00000138750
ENSG00000121769,ENSG00000124006,ENSG00000258712,ENSG00000110427,ENSG00000279014,ENSG00000279041,ENSG00000260912,ENSG00000241233,ENSG00000266028,ENSG00000268287,ENSG00000282925,ENSG00000253669,ENSG00000259671,ENSG00000282793,ENSG00000095110,ENSG00000172057
ENSG00000186439,ENSG00000187486,ENSG00000248457,ENSG00000235034,ENSG00000248184,ENSG00000164323,ENSG00000138750,ENSG00000244025,ENSG00000254670,ENSG00000238755,ENSG00000157601,ENSG00000164323,ENSG00000274020,ENSG00000185002,ENSG00000253467,ENSG00000132475
ENSG00000078814,ENSG00000091436,ENSG00000280180,ENSG00000236276,ENSG00000204991,ENSG00000031003,ENSG00000147654,ENSG00000189169,ENSG00000270937,ENSG00000136695,ENSG00000113302,ENSG00000160117,ENSG00000172757,ENSG00000229092,ENSG00000211626,ENSG00000258741
ENSG00000253925,ENSG00000172403,ENSG00000102055,ENSG00000253361,ENSG00000227051,ENSG00000245552,ENSG00000172057,ENSG00000244624,ENSG00000011009,ENSG00000087510,ENSG00000272825,ENSG00000168303,ENSG00000167261,ENSG00000283288,ENSG00000254827,ENSG00000111412
ENSG00000252104,ENSG00000185345,ENSG00000223597,ENSG00000261670,ENSG00000253379,ENSG00000157216,ENSG00000132475,ENSG00000006059,ENSG00000065621,ENSG00000154342,ENSG00000114013,ENSG00000166133,ENSG00000272825,ENSG00000095110,ENSG00000211920,ENSG00000225205
ENSG00000253660,ENSG00000260460,ENSG00000270691,ENSG00000267890,ENSG00000182722,ENSG00000152492,ENSG00000258741,,ENSG00000207611,ENSG00000252920,ENSG00000258843,ENSG00000130733,ENSG00000114013,ENSG00000224276,ENSG00000165496,ENSG00000251359
ENSG00000134020,ENSG00000139977,ENSG00000269931,ENSG00000234303,ENSG00000155886,ENSG00000244968,ENSG00000151240,,ENSG00000058085,ENSG00000253196,ENSG00000229162,ENSG00000236991,ENSG00000229162,ENSG00000163959,ENSG00000235576,ENSG00000128513
ENSG00000150722,ENSG00000050820,ENSG00000231431,ENSG00000186862,ENSG00000110427,ENSG00000225378,ENSG00000273901,,ENSG00000233203,ENSG00000264177,ENSG00000279942,ENSG00000136108,ENSG00000140932,ENSG00000211626,ENSG00000276566,ENSG00000160161
ENSG00000238273,ENSG00000112992,ENSG00000229249,ENSG00000112139,ENSG00000177098,ENSG00000272823,ENSG00000111412,,ENSG00000268287,ENSG00000230638,ENSG00000279500,ENSG00000164306,ENSG00000145779,ENSG00000254827,ENSG00000105369,ENSG00000276523
ENSG00000261115,ENSG00000156469,ENSG00000260994,ENSG00000186648,ENSG00000235034,ENSG00000226409,ENSG00000251359,,ENSG00000121900,ENSG00000244094,ENSG00000229781,ENSG00000011009,ENSG00000205846,ENSG00000165496,ENSG00000282639,ENSG00000276696
ENSG00000253807,ENSG00000117054,ENSG00000225488,ENSG00000215589,ENSG00000067836,ENSG00000170876,ENSG00000067445,,ENSG00000246582,ENSG00000276850,ENSG00000116017,ENSG00000004700,ENSG00000259600,ENSG00000261208,ENSG00000275475,ENSG00000265939
ENSG00000174502,ENSG00000214297,ENSG00000113492,ENSG00000225554,ENSG00000253361,ENSG00000197702,ENSG00000128513,,ENSG00000186648,ENSG00000172382,ENSG00000264739,ENSG00000064490,ENSG00000163959,ENSG00000282639,ENSG00000225523,ENSG00000164323
ENSG00000121743,ENSG00000124374,ENSG00000183246,ENSG00000104112,ENSG00000157680,ENSG00000083750,ENSG00000100422,,ENSG00000215126,ENSG00000075275,ENSG00000105369,ENSG00000101574,ENSG00000242473,ENSG00000187783,ENSG00000173237,ENSG00000031003
,ENSG00000096080,ENSG00000229027,ENSG00000257680,ENSG00000108830,ENSG00000272720,ENSG00000154485,,ENSG00000259513,ENSG00000281097,ENSG00000258878,ENSG00000151239,ENSG00000115956,ENSG00000225523,ENSG00000271503,ENSG00000213214
,ENSG00000133315,ENSG00000257164,ENSG00000224717,ENSG00000272056,ENSG00000104375,ENSG00000277969,,ENSG00000215644,ENSG00000155761,ENSG00000144554,ENSG00000186283,ENSG00000189067,ENSG00000173237,ENSG00000253241,ENSG00000168303
,ENSG00000121769,ENSG00000261446,ENSG00000250514,ENSG00000261670,ENSG00000178202,ENSG00000160161,,ENSG00000136695,ENSG00000241635,ENSG00000117586,ENSG00000251018,ENSG00000276568,ENSG00000241635,ENSG00000211972,ENSG00000275437
,ENSG00000186439,ENSG00000280446,ENSG00000235711,ENSG00000102104,ENSG00000144935,ENSG00000276523,,ENSG00000227036,ENSG00000236091,ENSG00000226751,ENSG00000277161,ENSG00000279500,ENSG00000133216,ENSG00000240671,ENSG00000245552
,ENSG00000115694,ENSG00000175336,ENSG00000227014,ENSG00000260990,ENSG00000133392,ENSG00000279041,,ENSG00000043514,ENSG00000266634,ENSG00000120659,ENSG00000233203,ENSG00000249173,ENSG00000211972,ENSG00000260963,ENSG00000147251
,ENSG00000144908,ENSG00000157060,ENSG00000281732,ENSG00000137267,ENSG00000168944,ENSG00000265939,,ENSG00000087510,ENSG00000168631,ENSG00000167895,ENSG00000152133,ENSG00000229124,ENSG00000170482,ENSG00000279933,ENSG00000259677
,ENSG00000164976,ENSG00000253279,ENSG00000248484,ENSG00000267890,ENSG00000184743,ENSG00000164323,,ENSG00000073282,ENSG00000184574,ENSG00000280247,ENSG00000110107,ENSG00000139187,ENSG00000254290,ENSG00000171431,ENSG00000266028
,ENSG00000078814,ENSG00000223942,ENSG00000259158,ENSG00000162174,ENSG00000248441,ENSG00000031003,,ENSG00000154342,ENSG00000214711,ENSG00000248243,ENSG00000188185,ENSG00000211778,ENSG00000260963,ENSG00000244437,ENSG00000169914
,ENSG00000110717,ENSG00000258600,ENSG00000236065,ENSG00000169006,ENSG00000204262,ENSG00000213214,,ENSG00000001617,ENSG00000146904,ENSG00000237770,ENSG00000124688,ENSG00000224177,ENSG00000171431,ENSG00000183508,ENSG00000130733
,ENSG00000185267,ENSG00000139151,ENSG00000277543,ENSG00000234303,ENSG00000248610,ENSG00000272990,,ENSG00000237290,ENSG00000227640,ENSG00000237520,ENSG00000268858,ENSG00000116017,ENSG00000143416,ENSG00000167895,ENSG00000236991
,ENSG00000102181,ENSG00000226488,ENSG00000272899,ENSG00000274528,ENSG00000130037,ENSG00000168303,,ENSG00000268751,ENSG00000110375,ENSG00000105246,ENSG00000246582,ENSG00000150977,ENSG00000114113,ENSG00000132704,ENSG00000280327
,ENSG00000165264,ENSG00000206043,ENSG00000178233,ENSG00000007516,ENSG00000187824,ENSG00000245552,,ENSG00000163354,ENSG00000253374,ENSG00000238121,ENSG00000094916,ENSG00000235576,ENSG00000258471,ENSG00000238121,ENSG00000234072
,ENSG00000133878,ENSG00000231504,ENSG00000227835,ENSG00000254714,ENSG00000171873,ENSG00000273888,,ENSG00000254951,ENSG00000005001,ENSG00000265415,ENSG00000146918,ENSG00000185187,ENSG00000141434,ENSG00000154165,ENSG00000197858
,ENSG00000133020,ENSG00000238074,ENSG00000254449,ENSG00000186862,ENSG00000077157,ENSG00000147251,,ENSG00000170484,ENSG00000189280,ENSG00000154165,ENSG00000136152,ENSG00000229331,ENSG00000101276,ENSG00000253691,ENSG00000118217
,ENSG00000004799,ENSG00000255388,ENSG00000178171,ENSG00000272321,ENSG00000196312,ENSG00000166133,,ENSG00000177380,ENSG00000163472,ENSG00000175841,ENSG00000130332,ENSG00000105369,ENSG00000214796,ENSG00000253240,ENSG00000164306
,ENSG00000162409,ENSG00000230292,ENSG00000161609,ENSG00000186648,ENSG00000188649,ENSG00000124006,,ENSG00000185112,ENSG00000186806,ENSG00000280224,ENSG00000164347,ENSG00000132109,ENSG00000227258,ENSG00000174946,ENSG00000146828
,ENSG00000142507,ENSG00000163705,ENSG00000225570,ENSG00000132321,ENSG00000105971,ENSG00000157216,,ENSG00000204839,ENSG00000268621,ENSG00000227589,ENSG00000234028,ENSG00000225690,ENSG00000254550,ENSG00000197520,ENSG00000124222
,ENSG00000250041,ENSG00000269037,ENSG00000253678,ENSG00000166676,ENSG00000143341,ENSG00000266028,,ENSG00000108379,ENSG00000258616,ENSG00000284452,ENSG00000143578,ENSG00000229391,ENSG00000197520,ENSG00000132465,ENSG00000011009
,ENSG00000137571,ENSG00000173769,ENSG00000245526,ENSG00000225554,ENSG00000277215,ENSG00000169914,,ENSG00000236409,ENSG00000214049,ENSG00000188937,ENSG00000141570,ENSG00000173757,ENSG00000132465,ENSG00000259261,ENSG00000271851
,ENSG00000077157,ENSG00000263382,ENSG00000239579,ENSG00000169750,ENSG00000261051,ENSG00000130733,,ENSG00000104892,ENSG00000167165,ENSG00000197275,ENSG00000004455,ENSG00000187653,ENSG00000211905,ENSG00000163600,ENSG00000267834
,ENSG00000174429,ENSG00000266782,ENSG00000231460,ENSG00000077616,ENSG00000112759,ENSG00000236991,,ENSG00000120215,ENSG00000255325,ENSG00000257746,ENSG00000162419,ENSG00000255026,ENSG00000183463,ENSG00000211905,ENSG00000164010
,ENSG00000130600,ENSG00000235166,ENSG00000249106,ENSG00000104112,ENSG00000223855,ENSG00000280327,,ENSG00000253196,,ENSG00000211697,ENSG00000247240,ENSG00000104894,ENSG00000064270,ENSG00000183463,ENSG00000272226
,ENSG00000069535,ENSG00000254066,ENSG00000006468,ENSG00000249602,ENSG00000271833,ENSG00000234072,,ENSG00000276103,,ENSG00000143476,ENSG00000133313,ENSG00000163162,ENSG00000224272,ENSG00000096996,ENSG00000064490
,ENSG00000100412,ENSG00000253577,ENSG00000281100,ENSG00000261402,ENSG00000227709,ENSG00000197858,,ENSG00000279233,,ENSG00000149635,ENSG00000148803,ENSG00000203497,ENSG00000211957,ENSG00000211957,ENSG00000268043
,ENSG00000134020,ENSG00000226250,ENSG00000174963,ENSG00000276631,ENSG00000188483,ENSG00000118217,,ENSG00000264177,,ENSG00000146670,ENSG00000117862,ENSG00000177669,,ENSG00000237111,ENSG00000101574
,ENSG00000234814,ENSG00000265766,ENSG00000259222,ENSG00000276809,ENSG00000205795,ENSG00000164306,,ENSG00000136697,,ENSG00000174930,ENSG00000124571,ENSG00000141506,,,ENSG00000151239
,ENSG00000115896,ENSG00000228123,ENSG00000268455,ENSG00000102226,ENSG00000274128,ENSG00000124222,,ENSG00000269516,,ENSG00000096996,ENSG00000170606,ENSG00000007264,,,ENSG00000261468
,ENSG00000082641,ENSG00000248555,ENSG00000283583,ENSG00000151023,ENSG00000077782,ENSG00000011009,,ENSG00000280587,,ENSG00000255428,ENSG00000115368,ENSG00000279202,,,ENSG00000260808
,ENSG00000134056,ENSG00000232596,ENSG00000233082,ENSG00000177380,ENSG00000213145,ENSG00000271851,,ENSG00000253608,,ENSG00000231881,ENSG00000221829,ENSG00000263528,,,ENSG00000224138
,ENSG00000259961,ENSG00000237850,ENSG00000168781,ENSG00000160781,ENSG00000181619,ENSG00000267834,,ENSG00000230638,,,ENSG00000164933,ENSG00000271503,,,ENSG00000245680
,ENSG00000258952,ENSG00000233417,ENSG00000268182,ENSG00000235711,ENSG00000149201,ENSG00000004700,,ENSG00000267409,,,ENSG00000279942,ENSG00000198736,,,ENSG00000152492
,ENSG00000170276,ENSG00000206026,ENSG00000204248,ENSG00000261411,ENSG00000182247,ENSG00000146540,,ENSG00000137675,,,ENSG00000181924,ENSG00000115165,,,ENSG00000148358
,ENSG00000196792,ENSG00000249727,ENSG00000105467,ENSG00000173581,ENSG00000253731,ENSG00000164010,,ENSG00000123600,,,ENSG00000128973,ENSG00000215529,,,ENSG00000186283
,ENSG00000130595,ENSG00000189375,ENSG00000176049,ENSG00000273233,ENSG00000112218,ENSG00000270048,,ENSG00000174788,,,ENSG00000043514,ENSG00000240671,,,ENSG00000249592
,ENSG00000219186,ENSG00000104755,ENSG00000267786,ENSG00000196972,ENSG00000144645,ENSG00000272226,,ENSG00000197822,,,ENSG00000152348,ENSG00000211881,,,ENSG00000254691
,ENSG00000230479,ENSG00000262352,ENSG00000167964,ENSG00000255268,ENSG00000162591,ENSG00000064490,,ENSG00000276850,,,ENSG00000116580,ENSG00000140678,,,ENSG00000185621
,ENSG00000107537,ENSG00000244321,ENSG00000272203,ENSG00000121335,ENSG00000253373,ENSG00000099910,,ENSG00000276542,,,ENSG00000255893,ENSG00000168310,,,ENSG00000198270
,ENSG00000107758,ENSG00000204669,ENSG00000159409,ENSG00000283078,ENSG00000136378,ENSG00000268043,,ENSG00000172382,,,ENSG00000134255,ENSG00000104915,,,ENSG00000147804
,ENSG00000267809,ENSG00000257476,ENSG00000269814,ENSG00000164627,ENSG00000137166,ENSG00000101574,,ENSG00000075275,,,ENSG00000111669,ENSG00000279933,,,ENSG00000058085
,ENSG00000104131,ENSG00000256888,ENSG00000250050,ENSG00000164199,ENSG00000152404,ENSG00000151239,,ENSG00000143367,,,ENSG00000011143,ENSG00000253483,,,ENSG00000283317
,ENSG00000152642,ENSG00000165076,ENSG00000203930,ENSG00000205899,ENSG00000167941,ENSG00000261468,,ENSG00000281097,,,ENSG00000163867,ENSG00000172890,,,ENSG00000270061
,ENSG00000125166,ENSG00000261046,ENSG00000102466,ENSG00000178233,ENSG00000196616,ENSG00000260808,,ENSG00000263528,,,ENSG00000135336,ENSG00000203644,,,ENSG00000188185
,ENSG00000019995,ENSG00000177910,ENSG00000129244,ENSG00000227835,ENSG00000261363,ENSG00000224138,,ENSG00000088386,,,ENSG00000156398,ENSG00000213073,,,ENSG00000268858
,ENSG00000165912,ENSG00000232624,ENSG00000215467,ENSG00000182700,ENSG00000256650,ENSG00000245680,,ENSG00000279954,,,ENSG00000134057,ENSG00000244437,,,ENSG00000243323
,ENSG00000225710,ENSG00000234551,ENSG00000119283,ENSG00000198668,ENSG00000128595,ENSG00000152492,,ENSG00000139151,,,ENSG00000155827,ENSG00000183508,,,ENSG00000280739
,ENSG00000198612,ENSG00000280580,ENSG00000272420,ENSG00000198870,ENSG00000251314,ENSG00000260314,,ENSG00000241635,,,ENSG00000279500,ENSG00000167895,,,ENSG00000134884
,ENSG00000060656,ENSG00000234474,ENSG00000151025,ENSG00000255224,ENSG00000110696,ENSG00000148358,,ENSG00000065361,,,ENSG00000130818,ENSG00000196866,,,ENSG00000246582
,ENSG00000178104,ENSG00000258368,ENSG00000259425,ENSG00000212864,ENSG00000248551,ENSG00000186283,,ENSG00000165591,,,ENSG00000107833,ENSG00000173846,,,ENSG00000094916
,ENSG00000253115,ENSG00000200197,ENSG00000185774,ENSG00000187398,ENSG00000173698,ENSG00000139977,,ENSG00000178078,,,ENSG00000176148,ENSG00000242583,,,ENSG00000136152
,ENSG00000102763,ENSG00000259966,ENSG00000105255,ENSG00000173805,ENSG00000172201,ENSG00000249592,,ENSG00000035115,,,ENSG00000204604,ENSG00000283602,,,ENSG00000130332
,ENSG00000182253,ENSG00000175877,ENSG00000159784,ENSG00000259954,ENSG00000269113,ENSG00000254691,,ENSG00000170482,,,ENSG00000176225,ENSG00000167850,,,ENSG00000157601
,ENSG00000126091,ENSG00000259267,ENSG00000269873,ENSG00000007264,ENSG00000260139,ENSG00000113205,,ENSG00000127124,,,ENSG00000142937,ENSG00000140931,,,ENSG00000224888
,ENSG00000165526,ENSG00000236950,ENSG00000239942,ENSG00000178171,ENSG00000119403,ENSG00000185621,,ENSG00000016402,,,ENSG00000149636,ENSG00000072786,,,ENSG00000215126
,ENSG00000183571,ENSG00000163098,ENSG00000239519,ENSG00000245526,ENSG00000182158,ENSG00000050820,,ENSG00000119862,,,ENSG00000111665,ENSG00000137312,,,ENSG00000267343
,ENSG00000155367,,ENSG00000254440,ENSG00000021300,ENSG00000164949,ENSG00000198270,,ENSG00000145824,,,ENSG00000116017,ENSG00000141480,,,ENSG00000228638
,ENSG00000132463,,ENSG00000152822,ENSG00000230725,ENSG00000187479,ENSG00000147804,,ENSG00000229660,,,ENSG00000180008,ENSG00000257335,,,ENSG00000234028
,ENSG00000214194,,ENSG00000083067,ENSG00000111783,ENSG00000273015,ENSG00000241370,,ENSG00000184574,,,ENSG00000235508,ENSG00000015285,,,ENSG00000143578
,ENSG00000125414,,ENSG00000279123,ENSG00000240253,ENSG00000084636,ENSG00000168487,,ENSG00000105679,,,ENSG00000145348,ENSG00000142669,,,ENSG00000213782
,ENSG00000260125,,ENSG00000229492,ENSG00000215237,ENSG00000120896,ENSG00000244968,,ENSG00000280183,,,ENSG00000168944,ENSG00000227550,,,ENSG00000244657
,ENSG00000161714,,ENSG00000157890,ENSG00000157064,ENSG00000232057,ENSG00000058085,,ENSG00000216802,,,ENSG00000053770,ENSG00000258511,,,ENSG00000117625
,ENSG00000163126,,ENSG00000166793,ENSG00000278041,ENSG00000240429,ENSG00000277161,,ENSG00000170522,,,ENSG00000129315,ENSG00000132704,,,ENSG00000270137
,ENSG00000099968,,ENSG00000165066,ENSG00000270240,ENSG00000143248,ENSG00000283317,,ENSG00000258471,,,ENSG00000197226,ENSG00000231964,,,ENSG00000004455
,ENSG00000201279,,ENSG00000265254,ENSG00000170775,ENSG00000151491,ENSG00000243989,,ENSG00000278527,,,ENSG00000125304,ENSG00000238121,,,ENSG00000162419
,ENSG00000101413,,ENSG00000257159,ENSG00000084444,ENSG00000049323,ENSG00000152133,,ENSG00000149346,,,ENSG00000140750,ENSG00000064012,,,ENSG00000247240
,ENSG00000267507,,ENSG00000264791,ENSG00000281106,ENSG00000259523,ENSG00000270061,,ENSG00000271366,,,ENSG00000131148,ENSG00000130066,,,ENSG00000133313
,ENSG00000168575,,,ENSG00000140600,ENSG00000234509,ENSG00000110107,,ENSG00000253766,,,ENSG00000125944,ENSG00000211816,,,ENSG00000145779
,ENSG00000182606,,,ENSG00000231460,ENSG00000071967,ENSG00000188185,,ENSG00000146904,,,ENSG00000048991,ENSG00000100055,,,ENSG00000127980
,,,,ENSG00000136099,ENSG00000143554,ENSG00000124688,,ENSG00000279929,,,ENSG00000151576,ENSG00000128294,,,ENSG00000280408
,,,,ENSG00000260163,ENSG00000113971,ENSG00000168904,,ENSG00000227500,,,ENSG00000180611,ENSG00000012779,,,ENSG00000234997
,,,,ENSG00000198908,ENSG00000128487,ENSG00000204463,,ENSG00000170683,,,ENSG00000168538,ENSG00000146826,,,ENSG00000073169
,,,,ENSG00000235492,ENSG00000230630,ENSG00000268858,,ENSG00000256248,,,ENSG00000183291,ENSG00000262246,,,ENSG00000175938
,,,,ENSG00000182621,ENSG00000162687,ENSG00000156469,,ENSG00000171444,,,ENSG00000136933,ENSG00000130592,,,ENSG00000241782
,,,,ENSG00000249106,ENSG00000144677,ENSG00000243323,,ENSG00000214796,,,ENSG00000107937,ENSG00000076928,,,ENSG00000117862
,,,,ENSG00000134874,ENSG00000106804,ENSG00000211445,,ENSG00000135127,,,ENSG00000123600,ENSG00000227039,,,ENSG00000170876
,,,,ENSG00000006468,ENSG00000120158,ENSG00000280739,,ENSG00000126391,,,ENSG00000196597,ENSG00000253736,,,ENSG00000215421
,,,,ENSG00000275580,ENSG00000280132,ENSG00000121900,,ENSG00000227640,,,ENSG00000140307,ENSG00000131669,,,ENSG00000124571
,,,,ENSG00000237640,ENSG00000236296,ENSG00000134884,,ENSG00000090776,,,ENSG00000154814,ENSG00000180573,,,ENSG00000115368
,,,,ENSG00000259609,ENSG00000067900,ENSG00000094916,,ENSG00000183734,,,ENSG00000163877,ENSG00000153310,,,ENSG00000221829
,,,,ENSG00000174456,ENSG00000275454,ENSG00000217130,,ENSG00000263105,,,ENSG00000101040,ENSG00000174946,,,ENSG00000164933
,,,,ENSG00000184845,,ENSG00000146918,,ENSG00000278978,,,ENSG00000144554,ENSG00000124357,,,ENSG00000277425
,,,,ENSG00000255537,,ENSG00000136152,,ENSG00000232713,,,ENSG00000175387,ENSG00000211697,,,ENSG00000232022
,,,,ENSG00000175575,,ENSG00000130332,,ENSG00000223589,,,ENSG00000204519,ENSG00000137575,,,ENSG00000249485
,,,,ENSG00000281100,,ENSG00000130338,,ENSG00000277986,,,ENSG00000123737,ENSG00000235119,,,ENSG00000128973
,,,,ENSG00000167680,,ENSG00000241962,,ENSG00000236136,,,ENSG00000167491,ENSG00000180596,,,ENSG00000179523
,,,,ENSG00000196976,,ENSG00000124788,,ENSG00000105549,,,ENSG00000168894,ENSG00000225889,,,ENSG00000255857
,,,,ENSG00000169783,,ENSG00000280303,,ENSG00000171365,,,ENSG00000205544,ENSG00000173868,,,ENSG00000043514
,,,,ENSG00000203650,,ENSG00000128652,,ENSG00000187185,,,ENSG00000107929,ENSG00000166900,,,ENSG00000152348
,,,,ENSG00000174963,,ENSG00000164347,,ENSG00000204315,,,ENSG00000131876,ENSG00000163600,,,ENSG00000249180
,,,,ENSG00000259222,,ENSG00000136986,,ENSG00000203786,,,ENSG00000108439,ENSG00000188536,,,ENSG00000116580
,,,,ENSG00000148826,,ENSG00000224888,,ENSG00000005001,,,ENSG00000099942,ENSG00000211905,,,ENSG00000051009
,,,,ENSG00000258010,,ENSG00000215126,,ENSG00000189280,,,ENSG00000117586,ENSG00000096996,,,ENSG00000134255
,,,,ENSG00000265015,,ENSG00000267343,,ENSG00000234115,,,ENSG00000119777,ENSG00000240403,,,ENSG00000236383
,,,,ENSG00000227888,,ENSG00000228638,,ENSG00000163472,,,ENSG00000124549,ENSG00000159322,,,ENSG00000083750
,,,,ENSG00000170231,,ENSG00000234028,,ENSG00000233221,,,ENSG00000131467,ENSG00000166927,,,ENSG00000111962
,,,,ENSG00000236082,,ENSG00000143578,,ENSG00000233953,,,ENSG00000277194,ENSG00000160588,,,ENSG00000249264
,,,,ENSG00000070808,,ENSG00000213782,,ENSG00000186806,,,ENSG00000120659,ENSG00000172794,,,ENSG00000011143
,,,,ENSG00000113100,,ENSG00000244657,,ENSG00000232098,,,ENSG00000126767,ENSG00000101307,,,ENSG00000001617
,,,,ENSG00000232859,,ENSG00000141570,,ENSG00000268621,,,ENSG00000015532,ENSG00000185404,,,ENSG00000163867
,,,,ENSG00000187957,,ENSG00000115694,,ENSG00000214049,,,ENSG00000179562,ENSG00000133574,,,ENSG00000267731
,,,,ENSG00000099256,,ENSG00000117625,,ENSG00000176124,,,ENSG00000144320,ENSG00000258512,,,ENSG00000272720
,,,,ENSG00000185666,,ENSG00000004455,,ENSG00000167165,,,ENSG00000134049,ENSG00000125089,,,ENSG00000156398
,,,,ENSG00000268182,,ENSG00000173068,,ENSG00000160588,,,ENSG00000263528,ENSG00000128271,,,ENSG00000163354
,,,,ENSG00000234177,,ENSG00000162419,,ENSG00000204542,,,ENSG00000176101,,,,ENSG00000104375
,,,,ENSG00000204248,,ENSG00000247240,,ENSG00000064270,,,ENSG00000112640,,,,ENSG00000178222
,,,,ENSG00000105467,,ENSG00000133313,,ENSG00000234981,,,ENSG00000111737,,,,ENSG00000104205
,,,,ENSG00000176049,,ENSG00000145779,,ENSG00000008323,,,ENSG00000113712,,,,ENSG00000165121
,,,,ENSG00000272361,,ENSG00000127980,,ENSG00000153930,,,ENSG00000125877,,,,ENSG00000266993
,,,,ENSG00000167964,,ENSG00000148803,,ENSG00000244219,,,ENSG00000120509,,,,ENSG00000262692
,,,,ENSG00000144369,,ENSG00000073169,,ENSG00000228951,,,ENSG00000273899,,,,ENSG00000105722
,,,,ENSG00000278771,,ENSG00000169047,,ENSG00000233623,,,ENSG00000134283,,,,ENSG00000130818
,,,,ENSG00000159409,,ENSG00000175938,,ENSG00000122136,,,ENSG00000116161,,,,ENSG00000178202
,,,,ENSG00000103021,,ENSG00000241782,,ENSG00000234455,,,ENSG00000145996,,,,ENSG00000214176
,,,,ENSG00000278011,,ENSG00000117862,,ENSG00000255443,,,ENSG00000140025,,,,ENSG00000176148
,,,,ENSG00000092964,,ENSG00000170876,,ENSG00000159516,,,ENSG00000155561,,,,ENSG00000272807
,,,,ENSG00000139910,,ENSG00000169750,,,,,ENSG00000035115,,,,ENSG00000204604
,,,,ENSG00000269814,,ENSG00000215421,,,,,ENSG00000005156,,,,ENSG00000224014
,,,,ENSG00000077279,,ENSG00000124571,,,,,ENSG00000109270,,,,ENSG00000233885
,,,,ENSG00000163377,,ENSG00000163344,,,,,ENSG00000164975,,,,ENSG00000143303
,,,,ENSG00000203930,,ENSG00000170606,,,,,ENSG00000122565,,,,ENSG00000223374
,,,,ENSG00000026652,,ENSG00000115368,,,,,ENSG00000177951,,,,ENSG00000276772
,,,,ENSG00000149294,,ENSG00000163297,,,,,ENSG00000164091,,,,ENSG00000142937
,,,,ENSG00000102466,,ENSG00000221829,,,,,ENSG00000076650,,,,ENSG00000149636
,,,,ENSG00000264714,,ENSG00000164933,,,,,ENSG00000170482,,,,ENSG00000272601
,,,,ENSG00000020129,,ENSG00000166321,,,,,ENSG00000127124,,,,ENSG00000180008
,,,,ENSG00000129244,,ENSG00000087302,,,,,ENSG00000151503,,,,ENSG00000279491
,,,,ENSG00000119283,,ENSG00000117906,,,,,ENSG00000102531,,,,ENSG00000248979
,,,,ENSG00000272420,,ENSG00000277425,,,,,ENSG00000163006,,,,ENSG00000145348
,,,,ENSG00000230104,,ENSG00000181924,,,,,ENSG00000138134,,,,ENSG00000276103
,,,,ENSG00000151025,,ENSG00000249485,,,,,ENSG00000112159,,,,ENSG00000279233
,,,,ENSG00000239805,,ENSG00000128973,,,,,ENSG00000246089,,,,ENSG00000168944
,,,,ENSG00000259425,,ENSG00000179523,,,,,ENSG00000164180,,,,ENSG00000150977
,,,,ENSG00000083807,,ENSG00000255857,,,,,ENSG00000172890,,,,ENSG00000184743
,,,,ENSG00000160469,,ENSG00000043514,,,,,ENSG00000167699,,,,ENSG00000197054
,,,,ENSG00000175874,,ENSG00000197702,,,,,ENSG00000163902,,,,ENSG00000185187
,,,,ENSG00000185774,,ENSG00000102226,,,,,ENSG00000183850,,,,ENSG00000203780
,,,,ENSG00000279138,,ENSG00000152348,,,,,ENSG00000146872,,,,ENSG00000276728
,,,,ENSG00000105255,,ENSG00000116580,,,,,ENSG00000108064,,,,ENSG00000262663
,,,,ENSG00000078018,,ENSG00000255893,,,,,ENSG00000133119,,,,ENSG00000129315
,,,,ENSG00000159784,,ENSG00000116903,,,,,ENSG00000132286,,,,ENSG00000197226
,,,,ENSG00000198756,,ENSG00000051009,,,,,ENSG00000071994,,,,ENSG00000248734
,,,,ENSG00000269873,,ENSG00000134255,,,,,ENSG00000189308,,,,ENSG00000223547
,,,,ENSG00000125841,,ENSG00000236383,,,,,ENSG00000256294,,,,ENSG00000258727
,,,,ENSG00000232560,,ENSG00000083750,,,,,ENSG00000167395,,,,ENSG00000125304
,,,,ENSG00000163406,,ENSG00000111962,,,,,ENSG00000119599,,,,ENSG00000185829
,,,,ENSG00000215162,,ENSG00000249264,,,,,ENSG00000180185,,,,ENSG00000140750
,,,,ENSG00000262873,,ENSG00000011143,,,,,ENSG00000170522,,,,ENSG00000187824
,,,,ENSG00000152822,,ENSG00000001617,,,,,ENSG00000137656,,,,ENSG00000125944
,,,,ENSG00000083067,,ENSG00000163867,,,,,ENSG00000183010,,,,ENSG00000214455
,,,,ENSG00000235108,,ENSG00000135336,,,,,ENSG00000142444,,,,ENSG00000128159
,,,,ENSG00000231738,,ENSG00000130382,,,,,ENSG00000278527,,,,ENSG00000149541
,,,,ENSG00000279123,,ENSG00000267731,,,,,ENSG00000106263,,,,ENSG00000100201
,,,,ENSG00000145428,,ENSG00000272720,,,,,ENSG00000177084,,,,ENSG00000222448
,,,,ENSG00000157890,,ENSG00000156398,,,,,ENSG00000149346,,,,ENSG00000151576
,,,,ENSG00000108947,,ENSG00000163354,,,,,ENSG00000248243,,,,ENSG00000228653
,,,,ENSG00000166793,,ENSG00000155827,,,,,ENSG00000227500,,,,ENSG00000232901
,,,,ENSG00000231764,,ENSG00000104375,,,,,ENSG00000125651,,,,ENSG00000168538
,,,,ENSG00000165066,,ENSG00000158270,,,,,ENSG00000172869,,,,ENSG00000183291
,,,,ENSG00000137252,,ENSG00000178222,,,,,ENSG00000265415,,,,ENSG00000261056
,,,,ENSG00000257159,,ENSG00000104205,,,,,ENSG00000110696,,,,ENSG00000196597
,,,,ENSG00000225172,,ENSG00000165121,,,,,ENSG00000212232,,,,ENSG00000174788
,,,,ENSG00000274762,,ENSG00000266993,,,,,ENSG00000196367,,,,ENSG00000197822
,,,,ENSG00000264791,,ENSG00000262692,,,,,ENSG00000183431,,,,ENSG00000259232
,,,,,,ENSG00000105722,,,,,ENSG00000137309,,,,ENSG00000079432
,,,,,,ENSG00000185112,,,,,ENSG00000154165,,,,ENSG00000154814
,,,,,,ENSG00000260552,,,,,ENSG00000185246,,,,ENSG00000278921
,,,,,,ENSG00000260708,,,,,ENSG00000170248,,,,ENSG00000255423
,,,,,,ENSG00000147862,,,,,ENSG00000136824,,,,ENSG00000163877
,,,,,,ENSG00000130818,,,,,ENSG00000165819,,,,ENSG00000175387
,,,,,,ENSG00000107833,,,,,ENSG00000110104,,,,ENSG00000214078
,,,,,,ENSG00000178202,,,,,ENSG00000155506,,,,ENSG00000215915
,,,,,,ENSG00000214176,,,,,ENSG00000172171,,,,ENSG00000147421
,,,,,,ENSG00000176148,,,,,ENSG00000103043,,,,ENSG00000196312
,,,,,,ENSG00000272807,,,,,ENSG00000126391,,,,ENSG00000200779
,,,,,,ENSG00000071655,,,,,ENSG00000165417,,,,ENSG00000134644
,,,,,,ENSG00000204604,,,,,ENSG00000281649,,,,ENSG00000246067
,,,,,,ENSG00000224014,,,,,ENSG00000132436,,,,ENSG00000277245
,,,,,,ENSG00000233885,,,,,ENSG00000221164,,,,ENSG00000075275
,,,,,,ENSG00000143303,,,,,ENSG00000198918,,,,ENSG00000254433
,,,,,,ENSG00000223374,,,,,ENSG00000197275,,,,ENSG00000235513
,,,,,,ENSG00000144935,,,,,ENSG00000131019,,,,ENSG00000204519
,,,,,,ENSG00000133392,,,,,ENSG00000231305,,,,ENSG00000255026
,,,,,,ENSG00000276772,,,,,ENSG00000118939,,,,ENSG00000123737
,,,,,,ENSG00000176225,,,,,ENSG00000278619,,,,ENSG00000167491
,,,,,,ENSG00000142937,,,,,ENSG00000145216,,,,ENSG00000107929
,,,,,,ENSG00000149636,,,,,ENSG00000123136,,,,ENSG00000267002
,,,,,,ENSG00000272601,,,,,ENSG00000231074,,,,ENSG00000263586
,,,,,,ENSG00000111665,,,,,ENSG00000278986,,,,ENSG00000131876
,,,,,,ENSG00000273210,,,,,ENSG00000171940,,,,ENSG00000203497
,,,,,,ENSG00000180008,,,,,ENSG00000030110,,,,ENSG00000237836
,,,,,,ENSG00000173581,,,,,ENSG00000196460,,,,ENSG00000196562
,,,,,,ENSG00000145348,,,,,ENSG00000143476,,,,ENSG00000119777
,,,,,,ENSG00000279233,,,,,ENSG00000111845,,,,ENSG00000271964
,,,,,,ENSG00000248265,,,,,ENSG00000204315,,,,ENSG00000124549
,,,,,,ENSG00000168944,,,,,ENSG00000146670,,,,ENSG00000267119
,,,,,,ENSG00000184743,,,,,ENSG00000226784,,,,ENSG00000257964
,,,,,,ENSG00000280169,,,,,ENSG00000204628,,,,ENSG00000144362
,,,,,,ENSG00000225200,,,,,ENSG00000186222,,,,ENSG00000244226
,,,,,,ENSG00000197054,,,,,ENSG00000187522,,,,ENSG00000277194
,,,,,,ENSG00000248441,,,,,ENSG00000083845,,,,ENSG00000261879
,,,,,,ENSG00000259158,,,,,ENSG00000082126,,,,ENSG00000015532
,,,,,,ENSG00000203780,,,,,ENSG00000232098,,,,ENSG00000279432
,,,,,,ENSG00000276728,,,,,ENSG00000178074,,,,ENSG00000197363
,,,,,,ENSG00000262663,,,,,ENSG00000000419,,,,ENSG00000143367
,,,,,,ENSG00000053770,,,,,ENSG00000140694,,,,ENSG00000272502
,,,,,,ENSG00000274723,,,,,ENSG00000184635,,,,ENSG00000179562
,,,,,,ENSG00000153165,,,,,ENSG00000176124,,,,ENSG00000213398
,,,,,,ENSG00000204262,,,,,ENSG00000122958,,,,ENSG00000279382
,,,,,,ENSG00000129315,,,,,ENSG00000279114,,,,ENSG00000263528
,,,,,,ENSG00000273001,,,,,ENSG00000085449,,,,ENSG00000179044
,,,,,,ENSG00000197226,,,,,ENSG00000152147,,,,ENSG00000111737
,,,,,,ENSG00000224420,,,,,ENSG00000198492,,,,ENSG00000106344
,,,,,,ENSG00000139926,,,,,ENSG00000159322,,,,ENSG00000113712
,,,,,,ENSG00000248734,,,,,ENSG00000114779,,,,ENSG00000125877
,,,,,,ENSG00000223547,,,,,ENSG00000137804,,,,ENSG00000186166
,,,,,,ENSG00000258727,,,,,ENSG00000147996,,,,ENSG00000273899
,,,,,,ENSG00000182993,,,,,ENSG00000046651,,,,ENSG00000235481
,,,,,,ENSG00000142507,,,,,ENSG00000185624,,,,ENSG00000134283
,,,,,,ENSG00000092421,,,,,ENSG00000267201,,,,ENSG00000279672
,,,,,,ENSG00000166821,,,,,ENSG00000123352,,,,ENSG00000200091
,,,,,,ENSG00000139304,,,,,ENSG00000184995,,,,ENSG00000110429
,,,,,,ENSG00000125304,,,,,ENSG00000157426,,,,ENSG00000165591
,,,,,,ENSG00000185829,,,,,ENSG00000164190,,,,ENSG00000229759
,,,,,,ENSG00000140750,,,,,ENSG00000145388,,,,ENSG00000099904
,,,,,,ENSG00000273253,,,,,ENSG00000140262,,,,ENSG00000145996
,,,,,,ENSG00000131148,,,,,ENSG00000227598,,,,ENSG00000245970
,,,,,,ENSG00000187824,,,,,ENSG00000071082,,,,ENSG00000178078
,,,,,,ENSG00000125944,,,,,ENSG00000124333,,,,ENSG00000048707
,,,,,,ENSG00000214455,,,,,ENSG00000200087,,,,ENSG00000155561
,,,,,,ENSG00000128159,,,,,,,,,ENSG00000035115
,,,,,,ENSG00000149541,,,,,,,,,ENSG00000005156
,,,,,,ENSG00000100201,,,,,,,,,ENSG00000109270
,,,,,,ENSG00000179630,,,,,,,,,ENSG00000164975
,,,,,,ENSG00000222448,,,,,,,,,ENSG00000177951
,,,,,,ENSG00000048991,,,,,,,,,ENSG00000185013
,,,,,,ENSG00000151576,,,,,,,,,ENSG00000246174
,,,,,,ENSG00000102401,,,,,,,,,ENSG00000096093
,,,,,,ENSG00000070018,,,,,,,,,ENSG00000168310
,,,,,,ENSG00000228653,,,,,,,,,ENSG00000134453
,,,,,,ENSG00000180611,,,,,,,,,ENSG00000142330
,,,,,,ENSG00000232901,,,,,,,,,ENSG00000104915
,,,,,,ENSG00000168538,,,,,,,,,ENSG00000076650
,,,,,,ENSG00000183291,,,,,,,,,ENSG00000127124
,,,,,,ENSG00000261056,,,,,,,,,ENSG00000259767
,,,,,,ENSG00000136933,,,,,,,,,ENSG00000151503
,,,,,,ENSG00000107937,,,,,,,,,ENSG00000102531
,,,,,,ENSG00000123600,,,,,,,,,ENSG00000196074
,,,,,,ENSG00000196597,,,,,,,,,ENSG00000122390
,,,,,,ENSG00000267796,,,,,,,,,ENSG00000112159
,,,,,,ENSG00000140307,,,,,,,,,ENSG00000140995
,,,,,,ENSG00000248126,,,,,,,,,ENSG00000246089
,,,,,,ENSG00000079432,,,,,,,,,ENSG00000164180
,,,,,,ENSG00000154814,,,,,,,,,ENSG00000176978
,,,,,,ENSG00000128709,,,,,,,,,ENSG00000252355
,,,,,,ENSG00000104412,,,,,,,,,ENSG00000172890
,,,,,,ENSG00000278921,,,,,,,,,ENSG00000213145
,,,,,,ENSG00000255423,,,,,,,,,ENSG00000131400
,,,,,,ENSG00000163877,,,,,,,,,ENSG00000203644
,,,,,,ENSG00000101040,,,,,,,,,ENSG00000213073
,,,,,,ENSG00000175387,,,,,,,,,ENSG00000271204
,,,,,,ENSG00000177728,,,,,,,,,ENSG00000167699
,,,,,,ENSG00000168710,,,,,,,,,ENSG00000243650
,,,,,,ENSG00000214078,,,,,,,,,ENSG00000163902
,,,,,,ENSG00000215915,,,,,,,,,ENSG00000185024
,,,,,,ENSG00000147421,,,,,,,,,ENSG00000183833
,,,,,,ENSG00000196312,,,,,,,,,ENSG00000227370
,,,,,,ENSG00000103047,,,,,,,,,ENSG00000165923
,,,,,,ENSG00000182700,,,,,,,,,ENSG00000205209
,,,,,,ENSG00000200779,,,,,,,,,ENSG00000134575
,,,,,,ENSG00000198870,,,,,,,,,ENSG00000131748
,,,,,,ENSG00000181852,,,,,,,,,ENSG00000146872
,,,,,,ENSG00000134644,,,,,,,,,ENSG00000155508
,,,,,,ENSG00000267213,,,,,,,,,ENSG00000005206
,,,,,,ENSG00000246067,,,,,,,,,ENSG00000144567
,,,,,,ENSG00000113273,,,,,,,,,ENSG00000132286
,,,,,,ENSG00000277245,,,,,,,,,ENSG00000131378
,,,,,,ENSG00000254433,,,,,,,,,ENSG00000224975
,,,,,,ENSG00000235513,,,,,,,,,ENSG00000071994
,,,,,,ENSG00000204519,,,,,,,,,ENSG00000173846
,,,,,,ENSG00000123737,,,,,,,,,ENSG00000277324
,,,,,,ENSG00000167491,,,,,,,,,ENSG00000241549
,,,,,,ENSG00000168894,,,,,,,,,ENSG00000203435
,,,,,,ENSG00000105971,,,,,,,,,ENSG00000262652
,,,,,,ENSG00000205544,,,,,,,,,ENSG00000117000
,,,,,,ENSG00000023734,,,,,,,,,ENSG00000138617
,,,,,,ENSG00000107929,,,,,,,,,ENSG00000189308
,,,,,,ENSG00000267002,,,,,,,,,ENSG00000256294
,,,,,,ENSG00000180881,,,,,,,,,ENSG00000167395
,,,,,,ENSG00000179071,,,,,,,,,ENSG00000119599
,,,,,,ENSG00000263586,,,,,,,,,ENSG00000187266
,,,,,,ENSG00000143341,,,,,,,,,ENSG00000259453
,,,,,,ENSG00000131876,,,,,,,,,ENSG00000281357
,,,,,,ENSG00000108439,,,,,,,,,ENSG00000137656
,,,,,,ENSG00000099942,,,,,,,,,ENSG00000144645
,,,,,,ENSG00000237836,,,,,,,,,ENSG00000162591
,,,,,,ENSG00000196562,,,,,,,,,ENSG00000278527
,,,,,,ENSG00000119777,,,,,,,,,ENSG00000204305
,,,,,,ENSG00000114554,,,,,,,,,ENSG00000140931
,,,,,,ENSG00000124549,,,,,,,,,ENSG00000279283
,,,,,,ENSG00000267119,,,,,,,,,ENSG00000177084
,,,,,,ENSG00000257964,,,,,,,,,ENSG00000149346
,,,,,,ENSG00000144362,,,,,,,,,ENSG00000137166
,,,,,,ENSG00000131467,,,,,,,,,ENSG00000152404
,,,,,,ENSG00000277194,,,,,,,,,ENSG00000146904
,,,,,,ENSG00000261879,,,,,,,,,ENSG00000132906
,,,,,,ENSG00000158122,,,,,,,,,ENSG00000227500
,,,,,,ENSG00000126767,,,,,,,,,ENSG00000235919
,,,,,,ENSG00000015532,,,,,,,,,ENSG00000125651
,,,,,,ENSG00000197363,,,,,,,,,ENSG00000186765
,,,,,,ENSG00000143367,,,,,,,,,ENSG00000172869
,,,,,,ENSG00000101132,,,,,,,,,ENSG00000064012
,,,,,,ENSG00000119638,,,,,,,,,ENSG00000234617
,,,,,,ENSG00000179562,,,,,,,,,ENSG00000196367
,,,,,,ENSG00000213398,,,,,,,,,ENSG00000156860
,,,,,,ENSG00000204406,,,,,,,,,ENSG00000206910
,,,,,,ENSG00000144320,,,,,,,,,ENSG00000101230
,,,,,,ENSG00000279382,,,,,,,,,ENSG00000172201
,,,,,,ENSG00000134049,,,,,,,,,ENSG00000130066
,,,,,,ENSG00000132481,,,,,,,,,ENSG00000151332
,,,,,,ENSG00000179044,,,,,,,,,ENSG00000234040
,,,,,,ENSG00000176101,,,,,,,,,ENSG00000184084
,,,,,,ENSG00000255568,,,,,,,,,ENSG00000270706
,,,,,,ENSG00000112640,,,,,,,,,ENSG00000176896
,,,,,,ENSG00000111737,,,,,,,,,ENSG00000105497
,,,,,,ENSG00000106344,,,,,,,,,ENSG00000231234
,,,,,,ENSG00000113712,,,,,,,,,ENSG00000245556
,,,,,,ENSG00000125877,,,,,,,,,ENSG00000185246
,,,,,,ENSG00000261051,,,,,,,,,ENSG00000170248
,,,,,,ENSG00000120509,,,,,,,,,ENSG00000259876
,,,,,,ENSG00000186166,,,,,,,,,ENSG00000165819
,,,,,,ENSG00000273899,,,,,,,,,ENSG00000244378
,,,,,,ENSG00000168661,,,,,,,,,ENSG00000257403
,,,,,,ENSG00000134283,,,,,,,,,ENSG00000244161
,,,,,,ENSG00000116161,,,,,,,,,ENSG00000236474
,,,,,,ENSG00000112759,,,,,,,,,ENSG00000146826
,,,,,,ENSG00000279672,,,,,,,,,ENSG00000182158
,,,,,,ENSG00000271833,,,,,,,,,ENSG00000172171
,,,,,,ENSG00000110429,,,,,,,,,ENSG00000101782
,,,,,,ENSG00000130997,,,,,,,,,ENSG00000262246
,,,,,,ENSG00000175198,,,,,,,,,ENSG00000252759
,,,,,,ENSG00000271155,,,,,,,,,ENSG00000103043
,,,,,,ENSG00000188483,,,,,,,,,ENSG00000126391
,,,,,,ENSG00000099904,,,,,,,,,ENSG00000249348
,,,,,,ENSG00000145996,,,,,,,,,ENSG00000257671
,,,,,,ENSG00000245970,,,,,,,,,ENSG00000109079
,,,,,,ENSG00000145723,,,,,,,,,ENSG00000165417
,,,,,,ENSG00000048707,,,,,,,,,ENSG00000076928
,,,,,,ENSG00000140025,,,,,,,,,ENSG00000274922
,,,,,,ENSG00000155561,,,,,,,,,ENSG00000240373
,,,,,,ENSG00000035115,,,,,,,,,ENSG00000224796
,,,,,,ENSG00000005156,,,,,,,,,ENSG00000182979
,,,,,,ENSG00000205795,,,,,,,,,ENSG00000281649
,,,,,,ENSG00000109270,,,,,,,,,ENSG00000170004
,,,,,,ENSG00000164975,,,,,,,,,ENSG00000111012
,,,,,,ENSG00000122565,,,,,,,,,ENSG00000274471
,,,,,,ENSG00000177951,,,,,,,,,ENSG00000267322
,,,,,,ENSG00000185013,,,,,,,,,ENSG00000258904
,,,,,,ENSG00000174996,,,,,,,,,ENSG00000254855
,,,,,,ENSG00000246174,,,,,,,,,ENSG00000124357
,,,,,,ENSG00000096093,,,,,,,,,ENSG00000267724
,,,,,,ENSG00000168310,,,,,,,,,ENSG00000179967
,,,,,,ENSG00000164091,,,,,,,,,ENSG00000231305
,,,,,,ENSG00000134453,,,,,,,,,ENSG00000272791
,,,,,,ENSG00000084444,,,,,,,,,ENSG00000283355
,,,,,,ENSG00000142330,,,,,,,,,ENSG00000145216
,,,,,,ENSG00000076650,,,,,,,,,ENSG00000237938
,,,,,,ENSG00000198753,,,,,,,,,ENSG00000167716
,,,,,,ENSG00000127124,,,,,,,,,ENSG00000208772
,,,,,,ENSG00000278899,,,,,,,,,ENSG00000123136
,,,,,,ENSG00000259767,,,,,,,,,ENSG00000231074
,,,,,,ENSG00000278175,,,,,,,,,ENSG00000166888
,,,,,,ENSG00000151503,,,,,,,,,ENSG00000273015
,,,,,,ENSG00000102531,,,,,,,,,ENSG00000232713
,,,,,,ENSG00000163006,,,,,,,,,ENSG00000171940
,,,,,,ENSG00000196074,,,,,,,,,ENSG00000269001
,,,,,,ENSG00000077782,,,,,,,,,ENSG00000240429
,,,,,,ENSG00000122390,,,,,,,,,ENSG00000028528
,,,,,,ENSG00000103042,,,,,,,,,ENSG00000171943
,,,,,,ENSG00000112599,,,,,,,,,ENSG00000267080
,,,,,,ENSG00000112159,,,,,,,,,ENSG00000271941
,,,,,,ENSG00000140995,,,,,,,,,ENSG00000277986
,,,,,,ENSG00000246089,,,,,,,,,ENSG00000260236
,,,,,,ENSG00000164180,,,,,,,,,ENSG00000163660
,,,,,,ENSG00000176978,,,,,,,,,ENSG00000171365
,,,,,,ENSG00000252355,,,,,,,,,ENSG00000096746
,,,,,,ENSG00000172890,,,,,,,,,ENSG00000204315
,,,,,,ENSG00000261783,,,,,,,,,ENSG00000204628
,,,,,,ENSG00000131400,,,,,,,,,ENSG00000120332
,,,,,,ENSG00000203644,,,,,,,,,ENSG00000234509
,,,,,,ENSG00000228889,,,,,,,,,ENSG00000233033
,,,,,,ENSG00000167699,,,,,,,,,ENSG00000186222
,,,,,,ENSG00000130707,,,,,,,,,ENSG00000166900
,,,,,,ENSG00000176105,,,,,,,,,ENSG00000198369
,,,,,,ENSG00000181619,,,,,,,,,ENSG00000071967
,,,,,,ENSG00000198908,,,,,,,,,ENSG00000229419
,,,,,,ENSG00000149201,,,,,,,,,ENSG00000174137
,,,,,,ENSG00000238082,,,,,,,,,ENSG00000242615
,,,,,,ENSG00000163902,,,,,,,,,ENSG00000083845
,,,,,,ENSG00000120533,,,,,,,,,ENSG00000167216
,,,,,,ENSG00000196792,,,,,,,,,ENSG00000143554
,,,,,,ENSG00000185024,,,,,,,,,ENSG00000013374
,,,,,,ENSG00000183833,,,,,,,,,ENSG00000232098
,,,,,,ENSG00000227370,,,,,,,,,ENSG00000223697
,,,,,,ENSG00000182247,,,,,,,,,ENSG00000113971
,,,,,,ENSG00000134874,,,,,,,,,ENSG00000260367
,,,,,,ENSG00000135720,,,,,,,,,ENSG00000272341
,,,,,,ENSG00000165923,,,,,,,,,ENSG00000259544
,,,,,,ENSG00000205209,,,,,,,,,ENSG00000140694
,,,,,,ENSG00000134575,,,,,,,,,ENSG00000184635
,,,,,,ENSG00000131748,,,,,,,,,ENSG00000153832
,,,,,,ENSG00000146872,,,,,,,,,ENSG00000122958
,,,,,,ENSG00000108064,,,,,,,,,ENSG00000085449
,,,,,,ENSG00000275580,,,,,,,,,ENSG00000123607
,,,,,,ENSG00000253731,,,,,,,,,ENSG00000169499
,,,,,,ENSG00000155508,,,,,,,,,ENSG00000230982
,,,,,,ENSG00000133119,,,,,,,,,ENSG00000198492
,,,,,,ENSG00000005206,,,,,,,,,ENSG00000204946
,,,,,,ENSG00000144567,,,,,,,,,ENSG00000173124
,,,,,,ENSG00000174456,,,,,,,,,ENSG00000106571
,,,,,,ENSG00000132286,,,,,,,,,ENSG00000159322
,,,,,,ENSG00000131378,,,,,,,,,ENSG00000116032
,,,,,,ENSG00000175575,,,,,,,,,ENSG00000160588
,,,,,,ENSG00000224975,,,,,,,,,ENSG00000235681
,,,,,,ENSG00000136011,,,,,,,,,ENSG00000106804
,,,,,,ENSG00000071994,,,,,,,,,ENSG00000114779
,,,,,,ENSG00000277324,,,,,,,,,ENSG00000147996
,,,,,,ENSG00000241549,,,,,,,,,ENSG00000250365
,,,,,,ENSG00000262652,,,,,,,,,ENSG00000140464
,,,,,,ENSG00000153485,,,,,,,,,ENSG00000046651
,,,,,,ENSG00000117000,,,,,,,,,ENSG00000261243
,,,,,,ENSG00000254064,,,,,,,,,ENSG00000269982
,,,,,,ENSG00000255517,,,,,,,,,ENSG00000271141
,,,,,,ENSG00000138617,,,,,,,,,ENSG00000123352
,,,,,,ENSG00000189308,,,,,,,,,ENSG00000244219
,,,,,,ENSG00000256294,,,,,,,,,ENSG00000157426
,,,,,,ENSG00000167395,,,,,,,,,ENSG00000185404
,,,,,,ENSG00000119599,,,,,,,,,ENSG00000205643
,,,,,,ENSG00000187266,,,,,,,,,ENSG00000125089
,,,,,,ENSG00000180185,,,,,,,,,ENSG00000207445
,,,,,,ENSG00000084234,,,,,,,,,ENSG00000164190
,,,,,,ENSG00000281357,,,,,,,,,ENSG00000145388
,,,,,,ENSG00000106610,,,,,,,,,ENSG00000245146
,,,,,,ENSG00000112218,,,,,,,,,ENSG00000270761
,,,,,,ENSG00000137656,,,,,,,,,ENSG00000115421
,,,,,,ENSG00000144645,,,,,,,,,ENSG00000279129
,,,,,,ENSG00000107758,,,,,,,,,ENSG00000255443
,,,,,,ENSG00000162591,,,,,,,,,ENSG00000182831
,,,,,,ENSG00000142444,,,,,,,,,ENSG00000201499
,,,,,,ENSG00000278527,,,,,,,,,ENSG00000140262
,,,,,,ENSG00000243279,,,,,,,,,ENSG00000161542
,,,,,,ENSG00000132394,,,,,,,,,ENSG00000232075
,,,,,,ENSG00000204305,,,,,,,,,ENSG00000118855
,,,,,,ENSG00000280351,,,,,,,,,ENSG00000200087
,,,,,,ENSG00000079482,,,,,,,,,
,,,,,,ENSG00000088256,,,,,,,,,
,,,,,,ENSG00000272081,,,,,,,,,
,,,,,,ENSG00000106263,,,,,,,,,
,,,,,,ENSG00000188636,,,,,,,,,
,,,,,,ENSG00000168646,,,,,,,,,
,,,,,,ENSG00000277459,,,,,,,,,
,,,,,,ENSG00000083099,,,,,,,,,
,,,,,,ENSG00000177084,,,,,,,,,
,,,,,,ENSG00000149346,,,,,,,,,
,,,,,,ENSG00000104131,,,,,,,,,
,,,,,,ENSG00000137166,,,,,,,,,
,,,,,,ENSG00000152404,,,,,,,,,
,,,,,,ENSG00000049449,,,,,,,,,
,,,,,,ENSG00000279649,,,,,,,,,
,,,,,,ENSG00000273702,,,,,,,,,
,,,,,,ENSG00000196616,,,,,,,,,
,,,,,,ENSG00000132906,,,,,,,,,
,,,,,,ENSG00000236548,,,,,,,,,
,,,,,,ENSG00000254837,,,,,,,,,
,,,,,,ENSG00000183617,,,,,,,,,
,,,,,,ENSG00000278000,,,,,,,,,
,,,,,,ENSG00000227500,,,,,,,,,
,,,,,,ENSG00000235919,,,,,,,,,
,,,,,,ENSG00000125651,,,,,,,,,
,,,,,,ENSG00000186765,,,,,,,,,
,,,,,,ENSG00000172869,,,,,,,,,
,,,,,,ENSG00000128595,,,,,,,,,
,,,,,,ENSG00000234617,,,,,,,,,
,,,,,,ENSG00000110696,,,,,,,,,
,,,,,,ENSG00000196367,,,,,,,,,
,,,,,,ENSG00000156860,,,,,,,,,
,,,,,,ENSG00000206910,,,,,,,,,
,,,,,,ENSG00000101230,,,,,,,,,
,,,,,,ENSG00000232859,,,,,,,,,
,,,,,,ENSG00000173698,,,,,,,,,
,,,,,,ENSG00000136859,,,,,,,,,
,,,,,,ENSG00000172201,,,,,,,,,
,,,,,,ENSG00000183431,,,,,,,,,
,,,,,,ENSG00000151332,,,,,,,,,
,,,,,,ENSG00000168781,,,,,,,,,
,,,,,,ENSG00000269113,,,,,,,,,
,,,,,,ENSG00000238363,,,,,,,,,
,,,,,,ENSG00000099256,,,,,,,,,
,,,,,,ENSG00000232333,,,,,,,,,
,,,,,,ENSG00000176896,,,,,,,,,
,,,,,,ENSG00000105497,,,,,,,,,
,,,,,,ENSG00000119403,,,,,,,,,
,,,,,,ENSG00000231234,,,,,,,,,
,,,,,,ENSG00000179886,,,,,,,,,
,,,,,,ENSG00000245556,,,,,,,,,
,,,,,,ENSG00000185246,,,,,,,,,
,,,,,,ENSG00000171444,,,,,,,,,
,,,,,,ENSG00000170248,,,,,,,,,
,,,,,,ENSG00000136824,,,,,,,,,
,,,,,,ENSG00000165819,,,,,,,,,
,,,,,,ENSG00000110104,,,,,,,,,
,,,,,,ENSG00000224769,,,,,,,,,
,,,,,,ENSG00000166664,,,,,,,,,
,,,,,,ENSG00000072958,,,,,,,,,
,,,,,,ENSG00000105568,,,,,,,,,
,,,,,,ENSG00000257403,,,,,,,,,
,,,,,,ENSG00000155506,,,,,,,,,
,,,,,,ENSG00000088888,,,,,,,,,
,,,,,,ENSG00000244161,,,,,,,,,
,,,,,,ENSG00000182158,,,,,,,,,
,,,,,,ENSG00000172171,,,,,,,,,
,,,,,,ENSG00000019995,,,,,,,,,
,,,,,,ENSG00000113262,,,,,,,,,
,,,,,,ENSG00000103043,,,,,,,,,
,,,,,,ENSG00000126391,,,,,,,,,
,,,,,,ENSG00000249348,,,,,,,,,
,,,,,,ENSG00000257671,,,,,,,,,
,,,,,,ENSG00000109079,,,,,,,,,
,,,,,,ENSG00000165417,,,,,,,,,
,,,,,,ENSG00000230185,,,,,,,,,
,,,,,,ENSG00000240373,,,,,,,,,
,,,,,,ENSG00000182979,,,,,,,,,
,,,,,,ENSG00000281649,,,,,,,,,
,,,,,,ENSG00000170004,,,,,,,,,
,,,,,,ENSG00000092964,,,,,,,,,
,,,,,,ENSG00000111012,,,,,,,,,
,,,,,,ENSG00000090776,,,,,,,,,
,,,,,,ENSG00000132436,,,,,,,,,
,,,,,,ENSG00000274471,,,,,,,,,
,,,,,,ENSG00000009724,,,,,,,,,
,,,,,,ENSG00000164949,,,,,,,,,
,,,,,,ENSG00000198612,,,,,,,,,
,,,,,,ENSG00000267322,,,,,,,,,
,,,,,,ENSG00000221164,,,,,,,,,
,,,,,,ENSG00000176542,,,,,,,,,
,,,,,,ENSG00000198918,,,,,,,,,
,,,,,,ENSG00000258904,,,,,,,,,
,,,,,,ENSG00000060656,,,,,,,,,
,,,,,,ENSG00000261824,,,,,,,,,
,,,,,,ENSG00000187479,,,,,,,,,
,,,,,,ENSG00000060237,,,,,,,,,
,,,,,,ENSG00000254855,,,,,,,,,
,,,,,,ENSG00000124357,,,,,,,,,
,,,,,,ENSG00000273723,,,,,,,,,
,,,,,,ENSG00000105426,,,,,,,,,
,,,,,,ENSG00000267724,,,,,,,,,
,,,,,,ENSG00000026652,,,,,,,,,
,,,,,,ENSG00000231305,,,,,,,,,
,,,,,,ENSG00000272791,,,,,,,,,
,,,,,,ENSG00000118939,,,,,,,,,
,,,,,,ENSG00000278619,,,,,,,,,
,,,,,,ENSG00000283355,,,,,,,,,
,,,,,,ENSG00000158258,,,,,,,,,
,,,,,,ENSG00000145216,,,,,,,,,
,,,,,,ENSG00000237938,,,,,,,,,
,,,,,,ENSG00000167716,,,,,,,,,
,,,,,,ENSG00000250326,,,,,,,,,
,,,,,,ENSG00000208772,,,,,,,,,
,,,,,,ENSG00000123136,,,,,,,,,
,,,,,,ENSG00000231074,,,,,,,,,
,,,,,,ENSG00000166888,,,,,,,,,
,,,,,,ENSG00000273015,,,,,,,,,
,,,,,,ENSG00000084636,,,,,,,,,
,,,,,,ENSG00000278986,,,,,,,,,
,,,,,,ENSG00000120896,,,,,,,,,
,,,,,,ENSG00000203666,,,,,,,,,
,,,,,,ENSG00000232713,,,,,,,,,
,,,,,,ENSG00000171940,,,,,,,,,
,,,,,,ENSG00000271324,,,,,,,,,
,,,,,,ENSG00000269001,,,,,,,,,
,,,,,,ENSG00000240429,,,,,,,,,
,,,,,,ENSG00000028528,,,,,,,,,
,,,,,,ENSG00000119522,,,,,,,,,
,,,,,,ENSG00000171943,,,,,,,,,
,,,,,,ENSG00000267080,,,,,,,,,
,,,,,,ENSG00000271941,,,,,,,,,
,,,,,,ENSG00000277986,,,,,,,,,
,,,,,,ENSG00000260236,,,,,,,,,
,,,,,,ENSG00000163660,,,,,,,,,
,,,,,,ENSG00000188997,,,,,,,,,
,,,,,,ENSG00000151491,,,,,,,,,
,,,,,,ENSG00000171365,,,,,,,,,
,,,,,,ENSG00000119487,,,,,,,,,
,,,,,,ENSG00000259523,,,,,,,,,
,,,,,,ENSG00000096746,,,,,,,,,
,,,,,,ENSG00000140992,,,,,,,,,
,,,,,,ENSG00000111845,,,,,,,,,
,,,,,,ENSG00000204315,,,,,,,,,
,,,,,,ENSG00000083807,,,,,,,,,
,,,,,,ENSG00000185432,,,,,,,,,
,,,,,,ENSG00000204628,,,,,,,,,
,,,,,,ENSG00000178031,,,,,,,,,
,,,,,,ENSG00000186222,,,,,,,,,
,,,,,,ENSG00000232838,,,,,,,,,
,,,,,,ENSG00000143742,,,,,,,,,
,,,,,,ENSG00000198369,,,,,,,,,
,,,,,,ENSG00000117411,,,,,,,,,
,,,,,,ENSG00000071967,,,,,,,,,
,,,,,,ENSG00000229419,,,,,,,,,
,,,,,,ENSG00000174137,,,,,,,,,
,,,,,,ENSG00000104472,,,,,,,,,
,,,,,,ENSG00000187522,,,,,,,,,
,,,,,,ENSG00000242615,,,,,,,,,
,,,,,,ENSG00000083845,,,,,,,,,
,,,,,,ENSG00000167216,,,,,,,,,
,,,,,,ENSG00000143554,,,,,,,,,
,,,,,,ENSG00000114790,,,,,,,,,
,,,,,,ENSG00000013374,,,,,,,,,
,,,,,,ENSG00000255158,,,,,,,,,
,,,,,,ENSG00000232098,,,,,,,,,
,,,,,,ENSG00000178074,,,,,,,,,
,,,,,,ENSG00000157193,,,,,,,,,
,,,,,,ENSG00000223697,,,,,,,,,
,,,,,,ENSG00000113971,,,,,,,,,
,,,,,,ENSG00000115350,,,,,,,,,
,,,,,,ENSG00000125841,,,,,,,,,
,,,,,,ENSG00000260367,,,,,,,,,
,,,,,,ENSG00000230630,,,,,,,,,
,,,,,,ENSG00000272341,,,,,,,,,
,,,,,,ENSG00000000419,,,,,,,,,
,,,,,,ENSG00000140694,,,,,,,,,
,,,,,,ENSG00000171604,,,,,,,,,
,,,,,,ENSG00000184635,,,,,,,,,
,,,,,,ENSG00000153832,,,,,,,,,
,,,,,,ENSG00000270067,,,,,,,,,
,,,,,,ENSG00000074319,,,,,,,,,
,,,,,,ENSG00000181524,,,,,,,,,
,,,,,,ENSG00000131386,,,,,,,,,
,,,,,,ENSG00000110917,,,,,,,,,
,,,,,,ENSG00000176124,,,,,,,,,
,,,,,,ENSG00000260572,,,,,,,,,
,,,,,,ENSG00000122958,,,,,,,,,
,,,,,,ENSG00000085449,,,,,,,,,
,,,,,,ENSG00000152147,,,,,,,,,
,,,,,,ENSG00000123607,,,,,,,,,
,,,,,,ENSG00000169499,,,,,,,,,
,,,,,,ENSG00000230982,,,,,,,,,
,,,,,,ENSG00000198492,,,,,,,,,
,,,,,,ENSG00000162687,,,,,,,,,
,,,,,,ENSG00000144677,,,,,,,,,
,,,,,,ENSG00000204946,,,,,,,,,
,,,,,,ENSG00000106571,,,,,,,,,
,,,,,,ENSG00000159322,,,,,,,,,
,,,,,,ENSG00000116032,,,,,,,,,
,,,,,,ENSG00000130305,,,,,,,,,
,,,,,,ENSG00000235681,,,,,,,,,
,,,,,,ENSG00000106804,,,,,,,,,
,,,,,,ENSG00000114779,,,,,,,,,
,,,,,,ENSG00000264112,,,,,,,,,
,,,,,,ENSG00000120158,,,,,,,,,
,,,,,,ENSG00000259869,,,,,,,,,
,,,,,,ENSG00000132463,,,,,,,,,
,,,,,,ENSG00000147996,,,,,,,,,
,,,,,,ENSG00000250365,,,,,,,,,
,,,,,,ENSG00000140464,,,,,,,,,
,,,,,,ENSG00000046651,,,,,,,,,
,,,,,,ENSG00000214194,,,,,,,,,
,,,,,,ENSG00000261243,,,,,,,,,
,,,,,,ENSG00000269982,,,,,,,,,
,,,,,,ENSG00000185624,,,,,,,,,
,,,,,,ENSG00000271141,,,,,,,,,
,,,,,,ENSG00000170647,,,,,,,,,
,,,,,,ENSG00000280132,,,,,,,,,
,,,,,,ENSG00000123352,,,,,,,,,
,,,,,,ENSG00000148498,,,,,,,,,
,,,,,,ENSG00000250486,,,,,,,,,
,,,,,,ENSG00000185716,,,,,,,,,
,,,,,,ENSG00000244219,,,,,,,,,
,,,,,,ENSG00000157426,,,,,,,,,
,,,,,,ENSG00000101413,,,,,,,,,
,,,,,,ENSG00000160584,,,,,,,,,
,,,,,,ENSG00000185404,,,,,,,,,
,,,,,,ENSG00000123106,,,,,,,,,
,,,,,,ENSG00000181191,,,,,,,,,
,,,,,,ENSG00000205643,,,,,,,,,
,,,,,,ENSG00000124216,,,,,,,,,
,,,,,,ENSG00000236296,,,,,,,,,
,,,,,,ENSG00000172046,,,,,,,,,
,,,,,,ENSG00000164190,,,,,,,,,
,,,,,,ENSG00000067900,,,,,,,,,
,,,,,,ENSG00000145388,,,,,,,,,
,,,,,,ENSG00000245146,,,,,,,,,
,,,,,,ENSG00000270761,,,,,,,,,
,,,,,,ENSG00000275454,,,,,,,,,
,,,,,,ENSG00000115421,,,,,,,,,
,,,,,,ENSG00000268403,,,,,,,,,
,,,,,,ENSG00000227212,,,,,,,,,
,,,,,,ENSG00000127995,,,,,,,,,
,,,,,,ENSG00000168575,,,,,,,,,
,,,,,,ENSG00000182831,,,,,,,,,
,,,,,,ENSG00000201499,,,,,,,,,
,,,,,,ENSG00000140262,,,,,,,,,
,,,,,,ENSG00000118418,,,,,,,,,
,,,,,,ENSG00000182606,,,,,,,,,
,,,,,,ENSG00000235109,,,,,,,,,
,,,,,,ENSG00000071082,,,,,,,,,
,,,,,,ENSG00000161542,,,,,,,,,
,,,,,,ENSG00000232075,,,,,,,,,
,,,,,,ENSG00000170989,,,,,,,,,
,,,,,,ENSG00000124333,,,,,,,,,
,,,,,,ENSG00000118855,,,,,,,,,
