i_doc,doc,Topic 1,Topic 2,Topic 3,Topic 4
0,GTEX-1GZ2Q-0011-R6a-SM-9OSWM,0.0435615,1000.02,0.07063430000000001,0.08158
1,GTEX-RU72-0011-R5A-SM-2TF6U,0.0435615,1000.02,0.07063430000000001,0.08158
2,GTEX-WHSE-0011-R3A-SM-3P5ZM,0.0435615,1000.02,0.07063430000000001,0.08158
3,GTEX-14PQA-0011-R1b-SM-6EU1G,0.0435615,1000.02,0.07063430000000001,0.08158
4,GTEX-13CF2-0011-R1a-SM-5LZY1,0.0435615,1000.02,0.07063430000000001,0.08158
5,GTEX-1B8L1-0011-R10b-SM-7P8Q4,0.0435615,1000.02,0.07063430000000001,0.08158
6,GTEX-1445S-3026-SM-5O9BR,0.0435615,1000.02,0.07063430000000001,0.08158
7,GTEX-1B8SF-0011-R8b-SM-7P8SX,0.0435615,925.672,74.4183,0.08158
8,GTEX-15ER7-0011-R7a-SM-6M46N,0.0435615,1000.02,0.07063430000000001,0.08158
9,GTEX-14ASI-0011-R5b-SM-6EU2M,0.0435615,1000.02,0.07063430000000001,0.08158
10,GTEX-OHPN-0011-R1A-SM-2I5GB,102.554,897.5089999999999,0.07063430000000001,0.08158
11,GTEX-11DYG-0011-R5a-SM-DO928,0.0435615,1000.02,0.07063430000000001,0.08158
12,GTEX-1B933-0011-R10b-SM-9OSVN,0.0435615,1000.02,0.07063430000000001,0.08158
13,GTEX-1IKK5-0011-R5b-SM-CL55B,0.0435615,1000.02,0.07063430000000001,0.08158
14,GTEX-1IY9M-0011-R7a-SM-D4P49,0.0435615,1000.02,0.07063430000000001,0.08158
15,GTEX-ZE9C-3026-SM-4WKHB,0.0435615,1000.02,0.07063430000000001,0.08158
16,GTEX-1MJK2-3026-SM-EV7A5,0.0435615,1000.02,0.07063430000000001,0.08158
17,GTEX-144GL-0011-R11b-SM-5P9F6,0.0435615,1000.02,0.07063430000000001,0.08158
18,GTEX-13FXS-0011-R9a-SM-5K7UI,0.0435615,842.0419999999999,0.07063430000000001,158.06
19,GTEX-11ZVC-0011-R1b-SM-5BC6M,0.0435615,1000.02,0.07063430000000001,0.08158
20,GTEX-P44G-0011-R7A-SM-2I3F9,0.0435615,1000.02,0.07063430000000001,0.08158
21,GTEX-14C39-0011-R3b-SM-5YYA3,0.0435615,1000.02,0.07063430000000001,0.08158
22,GTEX-1GF9V-0011-R10b-SM-CKZNP,0.0435615,1000.02,0.07063430000000001,0.08158
23,GTEX-NPJ7-0011-R9a-SM-2TC5R,152.804,625.707,221.623,0.08158
24,GTEX-1313W-0011-R7b-SM-5DUWL,0.0435615,1000.02,0.07063430000000001,0.08158
25,GTEX-13QJC-0011-R8b-SM-5S2U6,0.0435615,1000.02,0.07063430000000001,0.08158
26,GTEX-Z93S-0011-R7b-SM-4RGNK,0.0435615,1000.02,0.07063430000000001,0.08158
27,GTEX-1HSMO-0011-R2a-SM-CL553,13.0026,892.837,0.07063430000000001,94.3058
28,GTEX-1B996-0011-R10b-SM-CJI3T,0.0435615,917.346,82.7443,0.08158
29,GTEX-1B933-0011-R2b-SM-7IGNM,0.0435615,1000.02,0.07063430000000001,0.08158
30,GTEX-1GZHY-3026-SM-7MXVA,0.0435615,1000.02,0.07063430000000001,0.08158
31,GTEX-131YS-3126-SM-5KLYT,0.0435615,1000.02,0.07063430000000001,0.08158
32,GTEX-WL46-2826-SM-3LK81,0.0435615,1000.02,0.07063430000000001,0.08158
33,GTEX-13G51-0011-R1a-SM-5LZYR,0.0435615,1000.02,0.07063430000000001,0.08158
34,GTEX-1HR9M-0011-R5a-SM-ARU72,0.0435615,1000.02,0.07063430000000001,0.08158
35,GTEX-11GSP-0011-R5a-SM-57WBE,0.0435615,1000.02,0.07063430000000001,0.08158
36,GTEX-16YQH-0011-R10b-SM-7LT8U,0.0435615,1000.02,0.07063430000000001,0.08158
37,GTEX-13IVO-0011-R10a-SM-5LZY3,0.0435615,939.91,60.1809,0.08158
38,GTEX-13VXU-3026-SM-5LU3K,8.11963,880.832,60.6797,50.5844
39,GTEX-1HGF4-0011-R5b-SM-CM2ST,0.0435615,1000.02,0.07063430000000001,0.08158
40,GTEX-1EN7A-0011-R6b-SM-9QEHW,0.0435615,1000.02,0.07063430000000001,0.08158
41,GTEX-1B8SF-0011-R6b-SM-7MXUD,0.0435615,1000.02,0.07063430000000001,0.08158
42,GTEX-13JUV-0011-R1a-SM-5LZY4,0.0435615,1000.02,0.07063430000000001,0.08158
43,GTEX-16YQH-0011-R5b-SM-7938U,0.0435615,1000.02,0.07063430000000001,0.08158
44,GTEX-12WSC-0011-R9a-SM-5GU4U,8.59544,893.4730000000001,0.07063430000000001,98.0766
45,GTEX-ZDXO-0011-R2b-SM-4WKFG,0.0435615,806.997,193.093,0.08158
46,GTEX-12WSM-0011-R11a-SM-5DUX8,0.0435615,935.166,0.07063430000000001,64.9355
47,GTEX-13FLV-0011-R10b-SM-5LZZ2,0.0435615,1000.02,0.07063430000000001,0.08158
48,GTEX-1PIIG-2826-SM-DTX7O,0.0435615,883.495,72.2886,44.3887
49,GTEX-14JIY-0011-R8a-SM-6AJAP,0.0435615,1000.02,0.07063430000000001,0.08158
50,GTEX-ZAB4-0011-R9a-SM-4SOKG,0.0435615,686.863,138.645,174.66400000000002
51,GTEX-1GZHY-0011-R11a-SM-C1YRQ,0.0435615,1000.02,0.07063430000000001,0.08158
52,GTEX-18464-0011-R10a-SM-72D6X,0.0435615,1000.02,0.07063430000000001,0.08158
53,GTEX-145LS-0011-R5a-SM-5SI65,0.0435615,1000.02,0.07063430000000001,0.08158
54,GTEX-13N1W-0011-R4a-SM-5MR52,0.0435615,1000.02,0.07063430000000001,0.08158
55,GTEX-X4XY-3026-SM-EWRM9,0.0435615,1000.02,0.07063430000000001,0.08158
56,GTEX-11GSP-0011-R1a-SM-9QEJ3,0.0435615,1000.02,0.07063430000000001,0.08158
57,GTEX-11DZ1-0011-R8b-SM-DNZZI,0.0435615,1000.02,0.07063430000000001,0.08158
58,GTEX-11EMC-0011-R8b-SM-DO91Z,0.0435615,842.937,81.5736,75.6613
59,GTEX-13OW5-0011-R6b-SM-5O9BW,0.0435615,824.895,98.3101,76.9673
60,GTEX-17EVQ-2826-SM-7IGQK,0.0435615,1000.02,0.07063430000000001,0.08158
61,GTEX-1EN7A-0011-R5a-SM-9QEH6,0.0435615,1000.02,0.07063430000000001,0.08158
62,GTEX-13N2G-0011-R2a-SM-5MR4Q,0.0435615,1000.02,0.07063430000000001,0.08158
63,GTEX-1JJ6O-0011-R11b-SM-EXUS2,0.0435615,1000.02,0.07063430000000001,0.08158
64,GTEX-15CHQ-0011-R1a-SM-COH27,0.0435615,1000.02,0.07063430000000001,0.08158
65,GTEX-1H3NZ-0011-R6b-SM-A9G1N,0.0435615,1000.02,0.07063430000000001,0.08158
66,GTEX-1F52S-0011-R7b-SM-9QEH8,0.0435615,1000.02,0.07063430000000001,0.08158
67,GTEX-1H4P4-0011-R1b-SM-CL54V,0.0435615,948.81,51.28,0.08158
68,GTEX-14ABY-0011-R9a-SM-5PNZK,0.0435615,816.7589999999999,80.6678,102.745
69,GTEX-Q2AG-0011-R11A-SM-2HMKZ,0.0435615,1000.02,0.07063430000000001,0.08158
70,GTEX-14BIN-0011-R11a-SM-5SI79,0.0435615,1000.02,0.07063430000000001,0.08158
71,GTEX-WZTO-0011-R4A-SM-3NMC7,0.0435615,1000.02,0.07063430000000001,0.08158
72,GTEX-17MF6-0011-R5a-SM-731BA,34.1211,965.942,0.07063430000000001,0.08158
73,GTEX-147GR-0011-R2b-SM-5S2RQ,0.0435615,1000.02,0.07063430000000001,0.08158
74,GTEX-13CF2-0011-R11b-SM-5LZXO,0.0435615,1000.02,0.07063430000000001,0.08158
75,GTEX-14ABY-0011-R5b-SM-5SI7B,0.0435615,1000.02,0.07063430000000001,0.08158
76,GTEX-16XZZ-0011-R9b-SM-7DHKX,0.0435615,755.492,114.536,130.144
77,GTEX-1E1VI-0011-R4b-SM-9QEHV,0.0435615,1000.02,0.07063430000000001,0.08158
78,GTEX-13OVJ-2826-SM-5L3GW,0.0435615,1000.02,0.07063430000000001,0.08158
79,GTEX-WHSE-0011-R10A-SM-EYYVG,0.0435615,1000.02,0.07063430000000001,0.08158
80,GTEX-15SHU-3026-SM-6LPIB,0.0435615,907.579,0.07063430000000001,92.5221
81,GTEX-1C6VR-0011-R6a-SM-7MXU8,0.0435615,1000.02,0.07063430000000001,0.08158
82,GTEX-WWYW-0011-R5A-SM-3NB3E,0.0435615,1000.02,0.07063430000000001,0.08158
83,GTEX-1IY9M-0011-R9b-SM-D3L8J,21.7948,858.757,0.07063430000000001,119.59299999999999
84,GTEX-1F75B-0011-R5a-SM-9QEHC,0.0435615,822.232,0.07063430000000001,177.86900000000003
85,GTEX-1GN2E-3026-SM-9WG6I,0.0435615,1000.02,0.07063430000000001,0.08158
86,GTEX-13FHO-2926-SM-5L3ES,0.0435615,913.202,0.07063430000000001,86.8991
87,GTEX-ZVZQ-0011-R11a-SM-51MS6,0.0435615,1000.02,0.07063430000000001,0.08158
88,GTEX-NL4W-0011-R5a-SM-2I3GD,0.0435615,1000.02,0.07063430000000001,0.08158
89,GTEX-T2IS-0011-R3A-SM-32QPB,0.0435615,1000.02,0.07063430000000001,0.08158
90,GTEX-1A3MX-0011-R8a-SM-7P8PI,0.0435615,1000.02,0.07063430000000001,0.08158
91,GTEX-Y8DK-0011-R8B-SM-EYYVQ,0.0435615,1000.02,0.07063430000000001,0.08158
92,GTEX-ZZPT-3026-SM-5GZXH,0.0435615,1000.02,0.07063430000000001,0.08158
93,GTEX-12ZZX-0011-R10b-SM-5DUWK,0.0435615,1000.02,0.07063430000000001,0.08158
94,GTEX-1ICLZ-0011-R8b-SM-ACKX4,0.0435615,1000.02,0.07063430000000001,0.08158
95,GTEX-13FLV-0011-R6a-SM-5KLZ4,0.0435615,1000.02,0.07063430000000001,0.08158
96,GTEX-14ASI-0011-R1b-SM-5S2TY,0.0435615,1000.02,0.07063430000000001,0.08158
97,GTEX-QMR6-0011-R2A-SM-32PKV,0.0435615,1000.02,0.07063430000000001,0.08158
98,GTEX-13G51-0011-R7b-SM-5LZXG,0.0435615,1000.02,0.07063430000000001,0.08158
99,GTEX-1C6WA-0011-R5a-SM-9WG5X,0.0435615,1000.02,0.07063430000000001,0.08158
100,GTEX-XAJ8-0826-SM-47JY6,0.0435615,0.0198098,0.07063430000000001,1000.08
101,GTEX-15RIG-0226-SM-7KFTL,0.0435615,0.0198098,0.07063430000000001,1000.08
102,GTEX-12KS4-0326-SM-5EQ41,0.0435615,0.0198098,0.07063430000000001,1000.08
103,GTEX-13CF3-2426-SM-5IFGX,0.0435615,0.0198098,0.07063430000000001,1000.08
104,GTEX-15G1A-0008-SM-E76Q5,319.397,55.2106,326.022,299.586
105,GTEX-12WSJ-1826-SM-5GCNY,0.0435615,0.0198098,0.07063430000000001,1000.08
106,GTEX-R53T-0008-SM-48FEW,236.72400000000002,94.0205,368.369,301.10200000000003
107,GTEX-QXCU-0008-SM-48FCH,282.328,93.3125,309.66,314.915
108,GTEX-ZVZP-0008-SM-51MSX,338.74,0.0198098,379.934,281.522
109,GTEX-V1D1-2226-SM-3NMAX,0.0435615,0.0198098,0.07063430000000001,1000.08
110,GTEX-1LKK1-2626-SM-DKPQE,0.0435615,0.0198098,0.07063430000000001,1000.08
111,GTEX-16MT8-0426-SM-7KUEY,0.0435615,0.0198098,0.07063430000000001,1000.08
112,GTEX-P4PP-0008-SM-48TDV,297.689,0.0198098,317.163,385.344
113,GTEX-1LB8K-0726-SM-D5OV2,0.0435615,0.0198098,0.07063430000000001,1000.08
114,GTEX-15SKB-2826-SM-6PAMH,0.0435615,0.0198098,0.07063430000000001,1000.08
115,GTEX-17EUY-0426-SM-793BD,0.0435615,0.0198098,0.07063430000000001,1000.08
116,GTEX-YEC4-0008-SM-4W1YR,332.8,82.3842,404.358,180.674
117,GTEX-1H1DG-0126-SM-9WYU2,0.0435615,0.0198098,0.07063430000000001,1000.08
118,GTEX-14A6H-2026-SM-5Q5DD,0.0435615,0.0198098,0.07063430000000001,1000.08
119,GTEX-1IE54-0126-SM-CMKHW,0.0435615,0.0198098,0.07063430000000001,1000.08
120,GTEX-14XAO-1226-SM-6EU1C,0.0435615,0.0198098,0.07063430000000001,1000.08
121,GTEX-X5EB-0008-SM-46MU3,219.695,81.6492,404.651,294.22
122,GTEX-1MJK3-0726-SM-E6CJC,0.0435615,0.0198098,0.07063430000000001,1000.08
123,GTEX-NL3H-0008-SM-4E3HU,300.556,0.0198098,362.80699999999996,336.833
124,GTEX-133LE-1826-SM-5J1MV,0.0435615,0.0198098,0.07063430000000001,1000.08
125,GTEX-12696-0008-SM-5TDBX,284.263,115.34100000000001,294.572,306.04
126,GTEX-14JG6-1426-SM-9WG7C,0.0435615,0.0198098,0.07063430000000001,1000.08
127,GTEX-1LB8K-0226-SM-EWRNW,0.0435615,0.0198098,0.07063430000000001,1000.08
128,GTEX-15CHC-0008-SM-E9U4J,526.67,0.0198098,0.07063430000000001,473.455
129,GTEX-XQ8I-0426-SM-4BOPO,0.0435615,0.0198098,0.07063430000000001,1000.08
130,GTEX-1CAMR-1926-SM-7EPI2,0.0435615,0.0198098,0.07063430000000001,1000.08
131,GTEX-ZT9X-1526-SM-5DUXD,0.0435615,0.0198098,0.07063430000000001,1000.08
132,GTEX-147F3-1726-SM-5SIAW,0.0435615,0.0198098,0.07063430000000001,1000.08
133,GTEX-18QFQ-0008-SM-EAZD7,421.336,0.0198098,285.681,293.17900000000003
134,GTEX-ZUA1-2626-SM-5NQ92,0.0435615,0.0198098,95.5159,904.6360000000001
135,GTEX-18A7B-0008-SM-EAZBQ,350.36800000000005,0.0198098,345.32099999999997,304.508
136,GTEX-X5EB-1926-SM-4E3IW,0.0435615,0.0198098,0.07063430000000001,1000.08
137,GTEX-13U4I-2226-SM-5LU5H,0.0435615,0.0198098,0.07063430000000001,1000.08
138,GTEX-QDT8-0126-SM-48TZ1,0.0435615,0.0198098,0.07063430000000001,1000.08
139,GTEX-1LG7Y-0526-SM-DKPQC,0.0435615,0.0198098,0.07063430000000001,1000.08
140,GTEX-1M4P7-0226-SM-DIPEV,76.7011,0.0198098,0.07063430000000001,923.424
141,GTEX-12WSF-1626-SM-7KUG5,0.0435615,0.0198098,0.07063430000000001,1000.08
142,GTEX-XPT6-0008-SM-4B64Q,220.09599999999998,57.6609,428.04699999999997,294.41200000000003
143,GTEX-1JJEA-0326-SM-CNPOT,0.0435615,0.0198098,0.07063430000000001,1000.08
144,GTEX-11GS4-0226-SM-5HL77,0.0435615,0.0198098,0.07063430000000001,1000.08
145,GTEX-RVPV-0008-SM-47JYW,382.88,0.0198098,330.161,287.155
146,GTEX-1GZ4H-0526-SM-9KNU9,0.0435615,0.0198098,0.07063430000000001,1000.08
147,GTEX-1GMR2-0008-SM-EAZD1,319.931,73.2146,403.05400000000003,204.016
148,GTEX-11WQK-0008-SM-5SI6T,251.46599999999998,109.708,382.50199999999995,256.539
149,GTEX-1JN6P-2926-SM-CL54D,0.0435615,0.0198098,0.07063430000000001,1000.08
150,GTEX-QVJO-1626-SM-2S1QW,0.0435615,0.0198098,0.07063430000000001,1000.08
151,GTEX-1QEPI-2626-SM-DTXF4,0.0435615,0.0198098,0.07063430000000001,1000.08
152,GTEX-12BJ1-0008-SM-5TDBZ,276.247,0.0198098,470.845,253.104
153,GTEX-11ZUS-0008-SM-5S2UO,282.17400000000004,68.0646,357.551,292.426
154,GTEX-17HGU-0226-SM-7DHKV,0.0435615,0.0198098,0.07063430000000001,1000.08
155,GTEX-1GN1V-0126-SM-9WPOS,0.0435615,0.0198098,39.0584,961.0939999999999
156,GTEX-16MTA-0008-SM-EAZC6,338.72900000000004,0.0198098,353.06800000000004,308.399
157,GTEX-1KANB-0526-SM-E6CJH,0.0435615,0.0198098,0.07063430000000001,1000.08
158,GTEX-WYVS-0008-SM-4ONDY,193.782,99.3871,435.624,271.423
159,GTEX-13OVL-0126-SM-5L3GJ,0.0435615,0.0198098,0.07063430000000001,1000.08
160,GTEX-1211K-2026-SM-5EQ4Z,0.0435615,0.0198098,0.07063430000000001,1000.08
161,GTEX-1J1OQ-0126-SM-D4P2N,0.0435615,0.0198098,0.07063430000000001,1000.08
162,GTEX-1E2YA-0126-SM-9KNUC,0.0435615,0.0198098,0.07063430000000001,1000.08
163,GTEX-14BMU-1226-SM-5S2OR,0.0435615,0.0198098,0.07063430000000001,1000.08
164,GTEX-132AR-0008-SM-62LDH,322.711,0.0198098,333.335,344.15
165,GTEX-16A39-0008-SM-EAZC9,317.329,0.0198098,348.16,334.707
166,GTEX-18D9B-0526-SM-7LTAS,0.0435615,0.0198098,0.07063430000000001,1000.08
167,GTEX-X3Y1-0008-SM-4PR12,208.021,44.4162,447.046,300.733
168,GTEX-1CB4J-0626-SM-7DHMP,0.0435615,0.0198098,0.07063430000000001,1000.08
169,GTEX-1CB4E-0926-SM-7EPHT,0.0435615,0.0198098,0.07063430000000001,1000.08
170,GTEX-1H4P4-2126-SM-9WYSL,0.0435615,0.0198098,0.07063430000000001,1000.08
171,GTEX-13JUV-2026-SM-5K7UA,0.0435615,0.0198098,0.07063430000000001,1000.08
172,GTEX-1HFI7-2326-SM-CGQFS,0.0435615,0.0198098,0.07063430000000001,1000.08
173,GTEX-1ICLZ-0326-SM-ARL82,127.84299999999999,0.0198098,0.07063430000000001,872.2819999999999
174,GTEX-11NSD-0008-SM-5Q5BC,228.208,167.28900000000002,315.934,288.785
175,GTEX-117YX-2326-SM-5H12W,0.0435615,0.0198098,0.07063430000000001,1000.08
176,GTEX-1HUB1-0426-SM-E9U4U,0.0435615,0.0198098,0.07063430000000001,1000.08
177,GTEX-1AMFI-0008-SM-EVYAV,308.216,0.0198098,383.077,308.902
178,GTEX-1KAFJ-2026-SM-CY8ID,0.0435615,0.0198098,0.07063430000000001,1000.08
179,GTEX-1F6RS-0126-SM-9MQKZ,0.0435615,0.0198098,0.07063430000000001,1000.08
180,GTEX-18465-0126-SM-731BN,0.0435615,0.0198098,0.07063430000000001,1000.08
181,GTEX-1KWVE-1426-SM-E9TJO,0.0435615,0.0198098,0.07063430000000001,1000.08
182,GTEX-1122O-1026-SM-9WYSF,0.0435615,0.0198098,0.07063430000000001,1000.08
183,GTEX-ZE7O-0008-SM-4E3JQ,214.75900000000001,69.859,397.418,318.18
184,GTEX-ZZPU-0826-SM-5GZX5,0.0435615,0.0198098,0.07063430000000001,1000.08
185,GTEX-ZWKS-0126-SM-5SIAA,0.0435615,0.0198098,0.07063430000000001,1000.08
186,GTEX-132NY-0326-SM-5IJBL,0.0435615,0.0198098,0.07063430000000001,1000.08
187,GTEX-1F75I-0326-SM-9YFLU,0.0435615,0.0198098,111.757,888.3960000000001
188,GTEX-1IDJF-0126-SM-CM2RS,0.0435615,0.0198098,0.07063430000000001,1000.08
189,GTEX-XK95-0226-SM-4AT58,0.0435615,0.0198098,0.07063430000000001,1000.08
190,GTEX-OIZI-0008-SM-2XCFD,196.283,81.1726,477.45,245.30900000000003
191,GTEX-1IY9M-2826-SM-ARU8H,0.0435615,0.0198098,0.07063430000000001,1000.08
192,GTEX-131XH-2226-SM-5DUXJ,0.0435615,0.0198098,0.07063430000000001,1000.08
193,GTEX-13X6I-0626-SM-5QGP9,0.0435615,0.0198098,0.07063430000000001,1000.08
194,GTEX-ZYFD-0626-SM-5E44E,0.0435615,0.0198098,0.07063430000000001,1000.08
195,GTEX-1GN2E-0426-SM-9MQKX,0.0435615,0.0198098,0.07063430000000001,1000.08
196,GTEX-12WSL-2526-SM-5GCNJ,0.0435615,0.0198098,0.07063430000000001,1000.08
197,GTEX-17F9E-0008-SM-EAZB5,242.40599999999998,79.3732,374.35,304.087
198,GTEX-Y5LM-0926-SM-6LLJG,0.0435615,0.0198098,0.07063430000000001,1000.08
199,GTEX-1H3VE-0326-SM-9YFLH,0.0435615,0.0198098,0.07063430000000001,1000.08
200,GTEX-1GL5R-1526-SM-7MKHO,0.0435615,0.0198098,0.07063430000000001,1000.08
201,GTEX-1RLM8-0726-SM-E6CRH,0.0435615,71.6689,0.07063430000000001,928.432
202,GTEX-1GF9X-0726-SM-7SB7V,102.295,0.0198098,445.152,452.749
203,GTEX-P44H-1426-SM-E9U4O,54.0484,0.0198098,578.554,367.593
204,GTEX-15UF7-0926-SM-6M46F,0.0435615,0.0198098,0.07063430000000001,1000.08
205,GTEX-12KS4-1026-SM-5FQTD,0.0435615,0.0198098,347.93300000000005,652.219
206,GTEX-1H3NZ-1326-SM-9JGHI,0.0435615,0.0198098,0.07063430000000001,1000.08
207,GTEX-13OW8-2326-SM-5L3I9,0.0435615,0.0198098,0.07063430000000001,1000.08
208,GTEX-1NV8Z-2026-SM-E8VMD,0.0435615,116.819,469.25699999999995,414.096
209,GTEX-1HBPM-1526-SM-A9G3H,0.0435615,0.0198098,643.089,357.06300000000005
210,GTEX-ZLV1-0526-SM-4WWD4,0.0435615,22.0997,0.07063430000000001,978.002
211,GTEX-RM2N-0726-SM-48FD5,0.0435615,0.0198098,0.07063430000000001,1000.08
212,GTEX-13CF3-1726-SM-5LU9E,0.0435615,0.0198098,733.7919999999999,266.361
213,GTEX-ZY6K-0526-SM-5GZY9,0.0435615,97.4316,597.811,304.92900000000003
214,GTEX-P4QS-0626-SM-3NMD1,0.0435615,0.0198098,0.07063430000000001,1000.08
215,GTEX-1O97I-1826-SM-EXUS9,0.0435615,144.08,490.32,365.772
216,GTEX-1RNTQ-1126-SM-E9TK9,8.13158,0.0198098,585.87,406.195
217,GTEX-1IKK5-1326-SM-AHZ2X,0.0435615,0.0198098,0.07063430000000001,1000.08
218,GTEX-11P7K-1226-SM-5HL4X,20.660999999999998,0.0198098,619.05,360.485
219,GTEX-14PK6-1126-SM-5YY93,0.0435615,0.0198098,579.7769999999999,420.375
220,GTEX-1IDJF-1326-SM-A9G2R,0.0435615,0.0198098,629.5419999999999,370.611
221,GTEX-14BIN-2626-SM-5YY8U,0.0435615,123.86399999999999,510.691,365.61699999999996
222,GTEX-NFK9-1226-SM-3LK79,52.3503,0.0198098,672.813,275.032
223,GTEX-1AMEY-0326-SM-72D5T,0.0435615,0.0198098,648.6419999999999,351.51
224,GTEX-1L5NE-1426-SM-DHXKV,0.0435615,0.0198098,0.07063430000000001,1000.08
225,GTEX-17F9E-1026-SM-7DUF1,0.0435615,0.0198098,619.604,380.548
226,GTEX-1AX8Z-1826-SM-73KW6,0.0435615,0.0198098,508.461,491.69199999999995
227,GTEX-11ZTS-2726-SM-5EQLU,0.0435615,48.34,611.0740000000001,340.759
228,GTEX-ZA64-0526-SM-5HL9I,0.0435615,0.0198098,544.115,456.038
229,GTEX-1JMLX-2126-SM-CL54B,0.0435615,0.0198098,538.107,462.046
230,GTEX-OXRL-0726-SM-3NM9A,0.0435615,0.0198098,712.059,288.094
231,GTEX-1I1GR-1426-SM-CY8H8,226.926,257.051,258.53700000000003,257.702
232,GTEX-1NHNU-1726-SM-E76R1,0.0435615,0.0198098,620.599,379.55300000000005
233,GTEX-1GN73-1926-SM-9JGGS,0.0435615,0.0198098,0.07063430000000001,1000.08
234,GTEX-YEC4-1026-SM-9WG7N,0.0435615,0.0198098,0.07063430000000001,1000.08
235,GTEX-18QFQ-1026-SM-7LG6B,0.0435615,0.0198098,0.07063430000000001,1000.08
236,GTEX-1C6VQ-2026-SM-79OOH,43.8159,0.0198098,605.797,350.583
237,GTEX-NPJ8-2026-SM-3TW91,18.1432,82.0951,537.586,362.39099999999996
238,GTEX-1C475-0926-SM-7MKFI,0.0435615,0.0198098,0.07063430000000001,1000.08
239,GTEX-1211K-1026-SM-5EQ4B,15.4224,0.0198098,734.534,250.239
240,GTEX-14PJN-0526-SM-68724,0.0435615,0.0198098,0.07063430000000001,1000.08
241,GTEX-XQ8I-1526-SM-4BOOH,0.0435615,0.0198098,0.07063430000000001,1000.08
242,GTEX-1EKGG-1726-SM-7MXUP,0.0435615,0.0198098,0.07063430000000001,1000.08
243,GTEX-1MCYP-1026-SM-DPRYB,0.0435615,0.0198098,0.07063430000000001,1000.08
244,GTEX-14C5O-1726-SM-5RQI9,32.6695,0.0198098,577.4490000000001,390.077
245,GTEX-1L5NE-1326-SM-CY8II,0.0435615,0.0198098,638.049,362.103
246,GTEX-1J1R8-1026-SM-CJI37,0.0435615,0.0198098,550.145,450.00699999999995
247,GTEX-1497J-2126-SM-5NQB8,0.0435615,0.0198098,547.601,452.55199999999996
248,GTEX-1LSVX-1226-SM-DHXJN,0.0435615,0.0198098,0.07063430000000001,1000.08
249,GTEX-ZAB5-0926-SM-5CVMV,0.0435615,0.0198098,0.07063430000000001,1000.08
250,GTEX-13W46-1926-SM-5J2MF,0.0435615,0.0198098,0.07063430000000001,1000.08
251,GTEX-1LGRB-1626-SM-CNNR7,0.0435615,0.0198098,0.07063430000000001,1000.08
252,GTEX-ZVE2-1326-SM-5NQ94,0.0435615,0.0198098,0.07063430000000001,1000.08
253,GTEX-146FQ-1026-SM-5LU8I,0.0435615,0.0198098,0.07063430000000001,1000.08
254,GTEX-OOBK-0726-SM-3LK5Q,0.0435615,0.0198098,504.759,495.39300000000003
255,GTEX-17F98-1826-SM-7DUFK,0.0435615,82.1439,525.988,392.04
256,GTEX-13OVJ-1426-SM-5K7Z2,11.1822,0.0198098,612.145,376.86800000000005
257,GTEX-13OVG-0626-SM-5IFEP,0.0435615,0.0198098,0.07063430000000001,1000.08
258,GTEX-1F48J-1626-SM-9WPOE,0.0435615,0.0198098,503.62,496.532
259,GTEX-13W3W-1826-SM-5IJDE,0.0435615,78.2738,546.304,375.594
260,GTEX-1F5PL-1226-SM-7P8R5,0.0435615,0.0198098,670.6,329.55300000000005
261,GTEX-11TUW-1226-SM-5GU7C,35.5838,0.0198098,493.963,470.649
262,GTEX-14JG1-1826-SM-5YY9Y,0.0435615,131.322,444.291,424.559
263,GTEX-ZV68-0926-SM-59HK7,74.8469,75.5998,97.7978,751.971
264,GTEX-18A66-1526-SM-72D6Y,0.0435615,0.0198098,660.904,339.249
265,GTEX-YB5K-0726-SM-5LU8R,0.0435615,0.0198098,555.745,444.407
266,GTEX-ZEX8-1326-SM-4WWEW,0.0435615,0.0198098,630.651,369.501
267,GTEX-1PIIG-0926-SM-E6CQN,15.0556,109.87899999999999,540.979,334.30300000000005
268,GTEX-11GSP-1726-SM-5A5LI,0.0435615,0.0198098,508.546,491.606
269,GTEX-Y9LG-0626-SM-4WWDH,0.0435615,0.0198098,0.07063430000000001,1000.08
270,GTEX-S4Z8-0726-SM-4GICB,0.0435615,0.0198098,666.068,334.084
271,GTEX-ZVZP-1626-SM-5GIDJ,0.0435615,0.0198098,677.0139999999999,323.138
272,GTEX-17EVQ-1926-SM-7IGOF,0.0435615,0.0198098,0.07063430000000001,1000.08
273,GTEX-1R9PM-1126-SM-E76OX,0.0435615,149.747,371.76099999999997,478.664
274,GTEX-1JMQJ-1026-SM-CNPP8,0.0435615,0.0198098,613.456,386.69699999999995
275,GTEX-1H11D-2126-SM-9OSXM,0.0435615,0.0198098,0.07063430000000001,1000.08
276,GTEX-P4PQ-0726-SM-3NMCR,8.08811,0.0198098,750.6039999999999,241.50400000000002
277,GTEX-WHWD-0926-SM-4OORY,208.637,0.0198098,0.07063430000000001,791.4889999999999
278,GTEX-11EMC-2226-SM-5A5JW,0.0435615,0.0198098,0.07063430000000001,1000.08
279,GTEX-18D9A-0326-SM-7LT8L,0.0435615,0.0198098,686.5219999999999,313.631
280,GTEX-WYVS-1026-SM-4SOJW,0.0435615,92.5038,586.79,320.878
281,GTEX-O5YV-1026-SM-3LK72,0.0435615,0.0198098,0.07063430000000001,1000.08
282,GTEX-1LGOU-0526-SM-D3LAO,0.0435615,0.0198098,0.07063430000000001,1000.08
283,GTEX-PSDG-1326-SM-48TD2,0.0435615,0.0198098,0.07063430000000001,1000.08
284,GTEX-11DYG-1326-SM-5N9DO,0.0435615,0.0198098,0.07063430000000001,1000.08
285,GTEX-1AMFI-0326-SM-731CU,0.0435615,0.0198098,519.991,480.162
286,GTEX-1HKZK-1426-SM-A96U1,0.0435615,0.0198098,0.07063430000000001,1000.08
287,GTEX-W5WG-1626-SM-4LMKG,0.0435615,0.0198098,0.07063430000000001,1000.08
288,GTEX-OHPM-0726-SM-3LK7A,0.0435615,0.0198098,751.449,248.703
289,GTEX-15SB6-0926-SM-7KUFM,8.74512,0.0198098,764.862,226.58900000000003
290,GTEX-1B8KZ-0826-SM-73KYB,0.0435615,0.0198098,692.071,308.08099999999996
291,GTEX-1JMQK-1826-SM-CY8I1,0.0435615,0.0198098,508.898,491.254
292,GTEX-XUW1-1526-SM-4BOOY,0.0435615,0.0198098,730.8739999999999,269.278
293,GTEX-1B97I-1026-SM-73KVC,0.0435615,0.0198098,554.244,445.908
294,GTEX-1MA7W-0426-SM-E9TJ5,0.0435615,0.0198098,0.07063430000000001,1000.08
295,GTEX-13X6H-1426-SM-5SI91,15.3335,0.0198098,749.6139999999999,235.248
296,GTEX-145LT-1326-SM-5O9AQ,0.0435615,85.8058,533.554,380.81199999999995
297,GTEX-13FH7-0526-SM-5IJF8,0.0435615,0.0198098,0.07063430000000001,1000.08
298,GTEX-PLZ5-0826-SM-3P5ZW,0.0435615,0.0198098,580.1709999999999,419.98199999999997
299,GTEX-14E7W-1926-SM-5S2R9,0.0435615,66.1921,623.47,310.51
300,GTEX-1HGF4-2826-SM-ADEII,0.0435615,0.0198098,784.421,215.731
301,GTEX-1399U-0626-SM-5J1NZ,0.0435615,0.0198098,507.754,492.398
302,GTEX-1R7EU-0426-SM-EVR4H,30.8145,0.0198098,969.3,0.08158
303,GTEX-R55E-1126-SM-48FDZ,92.1129,0.0198098,908.0010000000001,0.08158
304,GTEX-PLZ6-0326-SM-3P61J,57.5469,0.0198098,942.567,0.08158
305,GTEX-11NV4-0526-SM-5N9BF,99.5425,0.0198098,900.572,0.08158
306,GTEX-X4XY-0526-SM-46MW1,27.4959,0.0198098,838.1510000000001,134.549
307,GTEX-13X6I-0926-SM-5LUAB,133.472,0.0198098,521.562,345.162
308,GTEX-1HBPH-0326-SM-CM2S8,15.5813,0.0198098,820.6010000000001,164.014
309,GTEX-11TUW-0926-SM-5EQMW,193.768,0.0198098,806.346,0.08158
310,GTEX-YJ8O-0126-SM-5QGRG,0.0435615,0.0198098,762.755,237.39700000000002
311,GTEX-1IDJU-2326-SM-ARL89,27.6611,0.0198098,901.447,71.0873
312,GTEX-OXRO-1926-SM-2S1O3,99.5892,0.0198098,900.525,0.08158
313,GTEX-TMMY-0626-SM-33HBD,0.0435615,26.3759,929.4860000000001,44.3102
314,GTEX-ZTPG-0726-SM-5DUXP,0.0435615,0.0198098,498.666,501.486
315,GTEX-14PJN-2226-SM-6872I,0.0435615,0.0198098,1000.07,0.08158
316,GTEX-14PN4-0426-SM-6AJ9N,62.8983,0.0198098,866.745,70.5525
317,GTEX-ZZPU-0226-SM-5N9BV,88.5474,0.0198098,340.07099999999997,571.577
318,GTEX-1I19N-1926-SM-CM2TF,8.4762,0.0198098,926.727,64.9923
319,GTEX-1122O-0426-SM-5H12G,95.2447,0.0198098,904.8689999999999,0.08158
320,GTEX-1EU9M-0426-SM-7SB8N,99.2918,0.0198098,900.822,0.08158
321,GTEX-14C39-2626-SM-5S2QD,80.5015,0.0198098,919.613,0.08158
322,GTEX-1EKGG-0826-SM-79OLL,114.184,0.0198098,885.931,0.08158
323,GTEX-1M4P7-0426-SM-DKPQG,71.8682,0.0198098,928.2460000000001,0.08158
324,GTEX-13O3O-1126-SM-5KM4Q,20.7461,0.0198098,799.789,179.66
325,GTEX-146FH-1326-SM-5NQBI,23.6607,0.0198098,739.262,237.273
326,GTEX-PWCY-0426-SM-48TCW,12.8734,0.0198098,785.433,201.889
327,GTEX-16XZZ-1426-SM-7KUE3,82.6488,0.0198098,917.465,0.08158
328,GTEX-14ASI-1126-SM-5QGPN,146.839,83.5754,769.72,0.08158
329,GTEX-13RTJ-2626-SM-7DHKR,36.4564,0.0198098,963.658,0.08158
330,GTEX-1CB4F-0726-SM-793AO,37.8277,26.6145,935.692,0.08158
331,GTEX-QXCU-0226-SM-2TC5W,37.8336,0.0198098,962.2810000000001,0.08158
332,GTEX-1HBPN-1026-SM-9YFLZ,38.5531,0.0198098,673.826,287.817
333,GTEX-OHPL-3026-SM-3MJGS,0.0435615,0.0198098,768.2439999999999,231.908
334,GTEX-1IKOE-0826-SM-ARZME,31.6434,0.0198098,625.719,342.834
335,GTEX-1C4CL-0126-SM-7IGN5,0.0435615,0.0198098,1000.07,0.08158
336,GTEX-X4XY-1526-SM-4QASE,154.311,0.0198098,845.803,0.08158
337,GTEX-147F4-1326-SM-5LU9V,42.1565,0.0198098,894.5889999999999,63.4506
338,GTEX-1LB8K-1126-SM-DIPEP,84.146,0.0198098,915.9680000000001,0.08158
339,GTEX-OIZG-0426-SM-3LK5W,56.968999999999994,0.0198098,943.145,0.08158
340,GTEX-ZAB5-2026-SM-5L3EQ,23.7545,0.0198098,976.36,0.08158
341,GTEX-1QW4Y-1926-SM-E8VO3,41.3726,0.0198098,958.742,0.08158
342,GTEX-14JG6-2026-SM-6EU2E,25.7814,0.0198098,974.3330000000001,0.08158
343,GTEX-QDT8-1026-SM-43V6X,0.0435615,0.0198098,796.572,203.58
344,GTEX-17HHY-0526-SM-793BZ,49.1593,0.0198098,950.955,0.08158
345,GTEX-O5YV-0626-SM-3LK64,78.7713,0.0198098,680.933,240.49099999999999
346,GTEX-13VXU-0526-SM-5K7V1,18.9331,0.0198098,981.181,0.08158
347,GTEX-1JJEA-0726-SM-CYPSN,63.7363,0.0198098,621.632,314.828
348,GTEX-YB5E-2426-SM-5IFIV,52.2856,0.0198098,947.829,0.08158
349,GTEX-147F4-0126-SM-5QGPV,39.2064,0.0198098,960.908,0.08158
350,GTEX-WHPG-2326-SM-3NMBP,28.4998,0.0198098,971.6139999999999,0.08158
351,GTEX-Y8E4-1126-SM-5IFIA,0.0435615,0.0198098,641.309,358.843
352,GTEX-QLQ7-0326-SM-DHXIO,207.329,0.0198098,0.07063430000000001,792.796
353,GTEX-1HCU8-1526-SM-ADEHG,9.58797,0.0198098,794.3389999999999,196.269
354,GTEX-Q2AH-0626-SM-48TZJ,102.33,0.0198098,412.548,485.31800000000004
355,GTEX-14PN3-0426-SM-6LLIY,0.0435615,0.0198098,568.005,432.147
356,GTEX-145MO-0626-SM-5NQAW,34.9169,0.0198098,876.753,88.5258
357,GTEX-13X6K-1926-SM-5LU4O,87.3038,0.0198098,912.81,0.08158
358,GTEX-15CHR-0526-SM-79OLJ,0.0435615,36.2014,784.576,179.395
359,GTEX-1R9PO-0226-SM-E6CHS,131.411,0.0198098,868.703,0.08158
360,GTEX-WFON-2526-SM-3LK7P,0.0435615,0.0198098,1000.07,0.08158
361,GTEX-1HSGN-1026-SM-CNPQ1,63.263999999999996,0.0198098,759.12,177.812
362,GTEX-PSDG-1026-SM-48TCV,65.5457,0.0198098,551.375,383.275
363,GTEX-1F5PL-0526-SM-7PBYD,18.2404,0.0198098,981.8739999999999,0.08158
364,GTEX-1B8KZ-2226-SM-73KYS,51.483999999999995,0.0198098,948.63,0.08158
365,GTEX-1NSGN-0526-SM-E9J34,50.5285,0.0198098,949.586,0.08158
366,GTEX-QV44-2226-SM-447A3,45.4963,0.0198098,954.618,0.08158
367,GTEX-11GS4-2926-SM-5A5LF,105.84100000000001,0.0198098,894.273,0.08158
368,GTEX-1CB4E-0426-SM-7PBY5,16.9134,0.0198098,885.929,97.3536
369,GTEX-1339X-2626-SM-5K7YX,0.0435615,0.0198098,860.429,139.724
370,GTEX-1LVAN-0426-SM-CNPPD,0.0435615,0.0198098,1000.07,0.08158
371,GTEX-1399S-0926-SM-5PNVQ,165.08900000000003,0.0198098,486.68,348.42699999999996
372,GTEX-XBED-2426-SM-4AT4O,28.7154,0.0198098,971.3989999999999,0.08158
373,GTEX-1AX8Z-1426-SM-7939T,0.0435615,0.0198098,740.447,259.705
374,GTEX-1HSKV-0626-SM-CNPPL,76.0685,0.0198098,812.28,111.848
375,GTEX-1GF9X-1826-SM-7PC3X,0.0435615,0.0198098,942.183,57.9693
376,GTEX-1J1R8-0826-SM-ACKWP,10.1789,0.0198098,892.7660000000001,97.2507
377,GTEX-15SHV-0826-SM-7KUFA,46.3201,0.0198098,649.189,304.687
378,GTEX-1C64O-1026-SM-7PC3L,38.7878,0.0198098,961.326,0.08158
379,GTEX-ZAK1-0426-SM-5J1MS,0.0435615,0.0198098,803.127,197.025
380,GTEX-U3ZN-2526-SM-3DB7V,0.0435615,0.0198098,724.7719999999999,275.381
381,GTEX-1CB4E-0726-SM-7EWEY,0.0435615,0.0198098,752.673,247.479
382,GTEX-14BIN-0926-SM-5S2OZ,41.0593,0.0198098,959.055,0.08158
383,GTEX-S3XE-0326-SM-4AD6L,29.9985,0.0198098,677.555,292.642
384,GTEX-YFC4-0926-SM-5S2U7,11.4656,0.0198098,988.6489999999999,0.08158
385,GTEX-1QCLY-0626-SM-EAZ3Y,6.426880000000001,0.0198098,955.174,38.5952
386,GTEX-1HSMP-0526-SM-B2LXI,45.8528,0.0198098,827.6489999999999,126.694
387,GTEX-15CHC-0526-SM-6EU23,0.0435615,77.0982,597.508,325.566
388,GTEX-13PLJ-0526-SM-5K7VW,14.1838,0.0198098,985.93,0.08158
389,GTEX-1JK1U-0426-SM-CYPSP,17.7885,0.0198098,765.311,217.097
390,GTEX-1HC8U-1126-SM-COH35,161.491,0.0198098,0.07063430000000001,838.635
391,GTEX-1GMR2-1126-SM-7RHI6,23.3695,0.0198098,755.813,221.013
392,GTEX-1GMR3-2326-SM-7SB94,128.482,0.0198098,871.632,0.08158
393,GTEX-12WSM-0526-SM-5GCO8,33.4063,0.0198098,916.335,50.4544
394,GTEX-11P81-2726-SM-59876,27.7041,0.0198098,972.41,0.08158
395,GTEX-1HCU6-0426-SM-CM2SI,33.7926,0.0198098,966.322,0.08158
396,GTEX-WHPG-0926-SM-4M1XY,29.8138,0.0198098,384.789,585.5930000000001
397,GTEX-O5YT-1826-SM-32PK9,59.3899,0.0198098,940.7239999999999,0.08158
398,GTEX-S4P3-0326-SM-4AD6P,89.2423,0.0198098,910.872,0.08158
399,GTEX-11EMC-0926-SM-59863,141.874,0.0198098,858.24,0.08158
400,GTEX-WK11-2426-SM-3NMAA,0.0435615,37.1948,378.608,584.369
401,GTEX-SSA3-0226-SM-32QPN,83.666,0.0198098,547.735,368.795
402,GTEX-1F6I4-0226-SM-9MQMA,19.1246,0.0198098,541.819,439.25199999999995
403,GTEX-147JS-0426-SM-5TDD2,0.0435615,47.1573,393.42199999999997,559.5930000000001
404,GTEX-ZYW4-2226-SM-5GZYG,124.18700000000001,0.0198098,0.07063430000000001,875.939
405,GTEX-16MTA-1326-SM-6PALX,144.92,0.0198098,378.533,476.74300000000005
406,GTEX-P78B-0226-SM-3NB1Z,0.0435615,0.0198098,498.44699999999995,501.705
407,GTEX-QEL4-0326-SM-3GAE5,76.5117,0.0198098,495.379,428.305
408,GTEX-14PN3-0326-SM-6EU1X,57.6873,0.0198098,374.175,568.3340000000001
409,GTEX-Y9LG-1226-SM-4VBQA,194.675,0.0198098,364.267,441.254
410,GTEX-1HCVE-0226-SM-CGQEV,40.2255,0.0198098,417.60699999999997,542.363
411,GTEX-1399T-1326-SM-5PNVH,0.0435615,0.0198098,436.12699999999995,564.026
412,GTEX-146FH-2026-SM-5SI9I,62.8234,0.0198098,389.85900000000004,547.513
413,GTEX-1LVAN-0126-SM-COH4H,0.0435615,0.0198098,496.168,503.98400000000004
414,GTEX-12WSD-0226-SM-59HKO,0.0435615,0.0198098,491.541,508.61199999999997
415,GTEX-ZPU1-2426-SM-4WWFM,0.0435615,35.6452,462.717,501.809
416,GTEX-15SKB-1626-SM-6PAL6,58.3708,0.0198098,0.07063430000000001,941.7539999999999
417,GTEX-14PJ2-1426-SM-62LFF,0.0435615,0.0198098,391.475,608.677
418,GTEX-1A8FM-0126-SM-7SB7P,33.9707,0.0198098,526.3480000000001,439.87800000000004
419,GTEX-1AMEY-1426-SM-7939I,104.041,0.0198098,455.776,440.37800000000004
420,GTEX-1EU9M-0326-SM-7RHGF,0.0435615,0.0198098,515.654,484.49800000000005
421,GTEX-WEY5-1926-SM-3GIL8,73.0972,0.0198098,552.406,374.69199999999995
422,GTEX-UJHI-1626-SM-3DB9A,0.0435615,0.0198098,500.87,499.283
423,GTEX-13S7M-0226-SM-5S2UG,0.0435615,0.0198098,420.57,579.582
424,GTEX-1JJ6O-0226-SM-E6CI9,0.0435615,0.0198098,505.07199999999995,495.08
425,GTEX-1PPH8-0626-SM-EWRN9,0.0435615,28.9877,523.031,448.153
426,GTEX-ZV68-0226-SM-59HJF,0.0435615,0.0198098,498.869,501.283
427,GTEX-ZQUD-0526-SM-57WG4,145.261,0.0198098,408.68,446.254
428,GTEX-X638-0226-SM-47JZ9,0.0435615,0.0198098,501.546,498.606
429,GTEX-1JJEA-0226-SM-COH2X,12.2308,0.0198098,564.765,423.2
430,GTEX-1JMQK-0126-SM-CM2S3,0.0435615,0.0198098,641.707,358.445
431,GTEX-1I1CD-0226-SM-CM2TL,70.5771,0.0198098,0.07063430000000001,929.548
432,GTEX-ZGAY-0626-SM-DO92E,115.855,0.0198098,0.07063430000000001,884.27
433,GTEX-1GMR2-2526-SM-9MQKW,0.0435615,0.0198098,501.59,498.56199999999995
434,GTEX-1A3MX-0826-SM-72D64,14.6365,0.0198098,0.07063430000000001,985.4889999999999
435,GTEX-1C64N-1326-SM-7SB7D,187.638,0.0198098,409.86699999999996,402.691
436,GTEX-13QBU-1326-SM-5LU4K,78.678,0.0198098,365.04699999999997,556.471
437,GTEX-1JJE9-1226-SM-CNPOI,51.9537,0.0198098,531.669,416.57300000000004
438,GTEX-13O21-1526-SM-5K7W4,0.0435615,0.0198098,502.967,497.185
439,GTEX-12584-0226-SM-5EQL5,0.0435615,0.0198098,496.329,503.82300000000004
440,GTEX-111FC-0226-SM-5N9B8,0.0435615,0.0198098,572.028,428.124
441,GTEX-1GMR3-2026-SM-9MQLG,0.0435615,0.0198098,474.555,525.597
442,GTEX-12126-0426-SM-5Q5AP,0.0435615,0.0198098,498.26800000000003,501.885
443,GTEX-R45C-0226-SM-EVYAJ,0.0435615,0.0198098,503.036,497.116
444,GTEX-12ZZZ-0526-SM-5DUX6,77.0041,0.0198098,0.07063430000000001,923.1210000000001
445,GTEX-16BQI-0526-SM-6PAM8,64.9967,0.0198098,342.42699999999996,592.7719999999999
446,GTEX-1GF9U-1226-SM-ARL9I,53.2323,0.0198098,429.425,517.539
447,GTEX-1B996-0126-SM-7PBYF,0.0435615,0.0198098,501.49699999999996,498.655
448,GTEX-14A5H-0526-SM-5TDCN,62.1278,76.664,0.07063430000000001,861.3530000000001
449,GTEX-RWSA-0226-SM-2XCBA,71.7218,0.0198098,543.831,384.64300000000003
450,GTEX-1POEN-1626-SM-EVYC2,35.0631,64.2601,385.37,515.523
451,GTEX-14C5O-0926-SM-793DM,56.2472,0.0198098,0.07063430000000001,943.878
452,GTEX-XMK1-0926-SM-4B66X,0.0435615,0.0198098,414.615,585.538
453,GTEX-144GM-1926-SM-5LUAN,0.0435615,0.0198098,501.402,498.75
454,GTEX-11WQC-2426-SM-5EQKQ,0.0435615,0.0198098,507.269,492.884
455,GTEX-1H2FU-0226-SM-9YFKO,0.0435615,0.0198098,505.718,494.434
456,GTEX-1HSMO-1426-SM-CNNQN,0.0435615,0.0198098,313.033,687.12
457,GTEX-1JJ6O-2826-SM-CNNP7,30.6146,0.0198098,341.62300000000005,627.9590000000001
458,GTEX-17MFQ-1126-SM-7LT9O,33.4623,0.0198098,364.592,602.141
459,GTEX-14PJ6-2226-SM-6LLIV,36.3987,0.0198098,302.23,661.567
460,GTEX-1HB9E-0526-SM-ARZNM,197.817,0.0198098,0.07063430000000001,802.308
461,GTEX-Y111-0226-SM-4SOIW,0.0435615,0.0198098,598.67,401.48199999999997
462,GTEX-1HR98-0226-SM-CGQEK,0.0435615,0.0198098,490.54400000000004,509.608
463,GTEX-1B8KZ-1026-SM-73KYN,48.4526,0.0198098,274.608,677.1360000000001
464,GTEX-1HCU7-2026-SM-A9G2B,29.0405,0.0198098,567.569,403.586
465,GTEX-1B8SG-0226-SM-7939Q,30.7525,0.0198098,480.156,489.287
466,GTEX-1EKGG-1426-SM-7PBY2,0.0435615,0.0198098,491.272,508.88
467,GTEX-1HSKV-0326-SM-ADEJC,0.0435615,0.0198098,495.291,504.861
468,GTEX-XPVG-2726-SM-4B66W,0.0435615,0.0198098,376.44,623.7130000000001
469,GTEX-18465-0226-SM-7LG5M,0.0435615,0.0198098,611.485,388.667
470,GTEX-1E2YA-0226-SM-9MQLY,0.0435615,0.0198098,492.24199999999996,507.91
471,GTEX-1HBPI-1426-SM-B2LW7,11.0243,0.0198098,523.115,466.05699999999996
472,GTEX-111YS-2426-SM-5GZZQ,34.3347,0.0198098,477.07099999999997,488.79
473,GTEX-1S5ZA-1026-SM-EWRO2,77.5058,0.0198098,453.784,468.906
474,GTEX-14DAR-0426-SM-664MW,127.697,0.0198098,0.07063430000000001,872.428
475,GTEX-1GF9X-1926-SM-ADEIC,0.0435615,0.0198098,497.028,503.124
476,GTEX-ZF29-0826-SM-5S2O2,80.0932,0.0198098,351.098,569.004
477,GTEX-1HCU9-0626-SM-ACKW6,116.219,0.0198098,369.619,514.3580000000001
478,GTEX-16AAH-2026-SM-7LG5F,0.0435615,38.0776,546.339,415.755
479,GTEX-17F9Y-0726-SM-7LT9G,0.0435615,0.0198098,309.736,690.416
480,GTEX-1AX9J-0326-SM-73KXY,0.0435615,0.0198098,496.426,503.727
481,GTEX-13OVL-0326-SM-5IJCS,29.7016,0.0198098,601.2040000000001,369.29
482,GTEX-1AYCT-2226-SM-7SB98,1000.04,0.0198098,0.07063430000000001,0.08158
483,GTEX-1QW4Y-0826-SM-DTXE1,22.1817,0.0198098,346.06,631.955
484,GTEX-1JKYR-1226-SM-CM2S7,88.8712,0.0198098,441.51199999999994,469.81300000000005
485,GTEX-14E1K-0426-SM-5S2PF,0.0435615,0.0198098,448.759,551.393
486,GTEX-ZF3C-0226-SM-4WWB3,0.0435615,0.0198098,406.191,593.962
487,GTEX-1QP2A-0226-SM-EVYBC,0.0435615,0.0198098,505.77099999999996,494.381
488,GTEX-12WSF-1526-SM-6PAN6,0.0435615,0.0198098,399.611,600.5409999999999
489,GTEX-14E1K-2126-SM-793DU,54.68600000000001,0.0198098,524.137,421.37300000000005
490,GTEX-1MA7X-1026-SM-DKPQ8,0.0435615,0.0198098,495.221,504.931
491,GTEX-1S82P-0226-SM-E6CI6,40.9485,24.4494,371.023,563.795
492,GTEX-14E6D-0226-SM-62LDW,0.0435615,0.0198098,501.145,499.00699999999995
493,GTEX-WYJK-0226-SM-EYYV8,20.4973,0.0198098,568.241,411.458
494,GTEX-ZYFD-0226-SM-5NQ86,21.9573,0.0198098,562.1990000000001,416.04
495,GTEX-15ER7-0426-SM-6PAM3,33.2552,0.0198098,431.728,535.2130000000001
496,GTEX-1QW4Y-1626-SM-EAZ41,25.0077,0.0198098,500.44199999999995,474.746
497,GTEX-1399R-2626-SM-5KLZ7,90.6892,0.0198098,0.07063430000000001,909.436
498,GTEX-ZDTS-1826-SM-5S2N6,0.0435615,0.0198098,446.097,554.056
499,GTEX-13O3P-0226-SM-5KM3Z,51.9466,0.0198098,461.108,487.14099999999996
500,GTEX-OIZI-0005-SM-2XCED,907.7769999999999,0.0198098,0.07063430000000001,92.3477
501,GTEX-WRHK-0001-SM-4WWDD,867.987,0.0198098,0.07063430000000001,132.138
502,GTEX-1JJEA-0006-SM-DHXJ2,1000.04,0.0198098,0.07063430000000001,0.08158
503,GTEX-ZEX8-0004-SM-4WKFQ,868.19,35.8579,0.07063430000000001,96.0967
504,GTEX-1PBJJ-0005-SM-CKZND,1000.04,0.0198098,0.07063430000000001,0.08158
505,GTEX-WRHU-0006-SM-3MJF6,1000.04,0.0198098,0.07063430000000001,0.08158
506,GTEX-1LBAC-0005-SM-DIPEE,1000.04,0.0198098,0.07063430000000001,0.08158
507,GTEX-XMD3-0006-SM-4AT5X,1000.04,0.0198098,0.07063430000000001,0.08158
508,GTEX-13OVL-0006-SM-5O996,1000.04,0.0198098,0.07063430000000001,0.08158
509,GTEX-R53T-0005-SM-3GADK,1000.04,0.0198098,0.07063430000000001,0.08158
510,GTEX-11ZU8-0005-SM-5PNU5,851.17,148.893,0.07063430000000001,0.08158
511,GTEX-13U4I-0006-SM-5N9CI,1000.04,0.0198098,0.07063430000000001,0.08158
512,GTEX-WYVS-0004-SM-4ONDT,860.803,0.0198098,0.07063430000000001,139.322
513,GTEX-1H2FU-0004-SM-EYYW8,1000.04,0.0198098,0.07063430000000001,0.08158
514,GTEX-ZUA1-0005-SM-4YCEV,1000.04,0.0198098,0.07063430000000001,0.08158
515,GTEX-1HCVE-0006-SM-ADEH2,1000.04,0.0198098,0.07063430000000001,0.08158
516,GTEX-XYKS-0002-SM-4BRWN,885.935,0.0198098,0.07063430000000001,114.19
517,GTEX-1J8Q2-0006-SM-CNNOZ,1000.04,0.0198098,0.07063430000000001,0.08158
518,GTEX-1GN1W-0006-SM-A9SKL,1000.04,0.0198098,0.07063430000000001,0.08158
519,GTEX-1S5ZU-0005-SM-CYPS3,1000.04,0.0198098,0.07063430000000001,0.08158
520,GTEX-11I78-0001-SM-5Q5BE,1000.04,0.0198098,0.07063430000000001,0.08158
521,GTEX-13FTX-0005-SM-5N9F6,1000.04,0.0198098,0.07063430000000001,0.08158
522,GTEX-1C6VR-0005-SM-7MKF7,1000.04,0.0198098,0.07063430000000001,0.08158
523,GTEX-X638-0003-SM-47JZ1,851.909,0.0198098,0.07063430000000001,148.216
524,GTEX-11P82-0006-SM-5N9FY,1000.04,0.0198098,0.07063430000000001,0.08158
525,GTEX-Y5V6-0005-SM-4V6FD,1000.04,0.0198098,0.07063430000000001,0.08158
526,GTEX-1PPH7-0005-SM-CKZNE,1000.04,0.0198098,0.07063430000000001,0.08158
527,GTEX-18A6Q-0005-SM-9KNVX,1000.04,0.0198098,0.07063430000000001,0.08158
528,GTEX-1HCU8-0005-SM-A96RL,1000.04,0.0198098,0.07063430000000001,0.08158
529,GTEX-1CB4H-0006-SM-A96RE,1000.04,0.0198098,0.07063430000000001,0.08158
530,GTEX-R55C-0005-SM-3GAE9,1000.04,0.0198098,0.07063430000000001,0.08158
531,GTEX-OIZH-0005-SM-2HMJN,1000.04,0.0198098,0.07063430000000001,0.08158
532,GTEX-1LSNM-0005-SM-CXZIW,1000.04,0.0198098,0.07063430000000001,0.08158
533,GTEX-WHPG-0006-SM-3NMBV,1000.04,0.0198098,0.07063430000000001,0.08158
534,GTEX-N7MT-0007-SM-3GACQ,1000.04,0.0198098,0.07063430000000001,0.08158
535,GTEX-1HBPN-0002-SM-EYYW2,1000.04,0.0198098,0.07063430000000001,0.08158
536,GTEX-1QW4Y-0005-SM-DO93W,1000.04,0.0198098,0.07063430000000001,0.08158
537,GTEX-ZG7Y-0006-SM-4WWEA,1000.04,0.0198098,0.07063430000000001,0.08158
538,GTEX-1HSMP-0006-SM-AHZ25,1000.04,0.0198098,0.07063430000000001,0.08158
539,GTEX-17HHY-0006-SM-7MXT4,1000.04,0.0198098,0.07063430000000001,0.08158
540,GTEX-1269C-0005-SM-5N9CJ,1000.04,0.0198098,0.07063430000000001,0.08158
541,GTEX-1GPI7-0005-SM-A9G13,1000.04,0.0198098,0.07063430000000001,0.08158
542,GTEX-SNOS-0003-SM-3NMAO,1000.04,0.0198098,0.07063430000000001,0.08158
543,GTEX-15D1Q-0006-SM-9KNTN,1000.04,0.0198098,0.07063430000000001,0.08158
544,GTEX-Y5LM-0003-SM-4V6G1,1000.04,0.0198098,0.07063430000000001,0.08158
545,GTEX-1122O-0005-SM-5O99J,1000.04,0.0198098,0.07063430000000001,0.08158
546,GTEX-1EKGG-0001-SM-EAZCL,898.965,0.0198098,0.07063430000000001,101.16
547,GTEX-YB5E-0005-SM-4VDSO,1000.04,0.0198098,0.07063430000000001,0.08158
548,GTEX-131XE-0006-SM-5P9F9,1000.04,0.0198098,0.07063430000000001,0.08158
549,GTEX-14ICL-0006-SM-5SIAB,1000.04,0.0198098,0.07063430000000001,0.08158
550,GTEX-U3ZG-0001-SM-47JYF,1000.04,0.0198098,0.07063430000000001,0.08158
551,GTEX-PLZ4-0006-SM-CYPR7,1000.04,0.0198098,0.07063430000000001,0.08158
552,GTEX-1H1CY-0005-SM-A9G15,1000.04,0.0198098,0.07063430000000001,0.08158
553,GTEX-14E6E-0006-SM-5MR5N,1000.04,0.0198098,0.07063430000000001,0.08158
554,GTEX-1B933-0006-SM-7P8OP,1000.04,0.0198098,0.07063430000000001,0.08158
555,GTEX-XPT6-0006-SM-4B66Q,936.37,63.6937,0.07063430000000001,0.08158
556,GTEX-ZC5H-0004-SM-4WAXK,815.206,0.0198098,0.07063430000000001,184.919
557,GTEX-S4Q7-0003-SM-3NM8M,803.1310000000001,57.7415,0.07063430000000001,139.27200000000002
558,GTEX-1GN73-0005-SM-ACKVI,1000.04,0.0198098,0.07063430000000001,0.08158
559,GTEX-1HR98-0005-SM-A9SKM,928.04,0.0198098,0.07063430000000001,72.0852
560,GTEX-Y111-0006-SM-4SOIO,1000.04,0.0198098,0.07063430000000001,0.08158
561,GTEX-T5JW-0003-SM-3NMAD,1000.04,0.0198098,0.07063430000000001,0.08158
562,GTEX-1211K-0006-SM-5MR53,1000.04,0.0198098,0.07063430000000001,0.08158
563,GTEX-17JCI-0005-SM-7P8OL,1000.04,0.0198098,0.07063430000000001,0.08158
564,GTEX-131XH-0006-SM-5O98V,1000.04,0.0198098,0.07063430000000001,0.08158
565,GTEX-UPJH-0006-SM-3GACW,1000.04,0.0198098,0.07063430000000001,0.08158
566,GTEX-1HGF4-0002-SM-EZ6M7,825.429,0.0198098,0.07063430000000001,174.696
567,GTEX-SUCS-0002-SM-3NMAJ,846.672,0.0198098,0.07063430000000001,153.453
568,GTEX-1RB15-0005-SM-CL53N,1000.04,0.0198098,0.07063430000000001,0.08158
569,GTEX-XAJ8-0006-SM-46MVM,1000.04,0.0198098,0.07063430000000001,0.08158
570,GTEX-14DAQ-0005-SM-5NQ7B,1000.04,0.0198098,0.07063430000000001,0.08158
571,GTEX-12WSH-0005-SM-5NQ9P,1000.04,0.0198098,0.07063430000000001,0.08158
572,GTEX-XMK1-0005-SM-4B665,1000.04,0.0198098,0.07063430000000001,0.08158
573,GTEX-1ICG6-0006-SM-A96RH,1000.04,0.0198098,0.07063430000000001,0.08158
574,GTEX-11DXY-0006-SM-5NQ8N,1000.04,0.0198098,0.07063430000000001,0.08158
575,GTEX-11EM3-0001-SM-5Q5BD,1000.04,0.0198098,0.07063430000000001,0.08158
576,GTEX-Y114-0006-SM-4TT76,1000.04,0.0198098,0.07063430000000001,0.08158
577,GTEX-1P4AB-0005-SM-CY8GM,1000.04,0.0198098,0.07063430000000001,0.08158
578,GTEX-1S83E-0006-SM-DLHBW,1000.04,0.0198098,0.07063430000000001,0.08158
579,GTEX-113IC-0006-SM-5NQ9C,1000.04,0.0198098,0.07063430000000001,0.08158
580,GTEX-15DYW-0006-SM-7RHFR,1000.04,0.0198098,0.07063430000000001,0.08158
581,GTEX-1HR9M-0005-SM-AHZ26,1000.04,0.0198098,0.07063430000000001,0.08158
582,GTEX-131XG-0006-SM-5O9CE,1000.04,0.0198098,0.07063430000000001,0.08158
583,GTEX-1GZHY-0005-SM-ARZL6,1000.04,0.0198098,0.07063430000000001,0.08158
584,GTEX-XYKS-0005-SM-4BRUD,1000.04,0.0198098,0.07063430000000001,0.08158
585,GTEX-X5EB-0006-SM-46MV5,1000.04,0.0198098,0.07063430000000001,0.08158
586,GTEX-XBED-0006-SM-47JXO,1000.04,0.0198098,0.07063430000000001,0.08158
587,GTEX-1EKGG-0005-SM-AHZ1Z,1000.04,0.0198098,0.07063430000000001,0.08158
588,GTEX-1I1CD-0005-SM-ADEGY,1000.04,0.0198098,0.07063430000000001,0.08158
589,GTEX-WY7C-0004-SM-4ONDS,826.7719999999999,36.1897,0.07063430000000001,137.183
590,GTEX-P44H-0006-SM-2XCFB,1000.04,0.0198098,0.07063430000000001,0.08158
591,GTEX-1MUQO-0005-SM-DKPPT,1000.04,0.0198098,0.07063430000000001,0.08158
592,GTEX-1A3MX-0005-SM-7MGW7,801.9830000000001,0.0198098,0.07063430000000001,198.142
593,GTEX-147JS-0006-SM-5NQ7K,1000.04,0.0198098,0.07063430000000001,0.08158
594,GTEX-1128S-0005-SM-5P9HI,1000.04,0.0198098,0.07063430000000001,0.08158
595,GTEX-1A3MW-0006-SM-7MKGU,1000.04,0.0198098,0.07063430000000001,0.08158
596,GTEX-XGQ4-0005-SM-4AT5U,1000.04,0.0198098,0.07063430000000001,0.08158
597,GTEX-11EQ8-0006-SM-5P9HJ,1000.04,0.0198098,0.07063430000000001,0.08158
598,GTEX-1QP28-0006-SM-DLZQW,1000.04,0.0198098,0.07063430000000001,0.08158
599,GTEX-111YS-0006-SM-5NQBE,1000.04,0.0198098,0.07063430000000001,0.08158
600,GTEX-1LGOU-0326-SM-D3LAM,0.0435615,0.0198098,1000.07,0.08158
601,GTEX-1EN7A-0726-SM-7PBXT,0.0435615,95.2844,714.05,190.838
602,GTEX-ZDXO-0726-SM-57WBT,0.0435615,0.0198098,876.15,124.00200000000001
603,GTEX-13FXS-1026-SM-62LFQ,0.0435615,65.0745,860.645,74.4522
604,GTEX-O5YV-0326-SM-2I5H2,0.0435615,0.0198098,1000.07,0.08158
605,GTEX-14PJ2-1026-SM-6EU1M,30.6062,90.1339,687.6189999999999,191.856
606,GTEX-1JMPZ-1426-SM-CJI3C,0.0435615,0.0198098,867.701,132.452
607,GTEX-WHPG-1026-SM-3NMBA,0.0435615,0.0198098,666.936,333.216
608,GTEX-1GMR3-0426-SM-7PC17,0.0435615,0.0198098,1000.07,0.08158
609,GTEX-1HSGN-1126-SM-CJI4G,0.0435615,0.0198098,1000.07,0.08158
610,GTEX-1HSGN-0926-SM-CNNQM,0.0435615,0.0198098,1000.07,0.08158
611,GTEX-14PHX-2126-SM-6EU2U,0.0435615,0.0198098,1000.07,0.08158
612,GTEX-14XAO-1126-SM-6EU11,59.8538,0.0198098,823.93,116.412
613,GTEX-13OW6-0926-SM-5L3GM,0.0435615,0.0198098,680.457,319.695
614,GTEX-1GN1U-1426-SM-7P8TF,101.47399999999999,0.0198098,898.64,0.08158
615,GTEX-1EMGI-1226-SM-793DD,0.0435615,0.0198098,1000.07,0.08158
616,GTEX-WFG8-0626-SM-3GILJ,53.0524,0.0198098,947.062,0.08158
617,GTEX-WQUQ-1426-SM-3MJFD,0.0435615,0.0198098,1000.07,0.08158
618,GTEX-11LCK-0926-SM-5A5KA,0.0435615,0.0198098,1000.07,0.08158
619,GTEX-ZEX8-0426-SM-DO92Y,0.0435615,0.0198098,1000.07,0.08158
620,GTEX-ZLFU-0326-SM-4WWBK,0.0435615,0.0198098,1000.07,0.08158
621,GTEX-ZZPU-0926-SM-5GZYT,0.0435615,0.0198098,1000.07,0.08158
622,GTEX-12WSG-1226-SM-5EQ4C,0.0435615,0.0198098,877.4839999999999,122.66799999999999
623,GTEX-PWCY-0526-SM-5P9HG,0.0435615,0.0198098,1000.07,0.08158
624,GTEX-11GS4-0526-SM-5A5KQ,26.9772,0.0198098,760.328,212.891
625,GTEX-13FTZ-0326-SM-5J1O1,81.2857,0.0198098,590.899,328.01099999999997
626,GTEX-QEG5-0926-SM-2TC64,44.0216,0.0198098,956.0930000000001,0.08158
627,GTEX-17MF6-0926-SM-7LTAL,22.543000000000003,0.0198098,977.571,0.08158
628,GTEX-1K2DU-0226-SM-DIPF6,0.0435615,0.0198098,1000.07,0.08158
629,GTEX-1399T-0426-SM-5PNVJ,61.1563,106.074,539.812,293.173
630,GTEX-Y5V6-0826-SM-4VBRU,0.0435615,0.0198098,1000.07,0.08158
631,GTEX-1BAJH-1626-SM-73KUV,0.0435615,0.0198098,1000.07,0.08158
632,GTEX-1GMRU-1326-SM-9WYUI,0.0435615,0.0198098,857.6139999999999,142.539
633,GTEX-1E2YA-0626-SM-7P8P4,0.0435615,0.0198098,810.5010000000001,189.65099999999998
634,GTEX-1A8FM-1026-SM-7PC26,0.0435615,0.0198098,868.3860000000001,131.766
635,GTEX-1IKOE-0626-SM-A9G31,0.0435615,0.0198098,1000.07,0.08158
636,GTEX-11DXY-0826-SM-5EGGR,84.2818,0.0198098,805.6510000000001,110.26299999999999
637,GTEX-1A8G6-1626-SM-7MGWO,71.805,0.0198098,667.265,261.125
638,GTEX-ZYFG-0426-SM-5E43M,0.0435615,0.0198098,1000.07,0.08158
639,GTEX-1HSMO-1226-SM-CL548,51.3076,0.0198098,599.523,349.366
640,GTEX-ZYT6-1726-SM-5E44P,0.0435615,0.0198098,849.6419999999999,150.51
641,GTEX-17HHY-1426-SM-7EWDQ,34.4419,105.95200000000001,760.539,99.2831
642,GTEX-1C64N-0826-SM-7RHGQ,0.0435615,0.0198098,867.961,132.191
643,GTEX-1C2JI-0626-SM-7DHM1,0.0435615,0.0198098,1000.07,0.08158
644,GTEX-11ONC-0126-SM-5PNW6,102.76,0.0198098,897.3539999999999,0.08158
645,GTEX-1H3O1-0226-SM-9WYSW,27.921999999999997,0.0198098,867.813,104.461
646,GTEX-ZPU1-0726-SM-5HL6O,0.0435615,0.0198098,830.8939999999999,169.25900000000001
647,GTEX-UJMC-0526-SM-3GAE3,0.0435615,0.0198098,1000.07,0.08158
648,GTEX-131XE-0526-SM-5K7YT,46.6942,0.0198098,953.42,0.08158
649,GTEX-13PVR-0926-SM-5S2RB,0.0435615,0.0198098,886.648,113.50399999999999
650,GTEX-145LS-1326-SM-5Q5EP,0.0435615,0.0198098,679.873,320.279
651,GTEX-111YS-0326-SM-5GZZ3,28.1524,0.0198098,971.962,0.08158
652,GTEX-1RAZS-0826-SM-E76QP,88.3419,147.505,566.053,198.315
653,GTEX-13O3O-1526-SM-5KM1C,0.0435615,0.0198098,1000.07,0.08158
654,GTEX-OOBJ-0326-SM-33HBO,0.0435615,0.0198098,1000.07,0.08158
655,GTEX-1IDJH-1026-SM-E9TKH,71.705,100.684,648.62,179.206
656,GTEX-1PPH7-2026-SM-E9J3N,134.34,0.0198098,471.774,394.082
657,GTEX-1HBPH-0226-SM-9WYSM,0.0435615,0.0198098,1000.07,0.08158
658,GTEX-13VXT-1126-SM-5LU3A,0.0435615,0.0198098,1000.07,0.08158
659,GTEX-17GQL-0626-SM-731CN,0.0435615,0.0198098,1000.07,0.08158
660,GTEX-18465-0926-SM-731AY,43.5931,0.0198098,956.5210000000001,0.08158
661,GTEX-14PII-1026-SM-5ZZVW,56.2205,0.0198098,563.563,380.412
662,GTEX-18D9U-1426-SM-718BO,0.0435615,0.0198098,904.821,95.3311
663,GTEX-16XZY-0526-SM-7DHKY,0.0435615,0.0198098,1000.07,0.08158
664,GTEX-ZAB5-0226-SM-5CVMH,0.0435615,0.0198098,1000.07,0.08158
665,GTEX-1IKOE-1026-SM-ARZMF,0.0435615,0.0198098,1000.07,0.08158
666,GTEX-WI4N-0726-SM-3TW93,0.0435615,0.0198098,814.247,185.905
667,GTEX-RWS6-0326-SM-2XCAP,0.0435615,0.0198098,1000.07,0.08158
668,GTEX-ZTPG-1326-SM-51MSQ,33.3718,0.0198098,682.6360000000001,284.188
669,GTEX-1H3NZ-1026-SM-A9SM5,0.0435615,0.0198098,1000.07,0.08158
670,GTEX-1IKOH-0926-SM-A9SLU,40.0537,0.0198098,711.64,248.502
671,GTEX-1JJ6O-2126-SM-CNNP6,65.6598,0.0198098,934.454,0.08158
672,GTEX-XGQ4-0526-SM-4AT6C,0.0435615,0.0198098,1000.07,0.08158
673,GTEX-13O3P-1426-SM-5L3DT,54.6017,0.0198098,945.512,0.08158
674,GTEX-1GN1V-0826-SM-9KNU6,28.5554,0.0198098,824.663,146.977
675,GTEX-WL46-0926-SM-3LK7T,16.9093,0.0198098,983.205,0.08158
676,GTEX-1F48J-1126-SM-9WYSY,0.0435615,0.0198098,711.4,288.752
677,GTEX-132AR-1926-SM-5EGK5,0.0435615,0.0198098,881.206,118.947
678,GTEX-Q2AH-0526-SM-2I3ED,0.0435615,0.0198098,1000.07,0.08158
679,GTEX-132NY-1726-SM-5EGKK,0.0435615,0.0198098,1000.07,0.08158
680,GTEX-1122O-0626-SM-5N9B9,0.0435615,0.0198098,1000.07,0.08158
681,GTEX-YFC4-0526-SM-5ZZVI,0.0435615,0.0198098,1000.07,0.08158
682,GTEX-1GTWX-0926-SM-9MQKM,118.387,0.0198098,541.295,340.514
683,GTEX-ZDTT-0326-SM-4WKF9,0.0435615,0.0198098,777.184,222.968
684,GTEX-OXRL-0326-SM-2I3F2,0.0435615,0.0198098,1000.07,0.08158
685,GTEX-13CF2-0426-SM-5KM1H,0.0435615,0.0198098,1000.07,0.08158
686,GTEX-ZVT2-0926-SM-5GICE,0.0435615,0.0198098,771.985,228.167
687,GTEX-132NY-1426-SM-5J1MJ,0.0435615,0.0198098,753.3939999999999,246.75900000000001
688,GTEX-11TT1-1326-SM-5PNYM,33.2629,0.0198098,966.8510000000001,0.08158
689,GTEX-WK11-0826-SM-EZ6LH,0.0435615,92.4433,682.405,225.324
690,GTEX-1I1GV-1326-SM-A96SE,0.0435615,0.0198098,866.403,133.75
691,GTEX-1JJEA-0826-SM-CL53T,0.0435615,0.0198098,1000.07,0.08158
692,GTEX-1HCUA-0526-SM-A9SMH,0.0435615,0.0198098,1000.07,0.08158
693,GTEX-13FH7-0926-SM-5J2MR,0.0435615,0.0198098,1000.07,0.08158
694,GTEX-OXRK-0826-SM-2HMK7,0.0435615,0.0198098,1000.07,0.08158
695,GTEX-X8HC-1626-SM-46MWE,48.0122,0.0198098,831.66,120.524
696,GTEX-WHSE-0926-SM-3NMBS,92.5661,0.0198098,907.548,0.08158
697,GTEX-1R7EV-0326-SM-E76PA,0.0435615,0.0198098,1000.07,0.08158
698,GTEX-1AX9K-0426-SM-73KUG,0.0435615,0.0198098,1000.07,0.08158
699,GTEX-13FH7-0826-SM-5J2NW,0.0435615,0.0198098,845.747,154.405
700,GTEX-SUCS-1626-SM-32PLS,0.0435615,0.0198098,1000.07,0.08158
701,GTEX-U4B1-1626-SM-3DB8N,0.0435615,0.0198098,1000.07,0.08158
702,GTEX-146FR-1726-SM-5Q5DT,0.0435615,0.0198098,1000.07,0.08158
703,GTEX-ZLWG-2126-SM-DO91M,0.0435615,0.0198098,1000.07,0.08158
704,GTEX-12696-2826-SM-5FQTY,0.0435615,0.0198098,1000.07,0.08158
705,GTEX-145ME-2026-SM-5SIA5,0.0435615,0.0198098,1000.07,0.08158
706,GTEX-1F6IF-0226-SM-7PBZ6,0.0435615,0.0198098,1000.07,0.08158
707,GTEX-Y5LM-2126-SM-4VDSY,60.0369,0.0198098,866.762,73.3969
708,GTEX-11WQC-2626-SM-5CVLF,0.0435615,0.0198098,1000.07,0.08158
709,GTEX-1J1R8-2326-SM-CKZPS,0.0435615,0.0198098,1000.07,0.08158
710,GTEX-QLQW-1326-SM-2S1QS,188.55200000000002,0.0198098,811.562,0.08158
711,GTEX-R55E-0526-SM-2TC6B,0.0435615,0.0198098,1000.07,0.08158
712,GTEX-18A7B-0326-SM-7LG65,0.0435615,0.0198098,1000.07,0.08158
713,GTEX-16XZZ-0526-SM-7KUF1,0.0435615,0.0198098,1000.07,0.08158
714,GTEX-13NZA-0526-SM-5L3D7,0.0435615,0.0198098,1000.07,0.08158
715,GTEX-1NHNU-1226-SM-DTX8I,0.0435615,0.0198098,1000.07,0.08158
716,GTEX-1B8L1-2726-SM-793AL,0.0435615,70.01100000000001,930.079,0.08158
717,GTEX-XPVG-2526-SM-4B66D,51.011,63.2919,885.831,0.08158
718,GTEX-1LSNL-0126-SM-EWRNR,0.0435615,0.0198098,1000.07,0.08158
719,GTEX-1K2DA-2226-SM-CGQGM,0.0435615,0.0198098,1000.07,0.08158
720,GTEX-15RIF-2126-SM-7KUM8,0.0435615,0.0198098,1000.07,0.08158
721,GTEX-1O9I2-0526-SM-EYYXI,0.0435615,0.0198098,1000.07,0.08158
722,GTEX-W5WG-1926-SM-4KKZK,0.0435615,0.0198098,1000.07,0.08158
723,GTEX-1IGQW-0526-SM-CKZO3,0.0435615,0.0198098,1000.07,0.08158
724,GTEX-11VI4-1926-SM-5CVLI,0.0435615,0.0198098,1000.07,0.08158
725,GTEX-1EH9U-0326-SM-7P8S2,156.582,0.0198098,843.5319999999999,0.08158
726,GTEX-13G51-2726-SM-5LZZ9,0.0435615,0.0198098,1000.07,0.08158
727,GTEX-WOFM-1326-SM-3MJFR,0.0435615,0.0198098,1000.07,0.08158
728,GTEX-1F5PK-2626-SM-7RHH6,104.637,0.0198098,808.245,87.3132
729,GTEX-P44G-0526-SM-2XCD1,0.0435615,0.0198098,1000.07,0.08158
730,GTEX-14JIY-0426-SM-62LF7,0.0435615,0.0198098,1000.07,0.08158
731,GTEX-1122O-2426-SM-5GIDN,0.0435615,0.0198098,1000.07,0.08158
732,GTEX-1RQED-0426-SM-E6CJP,0.0435615,0.0198098,1000.07,0.08158
733,GTEX-1AX8Z-5004-SM-ARZLD,88.6394,0.0198098,911.475,0.08158
734,GTEX-1HKZK-0226-SM-9WYUG,0.0435615,0.0198098,1000.07,0.08158
735,GTEX-ZF28-0526-SM-4WKGW,0.0435615,0.0198098,1000.07,0.08158
736,GTEX-11DXX-2726-SM-5PNXO,0.0435615,0.0198098,921.2819999999999,78.87
737,GTEX-13S7M-0326-SM-5S2PH,0.0435615,0.0198098,930.915,69.2374
738,GTEX-13QBU-2426-SM-5LU4L,0.0435615,0.0198098,1000.07,0.08158
739,GTEX-XUYS-0326-SM-47JX2,0.0435615,0.0198098,1000.07,0.08158
740,GTEX-15DDE-0526-SM-6ETZQ,0.0435615,53.4682,946.622,0.08158
741,GTEX-1H3NZ-0326-SM-9MQL6,0.0435615,36.0246,964.066,0.08158
742,GTEX-1LGRB-2626-SM-CNPPR,0.0435615,0.0198098,1000.07,0.08158
743,GTEX-1F6I4-0326-SM-7P8T8,0.0435615,0.0198098,1000.07,0.08158
744,GTEX-147F3-0226-SM-5NQBV,0.0435615,0.0198098,1000.07,0.08158
745,GTEX-1I1GU-2126-SM-CGQF9,0.0435615,0.0198098,1000.07,0.08158
746,GTEX-1B996-0326-SM-7DHMU,0.0435615,0.0198098,1000.07,0.08158
747,GTEX-12WSD-0526-SM-5EQ6F,0.0435615,0.0198098,1000.07,0.08158
748,GTEX-WRHK-1626-SM-3MJFH,0.0435615,0.0198098,1000.07,0.08158
749,GTEX-1GMRU-0326-SM-9WYT6,0.0435615,0.0198098,1000.07,0.08158
750,GTEX-UTHO-0726-SM-3GAEN,0.0435615,0.0198098,1000.07,0.08158
751,GTEX-1I1GR-0326-SM-CKZPI,0.0435615,0.0198098,1000.07,0.08158
752,GTEX-TKQ2-0826-SM-33HB6,0.0435615,0.0198098,1000.07,0.08158
753,GTEX-YFCO-1926-SM-4W212,77.9717,0.0198098,922.143,0.08158
754,GTEX-1R7EV-2026-SM-DTX83,0.0435615,0.0198098,1000.07,0.08158
755,GTEX-14DAQ-0326-SM-664MR,0.0435615,0.0198098,1000.07,0.08158
756,GTEX-13PLJ-0326-SM-5L3I7,0.0435615,0.0198098,1000.07,0.08158
757,GTEX-11DXZ-2426-SM-5N9DT,0.0435615,0.0198098,1000.07,0.08158
758,GTEX-1H3VY-0326-SM-9WYU6,0.0435615,0.0198098,1000.07,0.08158
759,GTEX-11OF3-2526-SM-5P9JL,0.0435615,0.0198098,1000.07,0.08158
760,GTEX-ZVP2-2126-SM-5GU6E,65.8009,0.0198098,934.313,0.08158
761,GTEX-1LG7Z-2126-SM-CXKYU,0.0435615,0.0198098,1000.07,0.08158
762,GTEX-11ZTT-2626-SM-5EQKK,0.0435615,0.0198098,1000.07,0.08158
763,GTEX-OHPK-1626-SM-2YUN3,95.9874,0.0198098,904.127,0.08158
764,GTEX-REY6-0826-SM-2TF4S,137.164,0.0198098,862.95,0.08158
765,GTEX-ZYY3-0526-SM-5E45G,0.0435615,0.0198098,1000.07,0.08158
766,GTEX-1LVAO-0526-SM-EWRNS,0.0435615,0.0198098,912.956,87.1958
767,GTEX-U412-0326-SM-3DB9L,0.0435615,0.0198098,1000.07,0.08158
768,GTEX-139T4-0326-SM-5K7XN,0.0435615,0.0198098,888.9730000000001,111.179
769,GTEX-1J8JJ-0126-SM-D3L93,0.0435615,0.0198098,1000.07,0.08158
770,GTEX-WWYW-0526-SM-3NB2W,0.0435615,0.0198098,1000.07,0.08158
771,GTEX-ZPIC-2526-SM-57WDP,0.0435615,0.0198098,1000.07,0.08158
772,GTEX-QCQG-2126-SM-DTXFV,0.0435615,0.0198098,1000.07,0.08158
773,GTEX-12WSA-0726-SM-5FQU2,0.0435615,0.0198098,896.3,103.852
774,GTEX-1F48J-0526-SM-9WYSX,0.0435615,0.0198098,1000.07,0.08158
775,GTEX-XMD1-0626-SM-EZ6MC,0.0435615,0.0198098,1000.07,0.08158
776,GTEX-Y3IK-2626-SM-4WWDK,0.0435615,0.0198098,1000.07,0.08158
777,GTEX-14PQA-0526-SM-7KUFS,0.0435615,0.0198098,1000.07,0.08158
778,GTEX-1N2DW-0426-SM-E9TK4,0.0435615,0.0198098,1000.07,0.08158
779,GTEX-OIZG-1326-SM-2HMIQ,0.0435615,0.0198098,1000.07,0.08158
780,GTEX-1PBJJ-0326-SM-E8VNT,0.0435615,0.0198098,1000.07,0.08158
781,GTEX-17JCI-0326-SM-7LG5H,0.0435615,0.0198098,1000.07,0.08158
782,GTEX-1I1GP-2126-SM-CKZPJ,0.0435615,0.0198098,1000.07,0.08158
783,GTEX-144GO-1326-SM-5Q5EL,0.0435615,0.0198098,1000.07,0.08158
784,GTEX-X4XY-0626-SM-4E3IN,0.0435615,0.0198098,1000.07,0.08158
785,GTEX-12ZZX-0326-SM-5DUVH,0.0435615,0.0198098,1000.07,0.08158
786,GTEX-13U4I-1826-SM-5IJD2,0.0435615,0.0198098,1000.07,0.08158
787,GTEX-13NYS-0326-SM-5MR4L,42.8536,0.0198098,808.064,149.278
788,GTEX-147JS-0526-SM-5TDD3,0.0435615,79.7118,920.3789999999999,0.08158
789,GTEX-15ER7-0226-SM-7KUEU,0.0435615,0.0198098,1000.07,0.08158
790,GTEX-139T6-2026-SM-5IFFL,0.0435615,0.0198098,1000.07,0.08158
791,GTEX-U8T8-1426-SM-3DB9H,0.0435615,0.0198098,1000.07,0.08158
792,GTEX-1J1OQ-0426-SM-A9SLI,0.0435615,0.0198098,1000.07,0.08158
793,GTEX-RU1J-1726-SM-2TF5S,0.0435615,0.0198098,1000.07,0.08158
794,GTEX-145LV-2326-SM-5LU8Z,0.0435615,0.0198098,1000.07,0.08158
795,GTEX-1H11D-0326-SM-9WG71,0.0435615,0.0198098,1000.07,0.08158
796,GTEX-1F75A-0626-SM-7PBYI,0.0435615,0.0198098,1000.07,0.08158
797,GTEX-145MN-2426-SM-5NQA5,0.0435615,0.0198098,1000.07,0.08158
798,GTEX-T8EM-1326-SM-3DB7G,0.0435615,0.0198098,1000.07,0.08158
799,GTEX-1IL2V-0526-SM-ARL8B,0.0435615,0.0198098,1000.07,0.08158
800,GTEX-11ONC-2026-SM-5HL61,23.3277,0.0198098,0.07063430000000001,976.797
801,GTEX-R55D-1826-SM-48FEF,0.0435615,0.0198098,0.07063430000000001,1000.08
802,GTEX-1QCLY-2026-SM-EVR4C,21.3224,145.608,408.98699999999997,424.298
803,GTEX-1RMOY-1726-SM-EVYC9,12.5121,84.3331,573.9830000000001,329.38699999999994
804,GTEX-17HHE-1826-SM-79OKE,0.0435615,0.0198098,0.07063430000000001,1000.08
805,GTEX-15UF6-2726-SM-7KULY,46.5455,236.295,0.07063430000000001,717.304
806,GTEX-Y114-1626-SM-4TT7I,0.0435615,0.0198098,507.043,493.10900000000004
807,GTEX-1I1CD-2826-SM-A9SL4,119.428,0.0198098,880.686,0.08158
808,GTEX-15G1A-1826-SM-7KUKO,51.4941,0.0198098,0.07063430000000001,948.6310000000001
809,GTEX-VJYA-2126-SM-4KL1O,0.0435615,0.0198098,0.07063430000000001,1000.08
810,GTEX-1HCU7-2626-SM-C1YQO,31.2801,145.79,0.07063430000000001,823.075
811,GTEX-TML8-1326-SM-4DXTO,157.779,0.0198098,0.07063430000000001,842.346
812,GTEX-13OVJ-1826-SM-5KM2D,29.8988,0.0198098,0.07063430000000001,970.2260000000001
813,GTEX-1F75B-2726-SM-7P8QO,127.148,194.278,0.07063430000000001,678.7180000000001
814,GTEX-1IDJH-2826-SM-CJI49,11.2246,133.57299999999998,522.144,333.274
815,GTEX-1KANC-0926-SM-D3LA9,85.3725,0.0198098,0.07063430000000001,914.753
816,GTEX-ZF29-1826-SM-4WKG8,0.0435615,0.0198098,0.07063430000000001,1000.08
817,GTEX-XGQ4-1226-SM-4AT67,75.2351,0.0198098,0.07063430000000001,924.89
818,GTEX-145MO-2426-SM-5NQ9W,0.0435615,205.87,0.07063430000000001,794.232
819,GTEX-13X6J-2826-SM-7EPGA,390.94300000000004,609.121,0.07063430000000001,0.08158
820,GTEX-1C6VQ-2726-SM-73KUL,24.5588,66.7194,0.07063430000000001,908.867
821,GTEX-1AX9J-2526-SM-73KUY,0.0435615,99.63799999999999,529.034,371.5
822,GTEX-1QP2A-2226-SM-DTXF6,0.0435615,113.979,478.73900000000003,407.455
823,GTEX-ZYT6-2826-SM-5GICX,18.8315,176.468,467.832,337.084
824,GTEX-13W3W-2126-SM-5K7UX,0.0435615,0.0198098,583.424,416.728
825,GTEX-OHPN-2026-SM-E9TIA,82.4391,101.271,0.07063430000000001,816.435
826,GTEX-ZDTT-1926-SM-5HL5W,0.0435615,0.0198098,0.07063430000000001,1000.08
827,GTEX-ZLWG-1726-SM-DNZZ2,115.73100000000001,0.0198098,0.07063430000000001,884.3939999999999
828,GTEX-1A3MX-2326-SM-718B4,40.0464,0.0198098,519.899,440.251
829,GTEX-1LGRB-1426-SM-CNNPT,0.0435615,0.0198098,0.07063430000000001,1000.08
830,GTEX-14C39-1926-SM-5ZZW5,156.46,53.4978,0.07063430000000001,790.188
831,GTEX-147JS-2526-SM-5S2Q8,58.2503,81.1541,0.07063430000000001,860.7410000000001
832,GTEX-1HBPI-2226-SM-9WYTY,0.0435615,206.453,0.07063430000000001,793.6489999999999
833,GTEX-17F96-2126-SM-7KFSM,57.1057,197.542,745.4860000000001,0.08158
834,GTEX-WHSE-2726-SM-EZ6ML,61.7237,176.952,0.07063430000000001,761.4689999999999
835,GTEX-1AMFI-1826-SM-73KWB,0.0435615,0.0198098,580.419,419.733
836,GTEX-1R9K5-2126-SM-E8VN1,0.0435615,0.0198098,497.619,502.533
837,GTEX-12ZZZ-2426-SM-5GCNN,14.9194,228.075,0.07063430000000001,757.1510000000001
838,GTEX-1QW4Y-1426-SM-E76P3,33.8898,195.92,770.324,0.08158
839,GTEX-111CU-1426-SM-5GZYP,165.97400000000002,0.0198098,0.07063430000000001,834.1510000000001
840,GTEX-1MA7W-0626-SM-EV79Z,49.678999999999995,0.0198098,0.07063430000000001,950.446
841,GTEX-13PL7-2526-SM-5IFGR,124.97399999999999,0.0198098,0.07063430000000001,875.1510000000001
842,GTEX-PLZ6-0926-SM-3P5ZQ,58.9109,0.0198098,0.07063430000000001,941.2139999999999
843,GTEX-1H1E6-1826-SM-A9G21,0.0435615,0.0198098,638.615,361.537
844,GTEX-1IDJU-2026-SM-A9SLM,26.6343,0.0198098,0.07063430000000001,973.4910000000001
845,GTEX-WOFM-1926-SM-4OOSP,0.0435615,0.0198098,0.07063430000000001,1000.08
846,GTEX-1C475-1626-SM-731FP,128.746,0.0198098,0.07063430000000001,871.3789999999999
847,GTEX-1IDJF-1826-SM-CKZOE,0.0435615,0.0198098,496.474,503.67900000000003
848,GTEX-1E2YA-2526-SM-7IGOU,61.4989,162.458,776.177,0.08158
849,GTEX-12WSL-1626-SM-5GCMU,50.0108,0.0198098,0.07063430000000001,950.1139999999999
850,GTEX-12ZZW-2426-SM-5DUWE,53.6572,146.377,0.07063430000000001,800.1110000000001
851,GTEX-1R9PM-1526-SM-DPRY8,74.8388,60.575,0.07063430000000001,864.7310000000001
852,GTEX-ZPU1-1726-SM-4WWFV,28.2085,0.0198098,512.164,459.82300000000004
853,GTEX-1RAZR-1926-SM-E6CRF,130.998,0.0198098,0.07063430000000001,869.127
854,GTEX-14JIY-3326-SM-6871E,302.491,0.0198098,0.07063430000000001,697.635
855,GTEX-1E2YA-2626-SM-7MGWW,92.1017,85.023,0.07063430000000001,823.02
856,GTEX-ZZ64-0826-SM-5E449,0.0435615,103.29700000000001,401.76800000000003,495.10699999999997
857,GTEX-131YS-2926-SM-5EGKI,0.0435615,107.3,497.38699999999994,395.485
858,GTEX-Y3I4-1426-SM-4TT9C,20.2481,0.0198098,634.126,345.82199999999995
859,GTEX-1S5VW-2926-SM-E9U6H,0.0435615,181.037,0.07063430000000001,819.065
860,GTEX-18A7B-2026-SM-72D71,0.0435615,190.016,0.07063430000000001,810.085
861,GTEX-ZEX8-1926-SM-4WKFR,127.426,0.0198098,0.07063430000000001,872.699
862,GTEX-S7SF-1926-SM-4AT5B,0.0435615,0.0198098,0.07063430000000001,1000.08
863,GTEX-13N2G-2226-SM-5IJCU,0.0435615,164.138,457.62800000000004,378.406
864,GTEX-1JMLX-2726-SM-CM2SB,0.0435615,185.21400000000003,380.57300000000004,434.385
865,GTEX-1IDJC-1326-SM-CL53H,29.7585,0.0198098,326.036,644.4019999999999
866,GTEX-1HSMP-2326-SM-D3L8R,0.0435615,0.0198098,496.25699999999995,503.895
867,GTEX-13O1R-2426-SM-5KLZZ,89.3117,0.0198098,457.611,453.273
868,GTEX-1HSMQ-2526-SM-A9SMK,0.0435615,0.0198098,496.69699999999995,503.455
869,GTEX-1JN6P-2126-SM-ARL98,110.955,251.595,637.5840000000001,0.08158
870,GTEX-13D11-0626-SM-5LZYY,0.0435615,0.0198098,503.619,496.534
871,GTEX-13OW5-2826-SM-5KM1G,0.0435615,142.035,468.64300000000003,389.494
872,GTEX-1QP67-1426-SM-E8VOO,14.245999999999999,0.0198098,652.6990000000001,333.251
873,GTEX-16MTA-1626-SM-6M47N,0.0435615,0.0198098,507.426,492.726
874,GTEX-11EQ9-1426-SM-5987G,72.2284,0.0198098,0.07063430000000001,927.8969999999999
875,GTEX-11VI4-1526-SM-5EQKC,65.6705,0.0198098,0.07063430000000001,934.455
876,GTEX-13FH7-1526-SM-5J2N6,0.0435615,0.0198098,503.68300000000005,496.469
877,GTEX-1211K-1826-SM-5EGJ2,0.0435615,100.287,411.939,487.94599999999997
878,GTEX-17MFQ-1226-SM-7KFSA,0.0435615,134.37,435.545,430.25699999999995
879,GTEX-11P81-1126-SM-5GU5G,0.0435615,150.316,449.208,400.648
880,GTEX-1122O-1526-SM-5N9CL,0.0435615,0.0198098,0.07063430000000001,1000.08
881,GTEX-11NSD-1626-SM-5986U,72.998,0.0198098,0.07063430000000001,927.127
882,GTEX-U3ZM-1126-SM-4DXUB,0.0435615,0.0198098,0.07063430000000001,1000.08
883,GTEX-18D9A-1326-SM-7LT8P,0.0435615,0.0198098,581.707,418.445
884,GTEX-Y8E4-2426-SM-4WWDN,39.1035,0.0198098,0.07063430000000001,961.0219999999999
885,GTEX-1N2EF-1726-SM-EXUSI,175.96599999999998,0.0198098,824.148,0.08158
886,GTEX-QLQ7-1126-SM-CYPRB,0.0435615,0.0198098,0.07063430000000001,1000.08
887,GTEX-133LE-1526-SM-5IFEN,0.0435615,0.0198098,0.07063430000000001,1000.08
888,GTEX-14DAR-1526-SM-5RQIX,96.0925,0.0198098,0.07063430000000001,904.033
889,GTEX-15SHU-2526-SM-6M47D,0.0435615,236.395,0.07063430000000001,763.707
890,GTEX-XUW1-1926-SM-4BOP1,0.0435615,0.0198098,0.07063430000000001,1000.08
891,GTEX-145LT-0926-SM-5LU9C,0.0435615,0.0198098,0.07063430000000001,1000.08
892,GTEX-15EO6-2326-SM-6LPKK,0.0435615,0.0198098,498.353,501.79900000000004
893,GTEX-1GF9U-1526-SM-7MXUW,0.0435615,0.0198098,0.07063430000000001,1000.08
894,GTEX-NFK9-2026-SM-3LK5K,59.4225,0.0198098,0.07063430000000001,940.703
895,GTEX-1LSVX-1726-SM-DHXJP,33.1948,0.0198098,0.07063430000000001,966.93
896,GTEX-13OVI-2126-SM-5KM3U,1000.04,0.0198098,0.07063430000000001,0.08158
897,GTEX-1GZ4I-2426-SM-9WPPP,0.0435615,116.82799999999999,0.07063430000000001,883.2739999999999
898,GTEX-11TUW-2026-SM-5EQL8,0.0435615,0.0198098,503.325,496.827
899,GTEX-ZF2S-1926-SM-4WWAN,143.935,0.0198098,0.07063430000000001,856.19
900,GTEX-1JMPZ-0626-SM-CY8HY,0.0435615,0.0198098,0.07063430000000001,1000.08
901,GTEX-11UD2-0626-SM-5GU6L,0.0435615,0.0198098,0.07063430000000001,1000.08
902,GTEX-13QBU-0626-SM-5J2OG,0.0435615,0.0198098,0.07063430000000001,1000.08
903,GTEX-QEG5-0826-SM-2I5GF,0.0435615,0.0198098,0.07063430000000001,1000.08
904,GTEX-ZV6S-0226-SM-59HJT,0.0435615,0.0198098,0.07063430000000001,1000.08
905,GTEX-OHPL-2626-SM-2HMJA,177.285,0.0198098,0.07063430000000001,822.84
906,GTEX-Q2AG-0826-SM-2HMKF,0.0435615,0.0198098,98.601,901.551
907,GTEX-11TT1-1126-SM-5P9GV,0.0435615,57.0232,0.07063430000000001,943.078
908,GTEX-1IKOE-0926-SM-ARU7X,0.0435615,0.0198098,0.07063430000000001,1000.08
909,GTEX-ZGAY-1026-SM-4WWBR,0.0435615,0.0198098,0.07063430000000001,1000.08
910,GTEX-ZAJG-0726-SM-5HL9A,94.6217,0.0198098,0.07063430000000001,905.503
911,GTEX-QXCU-0326-SM-2TC63,50.9738,0.0198098,107.368,841.8539999999999
912,GTEX-15ETS-0526-SM-6PAN3,0.0435615,0.0198098,0.07063430000000001,1000.08
913,GTEX-1A3MV-0326-SM-73KW7,0.0435615,0.0198098,0.07063430000000001,1000.08
914,GTEX-14A5H-0726-SM-5Q5DW,0.0435615,0.0198098,0.07063430000000001,1000.08
915,GTEX-1313W-0726-SM-5EGK1,0.0435615,88.7262,102.15,809.296
916,GTEX-PWCY-2326-SM-2I3EQ,0.0435615,0.0198098,0.07063430000000001,1000.08
917,GTEX-1269C-0226-SM-5EGKS,0.0435615,0.0198098,96.6598,903.492
918,GTEX-1CB4H-0126-SM-7IGN2,0.0435615,116.18,0.07063430000000001,883.922
919,GTEX-1HT8W-1526-SM-CE6S3,0.0435615,90.3263,0.07063430000000001,909.775
920,GTEX-1IKJJ-1026-SM-A96SQ,0.0435615,0.0198098,98.45100000000001,901.701
921,GTEX-1QP28-0626-SM-E76P5,0.0435615,0.0198098,0.07063430000000001,1000.08
922,GTEX-13VXT-0626-SM-5SIA1,0.0435615,95.5147,0.07063430000000001,904.587
923,GTEX-13NYB-0726-SM-5MR4J,0.0435615,0.0198098,0.07063430000000001,1000.08
924,GTEX-132AR-1126-SM-5P9GA,0.0435615,0.0198098,0.07063430000000001,1000.08
925,GTEX-ZQG8-0926-SM-57WFF,0.0435615,0.0198098,145.047,855.105
926,GTEX-RUSQ-1026-SM-2TF6V,37.2413,0.0198098,266.349,696.6060000000001
927,GTEX-1JMQJ-2026-SM-CNPP9,0.0435615,0.0198098,0.07063430000000001,1000.08
928,GTEX-1LGOU-0126-SM-EV79W,112.78399999999999,0.0198098,0.07063430000000001,887.341
929,GTEX-1IL2V-0626-SM-ARU7S,0.0435615,0.0198098,0.07063430000000001,1000.08
930,GTEX-1I6K6-0726-SM-B2LX4,267.394,0.0198098,0.07063430000000001,732.7310000000001
931,GTEX-1JMLX-0826-SM-CNNPP,0.0435615,0.0198098,0.07063430000000001,1000.08
932,GTEX-14PKV-0626-SM-6AJA2,0.0435615,0.0198098,136.734,863.419
933,GTEX-14PKU-0326-SM-6AJA7,0.0435615,0.0198098,0.07063430000000001,1000.08
934,GTEX-1HGF4-0726-SM-9WYU9,0.0435615,0.0198098,0.07063430000000001,1000.08
935,GTEX-1MCC2-0526-SM-DHXJS,0.0435615,0.0198098,109.08,891.072
936,GTEX-1HCU9-0226-SM-9WPNT,31.9986,0.0198098,0.07063430000000001,968.1260000000001
937,GTEX-11EI6-0726-SM-59866,0.0435615,0.0198098,126.295,873.8580000000001
938,GTEX-Y3I4-0226-SM-4TT27,0.0435615,0.0198098,0.07063430000000001,1000.08
939,GTEX-1OJC3-0626-SM-E8VMO,0.0435615,0.0198098,352.176,647.976
940,GTEX-1LB8K-0626-SM-D4P3Z,0.0435615,0.0198098,0.07063430000000001,1000.08
941,GTEX-1IDJH-0826-SM-CE6SY,0.0435615,0.0198098,0.07063430000000001,1000.08
942,GTEX-ZXG5-0926-SM-5NQ8H,0.0435615,0.0198098,0.07063430000000001,1000.08
943,GTEX-139YR-1226-SM-5IFEU,0.0435615,0.0198098,103.206,896.946
944,GTEX-133LE-0326-SM-5P9G4,0.0435615,0.0198098,0.07063430000000001,1000.08
945,GTEX-13S86-1126-SM-5RQJX,0.0435615,57.5139,82.7913,859.867
946,GTEX-15SHU-0726-SM-7KUFI,0.0435615,0.0198098,0.07063430000000001,1000.08
947,GTEX-1PWST-0726-SM-EWRMO,0.0435615,0.0198098,0.07063430000000001,1000.08
948,GTEX-ZT9X-0226-SM-51MT2,0.0435615,179.645,0.07063430000000001,820.456
949,GTEX-1B932-0926-SM-73KUP,0.0435615,0.0198098,93.7056,906.447
950,GTEX-1B8KE-0626-SM-7189H,0.0435615,0.0198098,0.07063430000000001,1000.08
951,GTEX-1H2FU-0626-SM-9WPPS,0.0435615,99.7802,139.049,761.3430000000001
952,GTEX-1EH9U-0926-SM-7EWF1,0.0435615,0.0198098,0.07063430000000001,1000.08
953,GTEX-WEY5-0526-SM-3GIKZ,0.0435615,0.0198098,222.167,777.985
954,GTEX-18A7A-0826-SM-7KFTJ,0.0435615,0.0198098,0.07063430000000001,1000.08
955,GTEX-15RIF-0326-SM-7KUFR,56.7212,87.4987,197.94099999999997,658.055
956,GTEX-145LT-0226-SM-5S2QK,0.0435615,0.0198098,0.07063430000000001,1000.08
957,GTEX-1HCVE-0726-SM-A96SH,0.0435615,0.0198098,0.07063430000000001,1000.08
958,GTEX-1H1DG-0726-SM-A96TN,0.0435615,0.0198098,0.07063430000000001,1000.08
959,GTEX-WYBS-1926-SM-3NM8N,0.0435615,0.0198098,0.07063430000000001,1000.08
960,GTEX-13W46-0926-SM-5LU3T,0.0435615,103.7,77.3247,819.148
961,GTEX-145LU-0426-SM-5O9AH,0.0435615,0.0198098,220.805,779.347
962,GTEX-14753-0926-SM-5Q5BI,0.0435615,0.0198098,0.07063430000000001,1000.08
963,GTEX-1J1R8-0126-SM-CJI36,0.0435615,0.0198098,0.07063430000000001,1000.08
964,GTEX-WXYG-0226-SM-3NB2Y,0.0435615,0.0198098,0.07063430000000001,1000.08
965,GTEX-ZA64-0426-SM-5HL96,0.0435615,0.0198098,0.07063430000000001,1000.08
966,GTEX-14PJO-0626-SM-6LLHH,0.0435615,0.0198098,0.07063430000000001,1000.08
967,GTEX-1HSMQ-0526-SM-A96TY,0.0435615,0.0198098,0.07063430000000001,1000.08
968,GTEX-13CF3-0926-SM-5LZZC,0.0435615,0.0198098,0.07063430000000001,1000.08
969,GTEX-11ZTS-1126-SM-5LU9X,0.0435615,0.0198098,0.07063430000000001,1000.08
970,GTEX-PLZ4-1226-SM-2I5FE,0.0435615,0.0198098,120.995,879.158
971,GTEX-ZYVF-1126-SM-5E458,0.0435615,0.0198098,0.07063430000000001,1000.08
972,GTEX-OXRL-2626-SM-2I3F1,0.0435615,0.0198098,0.07063430000000001,1000.08
973,GTEX-1C6VQ-0526-SM-7MGWD,0.0435615,0.0198098,116.191,883.961
974,GTEX-117YX-1226-SM-5H11S,0.0435615,0.0198098,0.07063430000000001,1000.08
975,GTEX-POYW-0826-SM-2XCEM,23.0967,0.0198098,140.795,836.305
976,GTEX-1OJC4-0526-SM-E6CQV,0.0435615,0.0198098,0.07063430000000001,1000.08
977,GTEX-U412-0726-SM-EVR2Y,0.0435615,51.336999999999996,71.0587,877.7760000000001
978,GTEX-13FXS-0726-SM-5LZXJ,60.6226,0.0198098,0.07063430000000001,939.503
979,GTEX-1H1CY-0726-SM-9OSXX,0.0435615,113.421,0.07063430000000001,886.681
980,GTEX-1QEPI-0726-SM-E76QG,0.0435615,0.0198098,152.024,848.128
981,GTEX-X15G-0526-SM-3NMB7,0.0435615,0.0198098,180.61599999999999,819.5360000000001
982,GTEX-1LSVX-0726-SM-E9TJG,0.0435615,0.0198098,0.07063430000000001,1000.08
983,GTEX-ZUA1-0926-SM-4YCDX,0.0435615,0.0198098,0.07063430000000001,1000.08
984,GTEX-X261-0726-SM-EZ6MH,0.0435615,0.0198098,0.07063430000000001,1000.08
985,GTEX-WFJO-0226-SM-3GIKW,0.0435615,0.0198098,0.07063430000000001,1000.08
986,GTEX-131XG-0226-SM-5IFG1,0.0435615,0.0198098,0.07063430000000001,1000.08
987,GTEX-15FZZ-0226-SM-6LLI4,0.0435615,0.0198098,0.07063430000000001,1000.08
988,GTEX-1O9I2-1226-SM-E6CQC,0.0435615,0.0198098,0.07063430000000001,1000.08
989,GTEX-1R9JW-0226-SM-EVR4K,0.0435615,0.0198098,0.07063430000000001,1000.08
990,GTEX-14PHW-2926-SM-6AJBA,0.0435615,0.0198098,0.07063430000000001,1000.08
991,GTEX-RWS6-0626-SM-2XCAS,0.0435615,0.0198098,0.07063430000000001,1000.08
992,GTEX-1C2JI-0326-SM-7EWFD,0.0435615,0.0198098,102.325,897.827
993,GTEX-1ICLY-0726-SM-A96TB,0.0435615,0.0198098,0.07063430000000001,1000.08
994,GTEX-QDVJ-0226-SM-2I5FV,0.0435615,0.0198098,122.844,877.308
995,GTEX-17HG3-0226-SM-7EWEA,0.0435615,0.0198098,0.07063430000000001,1000.08
996,GTEX-139T6-0326-SM-5J2LY,0.0435615,0.0198098,0.07063430000000001,1000.08
997,GTEX-1PDJ9-0826-SM-E76PS,0.0435615,0.0198098,0.07063430000000001,1000.08
998,GTEX-QV31-0726-SM-3GAEG,0.0435615,0.0198098,133.15200000000002,867.0
999,GTEX-RM2N-0526-SM-2TF4N,0.0435615,0.0198098,63.9422,936.21
