Topic 1,Topic 2,Topic 3,Topic 4,Topic 5,Topic 6,Topic 7,Topic 8,Topic 9,Topic 10,Topic 11
ENSG00000244734.3,ENSG00000143546.9,ENSG00000172005.10,ENSG00000172995.16,ENSG00000270232.1,ENSG00000166866.12,ENSG00000203985.10,ENSG00000256797.1,ENSG00000234918.1,ENSG00000227765.4,ENSG00000234426.1
ENSG00000111245.14,ENSG00000042832.11,ENSG00000125780.11,ENSG00000157087.17,ENSG00000283789.1,ENSG00000129654.7,,ENSG00000255221.3,ENSG00000206776.1,ENSG00000259587.2,
ENSG00000175206.10,ENSG00000160213.6,ENSG00000132639.12,ENSG00000133055.8,,ENSG00000142319.17,,ENSG00000172967.7,ENSG00000243365.3,,
ENSG00000171401.14,ENSG00000131095.12,ENSG00000159516.8,ENSG00000102854.15,,ENSG00000256943.1,,ENSG00000243572.1,ENSG00000251504.1,,
ENSG00000170477.12,ENSG00000120708.16,ENSG00000186832.8,ENSG00000211946.3,,ENSG00000019186.9,,,ENSG00000241168.1,,
ENSG00000186847.5,ENSG00000121552.3,ENSG00000204936.9,ENSG00000002726.20,,ENSG00000152611.11,,,,,
ENSG00000211594.2,ENSG00000123560.13,ENSG00000179914.4,ENSG00000282122.1,,ENSG00000184385.2,,,,,
ENSG00000105048.16,ENSG00000197971.14,ENSG00000148346.11,ENSG00000142405.21,,ENSG00000253763.1,,,,,
ENSG00000163209.14,ENSG00000086506.2,ENSG00000008516.16,ENSG00000150656.14,,ENSG00000234165.1,,,,,
ENSG00000211890.3,ENSG00000115705.20,ENSG00000135480.15,ENSG00000210154.1,,ENSG00000144820.7,,,,,
ENSG00000172867.3,ENSG00000233041.8,ENSG00000133048.12,ENSG00000147689.16,,ENSG00000259846.1,,,,,
ENSG00000205420.10,ENSG00000239839.6,ENSG00000127585.11,ENSG00000187550.8,,ENSG00000143954.12,,,,,
ENSG00000106631.8,ENSG00000163661.3,ENSG00000119888.10,ENSG00000242349.5,,ENSG00000267683.1,,,,,
ENSG00000180209.11,ENSG00000124102.4,ENSG00000105388.15,ENSG00000124469.11,,ENSG00000274252.1,,,,,
ENSG00000188508.10,ENSG00000125618.16,ENSG00000181418.7,ENSG00000171711.2,,ENSG00000260187.1,,,,,
ENSG00000143536.7,ENSG00000171345.13,ENSG00000165215.6,ENSG00000265142.8,,ENSG00000198535.5,,,,,
ENSG00000197616.11,ENSG00000165272.14,ENSG00000065618.18,ENSG00000230051.1,,ENSG00000171201.10,,,,,
ENSG00000163221.8,ENSG00000160307.9,ENSG00000016602.9,ENSG00000134343.12,,ENSG00000225840.2,,,,,
ENSG00000225972.1,ENSG00000184292.6,ENSG00000069011.15,ENSG00000160886.13,,ENSG00000235254.3,,,,,
ENSG00000211595.2,ENSG00000240237.1,ENSG00000101405.3,ENSG00000198759.11,,ENSG00000258345.1,,,,,
ENSG00000178372.7,ENSG00000166819.11,ENSG00000275395.4,ENSG00000235263.1,,ENSG00000204787.8,,,,,
ENSG00000164879.6,ENSG00000128422.15,ENSG00000159166.13,ENSG00000161905.12,,,,,,,
ENSG00000211593.2,ENSG00000136999.4,ENSG00000009765.14,ENSG00000186526.12,,,,,,,
ENSG00000120937.8,ENSG00000187288.10,ENSG00000136352.17,ENSG00000166391.14,,,,,,,
ENSG00000211675.2,ENSG00000162747.9,ENSG00000184363.9,ENSG00000188175.9,,,,,,,
ENSG00000119535.17,ENSG00000087250.8,ENSG00000117472.9,ENSG00000124875.9,,,,,,,
ENSG00000109061.9,ENSG00000171747.8,ENSG00000107984.9,ENSG00000156575.2,,,,,,,
ENSG00000140519.12,ENSG00000136689.18,ENSG00000134760.5,ENSG00000138083.4,,,,,,,
ENSG00000090382.6,ENSG00000162896.5,ENSG00000181885.18,ENSG00000175874.9,,,,,,,
ENSG00000211896.7,ENSG00000181092.9,ENSG00000137440.4,ENSG00000156234.7,,,,,,,
ENSG00000203782.5,ENSG00000137699.16,ENSG00000257017.8,ENSG00000204010.3,,,,,,,
ENSG00000211899.9,ENSG00000158578.18,ENSG00000127324.8,ENSG00000182698.11,,,,,,,
ENSG00000161634.11,ENSG00000183036.10,ENSG00000229344.1,ENSG00000227300.12,,,,,,,
ENSG00000169474.4,ENSG00000133710.15,ENSG00000167880.7,ENSG00000221957.8,,,,,,,
ENSG00000196296.13,ENSG00000196754.10,ENSG00000094796.4,ENSG00000206047.2,,,,,,,
ENSG00000161249.20,ENSG00000133026.12,ENSG00000176387.6,ENSG00000104321.10,,,,,,,
ENSG00000125414.18,ENSG00000171346.15,ENSG00000188176.11,ENSG00000204933.3,,,,,,,
ENSG00000203785.8,ENSG00000130222.10,ENSG00000101447.14,ENSG00000147571.4,,,,,,,
ENSG00000169469.8,ENSG00000175315.2,ENSG00000174697.4,ENSG00000225613.2,,,,,,,
ENSG00000188404.8,ENSG00000131771.13,ENSG00000250978.5,ENSG00000244025.4,,,,,,,
ENSG00000105427.9,ENSG00000118785.13,ENSG00000105409.16,ENSG00000146360.8,,,,,,,
ENSG00000171051.8,ENSG00000198744.5,ENSG00000108405.3,ENSG00000250361.7,,,,,,,
ENSG00000158022.6,ENSG00000105664.10,ENSG00000153446.15,ENSG00000279353.1,,,,,,,
ENSG00000198336.9,ENSG00000103569.9,ENSG00000131746.12,ENSG00000240247.7,,,,,,,
ENSG00000239951.1,ENSG00000138207.13,ENSG00000173705.8,ENSG00000254029.1,,,,,,,
ENSG00000077009.13,ENSG00000166825.13,ENSG00000134762.16,ENSG00000211891.5,,,,,,,
ENSG00000240045.1,ENSG00000101200.5,ENSG00000104140.6,ENSG00000121053.5,,,,,,,
ENSG00000241794.1,ENSG00000172399.5,ENSG00000161896.11,ENSG00000112077.15,,,,,,,
ENSG00000143318.12,ENSG00000170807.11,ENSG00000164761.8,ENSG00000160349.9,,,,,,,
ENSG00000185482.7,ENSG00000197119.12,ENSG00000188373.4,ENSG00000147647.12,,,,,,,
ENSG00000134571.10,ENSG00000160781.15,ENSG00000007306.14,ENSG00000236958.1,,,,,,,
ENSG00000132465.10,ENSG00000021300.13,ENSG00000181541.5,ENSG00000172016.15,,,,,,,
ENSG00000086967.9,ENSG00000020129.15,ENSG00000070808.15,ENSG00000253125.1,,,,,,,
ENSG00000211679.2,ENSG00000188505.4,ENSG00000196549.10,ENSG00000152266.6,,,,,,,
ENSG00000081277.12,ENSG00000125740.13,ENSG00000149968.11,ENSG00000214128.10,,,,,,,
ENSG00000143119.12,ENSG00000063180.8,ENSG00000150625.16,ENSG00000125872.7,,,,,,,
ENSG00000159173.18,ENSG00000178531.5,ENSG00000133742.13,ENSG00000124134.8,,,,,,,
ENSG00000112303.13,ENSG00000165474.5,ENSG00000134757.4,ENSG00000066405.12,,,,,,,
ENSG00000169509.5,ENSG00000147168.12,ENSG00000224958.5,ENSG00000222375.1,,,,,,,
ENSG00000165887.11,ENSG00000133169.5,ENSG00000166869.2,ENSG00000262406.2,,,,,,,
ENSG00000066336.11,ENSG00000162998.4,ENSG00000163032.11,ENSG00000164707.15,,,,,,,
ENSG00000213654.9,ENSG00000168334.8,ENSG00000088002.11,ENSG00000180712.3,,,,,,,
ENSG00000183091.19,ENSG00000090104.11,ENSG00000134240.11,ENSG00000137251.15,,,,,,,
ENSG00000121966.6,ENSG00000077943.7,ENSG00000148600.14,ENSG00000178403.3,,,,,,,
ENSG00000126233.1,ENSG00000182885.16,ENSG00000136244.11,ENSG00000124490.13,,,,,,,
ENSG00000163563.7,ENSG00000198854.5,ENSG00000102962.4,ENSG00000174358.15,,,,,,,
ENSG00000120729.9,ENSG00000143520.6,ENSG00000075073.14,ENSG00000112212.11,,,,,,,
ENSG00000115590.13,ENSG00000104267.9,ENSG00000153531.13,ENSG00000168631.12,,,,,,,
ENSG00000197249.13,ENSG00000089356.18,ENSG00000110484.6,ENSG00000211724.3,,,,,,,
ENSG00000143320.8,ENSG00000204421.2,ENSG00000170891.10,ENSG00000205312.8,,,,,,,
ENSG00000163464.7,ENSG00000053438.8,ENSG00000261786.1,ENSG00000248300.1,,,,,,,
ENSG00000132965.9,ENSG00000105141.5,ENSG00000157734.13,ENSG00000267432.5,,,,,,,
ENSG00000211666.2,ENSG00000244617.2,ENSG00000141579.6,ENSG00000254006.5,,,,,,,
ENSG00000211900.2,ENSG00000163347.5,ENSG00000184811.3,ENSG00000048545.13,,,,,,,
ENSG00000211893.3,ENSG00000163586.9,ENSG00000163141.18,ENSG00000231648.1,,,,,,,
ENSG00000187116.13,ENSG00000124701.5,ENSG00000229415.9,ENSG00000162891.10,,,,,,,
ENSG00000162551.13,ENSG00000118849.9,ENSG00000116690.12,ENSG00000159184.7,,,,,,,
ENSG00000185862.6,ENSG00000091513.14,ENSG00000210144.1,ENSG00000226812.2,,,,,,,
ENSG00000211598.2,ENSG00000102109.8,ENSG00000089199.9,ENSG00000211825.1,,,,,,,
ENSG00000105374.9,ENSG00000155980.11,ENSG00000198074.9,ENSG00000229457.1,,,,,,,
ENSG00000243466.1,ENSG00000186439.12,ENSG00000119927.13,ENSG00000118702.9,,,,,,,
ENSG00000110876.9,ENSG00000182676.4,ENSG00000165409.16,ENSG00000274256.1,,,,,,,
ENSG00000283992.1,ENSG00000155657.26,ENSG00000134765.9,ENSG00000225110.2,,,,,,,
ENSG00000100365.14,ENSG00000104435.13,ENSG00000248144.5,ENSG00000268170.2,,,,,,,
ENSG00000100985.7,ENSG00000105696.8,ENSG00000163217.1,ENSG00000211691.2,,,,,,,
ENSG00000116701.14,ENSG00000185133.13,ENSG00000105695.14,ENSG00000263426.2,,,,,,,
ENSG00000143369.14,ENSG00000204544.5,ENSG00000096088.16,ENSG00000233308.1,,,,,,,
ENSG00000000938.12,ENSG00000180871.7,ENSG00000102837.6,ENSG00000171102.14,,,,,,,
ENSG00000160255.17,ENSG00000079435.9,ENSG00000105697.7,ENSG00000278912.1,,,,,,,
ENSG00000018280.16,ENSG00000112214.10,ENSG00000176153.11,ENSG00000168269.8,,,,,,,
ENSG00000185479.5,ENSG00000163216.6,ENSG00000164326.4,ENSG00000090402.7,,,,,,,
ENSG00000147454.13,ENSG00000183019.7,ENSG00000188910.7,ENSG00000241749.4,,,,,,,
ENSG00000211949.3,ENSG00000163092.19,ENSG00000176194.17,ENSG00000134193.14,,,,,,,
ENSG00000101336.13,ENSG00000197084.5,ENSG00000184925.11,ENSG00000261448.1,,,,,,,
ENSG00000143556.8,ENSG00000198417.6,ENSG00000108244.16,ENSG00000197408.8,,,,,,,
ENSG00000138100.13,ENSG00000105290.11,ENSG00000088836.12,ENSG00000184330.11,,,,,,,
ENSG00000180353.10,ENSG00000054690.13,ENSG00000121742.16,ENSG00000279305.1,,,,,,,
ENSG00000241351.3,ENSG00000012223.12,ENSG00000115386.5,ENSG00000177257.2,,,,,,,
ENSG00000059728.10,ENSG00000159455.8,ENSG00000086548.8,ENSG00000254366.6,,,,,,,
ENSG00000181458.10,ENSG00000163207.6,ENSG00000178919.8,ENSG00000170180.19,,,,,,,
ENSG00000211644.3,ENSG00000157119.11,ENSG00000079385.21,ENSG00000143595.12,,,,,,,
ENSG00000211660.3,ENSG00000121905.9,ENSG00000182333.14,ENSG00000160882.11,,,,,,,
ENSG00000130755.12,ENSG00000091138.12,ENSG00000105825.11,ENSG00000101441.4,,,,,,,
ENSG00000121316.10,ENSG00000166426.7,ENSG00000162894.11,ENSG00000159248.4,,,,,,,
ENSG00000211897.8,ENSG00000104833.11,ENSG00000008056.13,ENSG00000244468.1,,,,,,,
ENSG00000271503.5,ENSG00000046653.14,ENSG00000176956.12,ENSG00000126890.13,,,,,,,
ENSG00000196218.12,ENSG00000092295.11,ENSG00000145358.6,ENSG00000211821.2,,,,,,,
ENSG00000173110.7,ENSG00000136155.16,ENSG00000184221.12,ENSG00000184210.5,,,,,,,
ENSG00000197405.7,ENSG00000125910.5,ENSG00000132702.12,ENSG00000257935.2,,,,,,,
ENSG00000158825.5,ENSG00000260549.1,ENSG00000155850.7,ENSG00000242207.1,,,,,,,
ENSG00000242472.1,ENSG00000139970.16,ENSG00000211452.10,ENSG00000150361.11,,,,,,,
ENSG00000211772.11,ENSG00000163993.6,ENSG00000153822.13,ENSG00000234354.3,,,,,,,
ENSG00000115956.9,ENSG00000172724.11,ENSG00000124253.10,ENSG00000130720.12,,,,,,,
ENSG00000143226.13,ENSG00000236824.2,ENSG00000163735.6,ENSG00000267443.2,,,,,,,
ENSG00000277734.7,ENSG00000170423.12,ENSG00000197565.15,ENSG00000244604.1,,,,,,,
ENSG00000244437.1,ENSG00000129244.8,ENSG00000233705.6,ENSG00000276462.1,,,,,,,
ENSG00000242887.1,ENSG00000140986.7,ENSG00000091137.11,ENSG00000172482.4,,,,,,,
ENSG00000142347.16,ENSG00000166535.19,ENSG00000100427.15,ENSG00000211725.3,,,,,,,
ENSG00000160883.10,ENSG00000170465.9,ENSG00000215187.10,ENSG00000060566.13,,,,,,,
ENSG00000211653.2,ENSG00000151365.2,ENSG00000163739.4,ENSG00000126549.9,,,,,,,
ENSG00000012779.10,ENSG00000147606.8,ENSG00000181195.10,ENSG00000236116.1,,,,,,,
ENSG00000104894.11,ENSG00000074317.10,ENSG00000134028.14,ENSG00000181143.15,,,,,,,
ENSG00000115271.10,ENSG00000172551.10,ENSG00000135324.5,ENSG00000221844.2,,,,,,,
ENSG00000211892.3,ENSG00000123405.13,ENSG00000096006.11,ENSG00000254921.1,,,,,,,
ENSG00000158050.4,ENSG00000203786.6,ENSG00000108342.12,ENSG00000197901.11,,,,,,,
ENSG00000140678.16,ENSG00000213760.10,ENSG00000221946.7,ENSG00000225745.8,,,,,,,
ENSG00000115523.16,ENSG00000105649.9,ENSG00000166923.10,ENSG00000211844.1,,,,,,,
ENSG00000015285.10,ENSG00000206177.6,ENSG00000100362.12,ENSG00000224271.5,,,,,,,
ENSG00000211662.2,ENSG00000167767.13,ENSG00000205678.7,ENSG00000108417.3,,,,,,,
ENSG00000163157.14,ENSG00000057149.15,ENSG00000113739.10,ENSG00000216863.9,,,,,,,
ENSG00000278196.3,ENSG00000206075.13,ENSG00000013297.10,ENSG00000161610.1,,,,,,,
ENSG00000211673.2,ENSG00000108309.13,ENSG00000259384.6,ENSG00000280614.1,,,,,,,
ENSG00000169442.8,ENSG00000243649.8,ENSG00000185615.15,ENSG00000260943.1,,,,,,,
ENSG00000146094.13,ENSG00000111046.3,ENSG00000187094.11,ENSG00000188984.11,,,,,,,
ENSG00000211668.2,ENSG00000123975.4,ENSG00000205358.3,ENSG00000101842.13,,,,,,,
ENSG00000211663.2,ENSG00000176533.12,ENSG00000138623.9,ENSG00000161849.3,,,,,,,
ENSG00000211966.2,ENSG00000104888.9,ENSG00000187730.8,ENSG00000158748.3,,,,,,,
ENSG00000211945.2,ENSG00000174407.13,ENSG00000056998.19,ENSG00000164935.6,,,,,,,
ENSG00000151651.15,ENSG00000128656.13,ENSG00000178597.6,ENSG00000166603.4,,,,,,,
ENSG00000081237.18,ENSG00000124935.3,ENSG00000167653.4,ENSG00000248385.7,,,,,,,
ENSG00000008438.4,ENSG00000164825.3,ENSG00000078898.6,ENSG00000259383.1,,,,,,,
ENSG00000123329.17,ENSG00000175121.11,ENSG00000095713.13,ENSG00000268240.1,,,,,,,
ENSG00000211648.2,ENSG00000145920.14,ENSG00000134339.8,ENSG00000250657.1,,,,,,,
ENSG00000137462.6,ENSG00000108878.4,ENSG00000188015.9,ENSG00000138472.10,,,,,,,
ENSG00000101306.10,ENSG00000178363.4,ENSG00000179477.9,ENSG00000170054.14,,,,,,,
ENSG00000211959.2,ENSG00000137285.9,ENSG00000164089.8,ENSG00000171872.4,,,,,,,
ENSG00000100055.20,ENSG00000277632.1,ENSG00000145287.10,ENSG00000253270.1,,,,,,,
ENSG00000270550.1,ENSG00000085265.10,ENSG00000162267.12,ENSG00000277653.1,,,,,,,
ENSG00000204577.11,ENSG00000147394.18,ENSG00000204897.6,ENSG00000121335.11,,,,,,,
ENSG00000160593.18,ENSG00000184524.5,ENSG00000171819.4,ENSG00000248991.1,,,,,,,
ENSG00000274536.6,ENSG00000165953.9,ENSG00000117399.13,ENSG00000145321.12,,,,,,,
ENSG00000211956.2,ENSG00000168509.19,ENSG00000166091.19,ENSG00000225402.1,,,,,,,
ENSG00000115165.9,ENSG00000076662.9,ENSG00000139648.6,ENSG00000211866.1,,,,,,,
ENSG00000241755.1,ENSG00000209082.1,ENSG00000131747.14,ENSG00000276160.1,,,,,,,
ENSG00000214872.8,ENSG00000168913.6,ENSG00000136694.8,ENSG00000187323.11,,,,,,,
ENSG00000211938.2,ENSG00000169385.2,ENSG00000184148.3,ENSG00000225231.1,,,,,,,
ENSG00000269981.1,ENSG00000116748.21,ENSG00000212900.2,ENSG00000164651.16,,,,,,,
ENSG00000180644.7,ENSG00000143631.10,ENSG00000184012.11,ENSG00000224814.1,,,,,,,
ENSG00000169429.10,ENSG00000168878.16,ENSG00000007908.15,ENSG00000118017.3,,,,,,,
ENSG00000211934.3,ENSG00000197273.3,ENSG00000136883.13,ENSG00000222022.1,,,,,,,
ENSG00000227507.2,ENSG00000174564.12,ENSG00000170439.6,ENSG00000173080.5,,,,,,,
ENSG00000211964.3,ENSG00000167757.13,ENSG00000116983.12,ENSG00000147434.8,,,,,,,
ENSG00000196735.11,ENSG00000172020.12,ENSG00000187223.3,ENSG00000231536.1,,,,,,,
ENSG00000211751.9,ENSG00000188100.8,ENSG00000066248.14,ENSG00000271046.1,,,,,,,
ENSG00000167851.13,ENSG00000171431.3,ENSG00000167755.14,ENSG00000211834.1,,,,,,,
ENSG00000163421.8,ENSG00000110436.11,ENSG00000064886.13,ENSG00000284377.1,,,,,,,
ENSG00000105369.9,ENSG00000166920.12,ENSG00000164076.16,ENSG00000163518.10,,,,,,,
ENSG00000126759.13,ENSG00000189182.9,ENSG00000118113.11,ENSG00000276597.1,,,,,,,
ENSG00000110934.10,ENSG00000230937.11,ENSG00000102891.3,ENSG00000278661.1,,,,,,,
ENSG00000240382.3,ENSG00000248746.5,ENSG00000125869.9,ENSG00000228528.1,,,,,,,
ENSG00000211651.3,ENSG00000148377.5,ENSG00000197641.11,ENSG00000274353.1,,,,,,,
ENSG00000242371.1,ENSG00000081041.8,ENSG00000210100.1,ENSG00000250420.8,,,,,,,
ENSG00000268734.1,ENSG00000102003.10,ENSG00000088325.15,ENSG00000185962.1,,,,,,,
ENSG00000115607.9,ENSG00000283766.1,ENSG00000171848.13,ENSG00000272549.1,,,,,,,
ENSG00000102096.9,ENSG00000144834.13,ENSG00000167941.2,ENSG00000249460.1,,,,,,,
ENSG00000244482.10,ENSG00000185873.7,ENSG00000054938.15,ENSG00000226358.1,,,,,,,
ENSG00000211955.2,ENSG00000167759.12,ENSG00000113196.2,ENSG00000241003.1,,,,,,,
ENSG00000211659.2,ENSG00000204482.10,ENSG00000189377.8,ENSG00000178522.14,,,,,,,
ENSG00000168333.13,ENSG00000126262.4,ENSG00000261701.6,ENSG00000243902.6,,,,,,,
ENSG00000224373.3,ENSG00000135472.8,ENSG00000210191.1,ENSG00000244155.1,,,,,,,
ENSG00000244116.3,ENSG00000169035.11,ENSG00000156299.13,ENSG00000229515.1,,,,,,,
ENSG00000175489.9,ENSG00000275302.1,ENSG00000141682.11,ENSG00000257715.1,,,,,,,
ENSG00000184730.10,ENSG00000128383.12,ENSG00000196415.9,ENSG00000269745.1,,,,,,,
ENSG00000198851.9,ENSG00000118520.14,ENSG00000110680.12,ENSG00000226490.1,,,,,,,
ENSG00000132746.14,ENSG00000168314.17,ENSG00000124920.13,ENSG00000273409.2,,,,,,,
ENSG00000211947.2,ENSG00000145879.10,ENSG00000162040.6,ENSG00000050730.15,,,,,,,
ENSG00000211937.3,ENSG00000171236.9,ENSG00000210140.1,ENSG00000244361.1,,,,,,,
ENSG00000100448.3,ENSG00000173535.13,ENSG00000070526.14,ENSG00000266248.1,,,,,,,
ENSG00000224650.2,ENSG00000158517.13,ENSG00000170523.3,ENSG00000278971.1,,,,,,,
ENSG00000131042.14,ENSG00000130294.15,ENSG00000005001.9,ENSG00000250244.5,,,,,,,
ENSG00000211943.2,ENSG00000143217.8,ENSG00000163623.9,ENSG00000162723.9,,,,,,,
ENSG00000268903.1,ENSG00000167754.12,ENSG00000196611.4,ENSG00000203857.9,,,,,,,
ENSG00000159763.3,ENSG00000111404.6,ENSG00000129451.11,ENSG00000206069.6,,,,,,,
ENSG00000175564.12,ENSG00000186844.5,ENSG00000117152.13,ENSG00000283538.1,,,,,,,
ENSG00000159339.13,ENSG00000111913.17,ENSG00000133317.14,ENSG00000230778.1,,,,,,,
ENSG00000211935.3,ENSG00000107485.15,ENSG00000163202.4,ENSG00000170099.5,,,,,,,
ENSG00000211669.2,ENSG00000204538.3,ENSG00000242076.2,ENSG00000167580.7,,,,,,,
ENSG00000235568.6,ENSG00000166922.8,ENSG00000188089.13,ENSG00000168959.14,,,,,,,
ENSG00000105352.10,ENSG00000268751.1,ENSG00000226145.7,ENSG00000232679.1,,,,,,,
ENSG00000211640.4,ENSG00000172543.7,ENSG00000171124.12,ENSG00000159495.7,,,,,,,
ENSG00000222037.5,ENSG00000182591.5,ENSG00000157782.9,ENSG00000207296.1,,,,,,,
ENSG00000241294.1,ENSG00000140379.7,ENSG00000186207.4,ENSG00000171234.13,,,,,,,
ENSG00000156738.17,ENSG00000183347.14,ENSG00000229314.5,ENSG00000250981.1,,,,,,,
ENSG00000211904.2,ENSG00000169877.9,ENSG00000157765.11,ENSG00000180264.11,,,,,,,
ENSG00000243238.1,ENSG00000253230.8,ENSG00000152977.9,ENSG00000168955.3,,,,,,,
ENSG00000239855.1,ENSG00000174992.7,ENSG00000187173.3,ENSG00000172752.14,,,,,,,
ENSG00000240864.3,ENSG00000064787.13,ENSG00000213578.5,ENSG00000213606.3,,,,,,,
ENSG00000244575.3,ENSG00000139899.10,ENSG00000103888.16,ENSG00000228826.2,,,,,,,
ENSG00000211637.2,ENSG00000197561.6,ENSG00000163630.10,ENSG00000284552.1,,,,,,,
ENSG00000178821.12,ENSG00000136286.14,ENSG00000110786.17,ENSG00000225960.1,,,,,,,
ENSG00000211638.2,ENSG00000170091.10,ENSG00000132872.11,ENSG00000250329.1,,,,,,,
ENSG00000211898.7,ENSG00000172508.10,ENSG00000086570.12,ENSG00000207497.1,,,,,,,
ENSG00000211941.3,ENSG00000130957.4,ENSG00000124140.13,ENSG00000253325.1,,,,,,,
ENSG00000115085.13,ENSG00000147588.6,ENSG00000165023.6,ENSG00000214145.6,,,,,,,
ENSG00000105501.12,ENSG00000152154.10,ENSG00000154165.4,ENSG00000139330.5,,,,,,,
ENSG00000248996.1,ENSG00000104722.13,ENSG00000073670.13,ENSG00000152034.10,,,,,,,
ENSG00000171049.8,ENSG00000212901.3,ENSG00000171446.6,ENSG00000243543.8,,,,,,,
ENSG00000211962.2,ENSG00000166523.7,ENSG00000105509.10,ENSG00000253877.5,,,,,,,
ENSG00000103313.12,ENSG00000135443.8,ENSG00000111215.11,ENSG00000183273.6,,,,,,,
ENSG00000211965.4,ENSG00000168280.16,ENSG00000137673.8,ENSG00000272396.1,,,,,,,
ENSG00000211674.2,ENSG00000127084.17,ENSG00000243566.6,ENSG00000260823.1,,,,,,,
ENSG00000196344.11,ENSG00000205076.4,ENSG00000125571.9,ENSG00000089116.3,,,,,,,
ENSG00000211905.1,ENSG00000167476.10,ENSG00000140465.13,ENSG00000128610.11,,,,,,,
ENSG00000101307.15,ENSG00000163380.15,ENSG00000101916.11,ENSG00000251061.2,,,,,,,
ENSG00000211652.2,ENSG00000198643.6,ENSG00000110777.11,ENSG00000263366.2,,,,,,,
ENSG00000213934.6,ENSG00000124429.17,ENSG00000174607.10,ENSG00000277738.1,,,,,,,
ENSG00000105610.4,ENSG00000204539.3,ENSG00000203783.4,ENSG00000248197.1,,,,,,,
ENSG00000213931.5,ENSG00000277586.2,ENSG00000186474.15,ENSG00000171136.6,,,,,,,
ENSG00000234262.1,ENSG00000108602.17,ENSG00000211967.3,ENSG00000122859.4,,,,,,,
ENSG00000271178.1,ENSG00000113749.7,ENSG00000172155.9,ENSG00000147570.9,,,,,,,
ENSG00000250026.5,ENSG00000198794.11,ENSG00000257335.8,ENSG00000145192.12,,,,,,,
ENSG00000276566.1,ENSG00000187180.3,ENSG00000251039.2,ENSG00000257126.5,,,,,,,
ENSG00000242534.2,ENSG00000162188.5,ENSG00000169397.3,ENSG00000214617.9,,,,,,,
ENSG00000211654.2,ENSG00000164821.4,ENSG00000141837.19,ENSG00000204195.3,,,,,,,
ENSG00000241566.1,ENSG00000183379.8,ENSG00000134827.7,ENSG00000253448.1,,,,,,,
ENSG00000233999.3,ENSG00000171951.4,ENSG00000210195.2,ENSG00000270168.2,,,,,,,
ENSG00000206072.12,ENSG00000182782.7,ENSG00000261678.2,ENSG00000235118.7,,,,,,,
ENSG00000211710.3,ENSG00000196407.11,ENSG00000161911.11,ENSG00000258035.1,,,,,,,
ENSG00000236525.1,ENSG00000124507.10,ENSG00000283227.1,ENSG00000266553.2,,,,,,,
ENSG00000258831.1,ENSG00000189280.3,ENSG00000105613.9,ENSG00000168348.3,,,,,,,
ENSG00000260078.3,ENSG00000161798.6,ENSG00000138829.11,ENSG00000211862.1,,,,,,,
ENSG00000254098.1,ENSG00000204655.11,ENSG00000131668.13,ENSG00000278775.1,,,,,,,
ENSG00000211912.1,ENSG00000170442.11,ENSG00000117983.17,ENSG00000227032.1,,,,,,,
ENSG00000111241.2,ENSG00000173868.11,ENSG00000170775.2,ENSG00000259950.1,,,,,,,
ENSG00000183625.14,ENSG00000163736.3,ENSG00000160181.8,ENSG00000148704.12,,,,,,,
ENSG00000230088.1,ENSG00000163631.16,ENSG00000112139.14,ENSG00000213231.12,,,,,,,
ENSG00000267423.1,ENSG00000196734.8,ENSG00000160182.2,ENSG00000231604.2,,,,,,,
ENSG00000211914.1,ENSG00000171777.15,ENSG00000066230.10,ENSG00000214237.10,,,,,,,
ENSG00000227800.1,ENSG00000197353.3,ENSG00000104327.7,ENSG00000267123.5,,,,,,,
ENSG00000222335.1,ENSG00000005844.17,ENSG00000177455.12,ENSG00000248599.1,,,,,,,
ENSG00000253209.1,ENSG00000197191.4,ENSG00000196805.7,ENSG00000130561.16,,,,,,,
ENSG00000118972.1,ENSG00000165178.9,ENSG00000276085.1,ENSG00000101448.13,,,,,,,
ENSG00000224607.4,ENSG00000197888.2,ENSG00000153802.11,ENSG00000244067.2,,,,,,,
ENSG00000239862.1,ENSG00000163737.3,ENSG00000043355.11,ENSG00000105398.3,,,,,,,
ENSG00000155269.11,ENSG00000214212.8,ENSG00000162992.3,ENSG00000230873.8,,,,,,,
ENSG00000237127.1,ENSG00000117091.9,ENSG00000159450.12,ENSG00000230805.6,,,,,,,
ENSG00000242580.1,ENSG00000104918.7,ENSG00000263639.5,ENSG00000257797.1,,,,,,,
ENSG00000229390.1,ENSG00000261040.6,ENSG00000210117.1,ENSG00000276568.1,,,,,,,
ENSG00000211684.2,ENSG00000106541.11,ENSG00000185640.5,ENSG00000122133.16,,,,,,,
ENSG00000231392.1,ENSG00000280411.1,ENSG00000164266.10,ENSG00000254586.1,,,,,,,
ENSG00000211921.1,ENSG00000171246.5,ENSG00000105668.7,ENSG00000178394.4,,,,,,,
ENSG00000274121.1,ENSG00000242173.8,ENSG00000221986.6,ENSG00000268833.1,,,,,,,
ENSG00000253742.1,ENSG00000008735.13,ENSG00000188293.5,ENSG00000283142.1,,,,,,,
ENSG00000281097.1,ENSG00000006128.11,ENSG00000111291.8,ENSG00000091181.19,,,,,,,
ENSG00000204345.1,ENSG00000100167.19,ENSG00000166527.7,ENSG00000255216.1,,,,,,,
ENSG00000211838.1,ENSG00000136541.14,ENSG00000171532.4,ENSG00000187621.14,,,,,,,
ENSG00000235091.1,ENSG00000102924.11,ENSG00000122304.10,ENSG00000275232.1,,,,,,,
ENSG00000198471.1,ENSG00000181631.6,ENSG00000115009.11,ENSG00000182077.10,,,,,,,
ENSG00000235621.8,ENSG00000205426.10,ENSG00000172179.11,ENSG00000251129.1,,,,,,,
ENSG00000211876.1,ENSG00000171617.13,ENSG00000169245.5,ENSG00000215811.6,,,,,,,
ENSG00000250426.2,ENSG00000016490.15,ENSG00000189056.13,ENSG00000163394.5,,,,,,,
ENSG00000215991.1,ENSG00000164047.4,ENSG00000175646.3,ENSG00000225030.1,,,,,,,
ENSG00000254228.2,ENSG00000234883.5,ENSG00000181656.6,ENSG00000174948.5,,,,,,,
ENSG00000211869.1,ENSG00000228314.1,ENSG00000272021.1,ENSG00000255946.1,,,,,,,
ENSG00000211846.1,ENSG00000172478.17,ENSG00000166143.9,ENSG00000215378.3,,,,,,,
ENSG00000253202.1,ENSG00000092051.16,ENSG00000152910.18,ENSG00000277311.1,,,,,,,
ENSG00000255569.1,ENSG00000107295.9,ENSG00000075886.10,ENSG00000230492.1,,,,,,,
ENSG00000205215.8,ENSG00000157005.3,ENSG00000078081.7,ENSG00000131264.3,,,,,,,
ENSG00000211840.1,ENSG00000170909.13,ENSG00000253701.2,ENSG00000225156.2,,,,,,,
ENSG00000260542.1,ENSG00000105246.5,ENSG00000244355.7,ENSG00000186075.12,,,,,,,
ENSG00000253131.1,ENSG00000112299.7,ENSG00000154975.13,ENSG00000214888.2,,,,,,,
ENSG00000280655.1,ENSG00000110203.8,ENSG00000101425.12,ENSG00000179520.10,,,,,,,
ENSG00000211867.1,ENSG00000100453.12,ENSG00000170454.5,ENSG00000253483.1,,,,,,,
ENSG00000204044.6,ENSG00000081248.10,ENSG00000240671.4,ENSG00000277749.1,,,,,,,
ENSG00000211647.1,ENSG00000067715.13,ENSG00000187908.16,ENSG00000279754.1,,,,,,,
ENSG00000226063.1,ENSG00000275896.5,ENSG00000172023.7,ENSG00000180613.10,,,,,,,
ENSG00000211979.2,ENSG00000173702.7,ENSG00000078589.12,ENSG00000228521.2,,,,,,,
ENSG00000211841.1,ENSG00000020633.18,ENSG00000253998.3,ENSG00000269667.1,,,,,,,
ENSG00000197416.4,ENSG00000043039.6,ENSG00000273962.1,ENSG00000101446.7,,,,,,,
ENSG00000280220.1,ENSG00000124731.12,ENSG00000205186.2,ENSG00000119973.5,,,,,,,
ENSG00000211920.1,ENSG00000087128.9,ENSG00000187912.11,ENSG00000261520.5,,,,,,,
ENSG00000249173.5,ENSG00000186431.18,ENSG00000132185.16,ENSG00000240216.7,,,,,,,
ENSG00000273585.1,ENSG00000172382.9,ENSG00000109943.8,ENSG00000261790.1,,,,,,,
ENSG00000242473.1,ENSG00000211649.3,ENSG00000108759.3,ENSG00000259962.1,,,,,,,
ENSG00000224585.1,ENSG00000170476.15,ENSG00000184956.15,ENSG00000230223.6,,,,,,,
ENSG00000276430.2,ENSG00000104921.14,ENSG00000251546.1,ENSG00000234104.1,,,,,,,
ENSG00000248864.1,ENSG00000229444.1,ENSG00000125999.10,ENSG00000205015.1,,,,,,,
ENSG00000145626.11,ENSG00000224397.5,ENSG00000211639.2,ENSG00000161270.19,,,,,,,
ENSG00000265658.6,ENSG00000134057.14,ENSG00000131096.10,ENSG00000251293.1,,,,,,,
ENSG00000225106.1,ENSG00000140932.9,ENSG00000210127.1,ENSG00000196273.7,,,,,,,
ENSG00000253441.1,ENSG00000248485.1,ENSG00000174963.17,ENSG00000238201.1,,,,,,,
ENSG00000226601.1,ENSG00000099365.10,ENSG00000188833.9,ENSG00000162456.9,,,,,,,
ENSG00000144130.11,ENSG00000211642.3,ENSG00000060718.20,ENSG00000113889.11,,,,,,,
ENSG00000211958.2,ENSG00000100604.12,ENSG00000127588.4,ENSG00000250831.1,,,,,,,
ENSG00000228655.6,ENSG00000174871.10,ENSG00000140297.12,ENSG00000271454.1,,,,,,,
ENSG00000211858.1,ENSG00000176884.14,ENSG00000101327.8,ENSG00000237111.1,,,,,,,
ENSG00000253120.1,ENSG00000166396.12,ENSG00000175426.10,ENSG00000274428.1,,,,,,,
ENSG00000253590.1,ENSG00000137975.7,ENSG00000168703.5,ENSG00000187616.4,,,,,,,
ENSG00000279554.1,ENSG00000151948.11,ENSG00000105143.12,ENSG00000250509.1,,,,,,,
ENSG00000263443.1,ENSG00000149043.16,ENSG00000253497.1,ENSG00000255838.1,,,,,,,
ENSG00000211860.1,ENSG00000103375.10,ENSG00000211911.1,ENSG00000256209.1,,,,,,,
ENSG00000211837.1,ENSG00000255398.2,ENSG00000260614.1,ENSG00000205856.3,,,,,,,
ENSG00000211633.3,ENSG00000186806.5,ENSG00000180176.14,ENSG00000254399.2,,,,,,,
ENSG00000259680.5,ENSG00000204983.13,ENSG00000196260.4,ENSG00000254656.1,,,,,,,
ENSG00000228131.1,ENSG00000130513.6,ENSG00000233542.1,ENSG00000167419.10,,,,,,,
ENSG00000279891.1,ENSG00000143847.15,ENSG00000121594.11,ENSG00000283217.1,,,,,,,
ENSG00000283571.1,ENSG00000140749.8,ENSG00000210156.1,ENSG00000255477.1,,,,,,,
ENSG00000180138.7,ENSG00000163435.15,ENSG00000149516.13,ENSG00000259859.1,,,,,,,
ENSG00000250036.1,ENSG00000212899.2,ENSG00000105641.3,ENSG00000261316.1,,,,,,,
ENSG00000253387.1,ENSG00000221852.4,ENSG00000224689.9,ENSG00000224466.1,,,,,,,
ENSG00000254036.1,ENSG00000214711.9,ENSG00000118245.2,ENSG00000256513.1,,,,,,,
ENSG00000162763.3,ENSG00000100450.12,ENSG00000224041.3,ENSG00000233342.1,,,,,,,
ENSG00000206585.1,ENSG00000197632.8,ENSG00000211974.3,ENSG00000275965.1,,,,,,,
ENSG00000176177.9,ENSG00000091428.17,ENSG00000243063.1,ENSG00000080910.11,,,,,,,
ENSG00000232208.2,ENSG00000183072.9,ENSG00000260846.2,ENSG00000254746.5,,,,,,,
ENSG00000214185.3,ENSG00000259104.2,ENSG00000136531.15,ENSG00000102794.9,,,,,,,
ENSG00000211881.1,ENSG00000173762.7,ENSG00000211972.2,ENSG00000254607.2,,,,,,,
ENSG00000270505.1,ENSG00000172602.9,ENSG00000242515.5,ENSG00000279835.1,,,,,,,
ENSG00000211857.1,ENSG00000012124.16,ENSG00000211753.4,ENSG00000279965.1,,,,,,,
ENSG00000230234.1,ENSG00000163154.5,ENSG00000170484.9,ENSG00000255847.5,,,,,,,
ENSG00000211884.1,ENSG00000130540.13,ENSG00000143297.18,ENSG00000248560.1,,,,,,,
ENSG00000254176.1,ENSG00000276775.1,ENSG00000253234.1,ENSG00000101323.4,,,,,,,
ENSG00000252920.1,ENSG00000196565.13,ENSG00000162877.12,ENSG00000253605.1,,,,,,,
ENSG00000255039.1,ENSG00000011426.10,ENSG00000133020.4,ENSG00000118492.16,,,,,,,
ENSG00000176893.4,ENSG00000148798.10,ENSG00000244921.2,ENSG00000227706.3,,,,,,,
ENSG00000211861.1,ENSG00000158055.15,ENSG00000161850.2,ENSG00000259110.1,,,,,,,
ENSG00000279012.2,ENSG00000182866.16,ENSG00000135625.7,ENSG00000259517.2,,,,,,,
ENSG00000211909.1,ENSG00000167281.18,ENSG00000128714.5,ENSG00000275243.1,,,,,,,
ENSG00000270999.1,ENSG00000235942.2,ENSG00000120088.14,ENSG00000259889.1,,,,,,,
ENSG00000117215.14,ENSG00000237541.3,ENSG00000253818.1,ENSG00000284485.1,,,,,,,
ENSG00000227824.1,ENSG00000026751.16,ENSG00000211667.2,ENSG00000275432.1,,,,,,,
ENSG00000105370.7,ENSG00000221880.3,ENSG00000204610.12,ENSG00000275726.1,,,,,,,
ENSG00000134489.6,ENSG00000105205.6,ENSG00000230825.1,ENSG00000243488.3,,,,,,,
ENSG00000253435.1,ENSG00000167769.4,ENSG00000237702.2,ENSG00000254532.1,,,,,,,
ENSG00000260048.2,ENSG00000204385.10,ENSG00000157017.15,ENSG00000260507.1,,,,,,,
ENSG00000204670.7,ENSG00000126353.3,ENSG00000142619.4,ENSG00000112116.9,,,,,,,
ENSG00000250575.1,ENSG00000198788.8,ENSG00000183395.4,ENSG00000249808.2,,,,,,,
ENSG00000253247.1,ENSG00000196361.9,ENSG00000228639.6,ENSG00000284148.1,,,,,,,
ENSG00000211661.2,ENSG00000131401.11,ENSG00000183034.12,ENSG00000275692.1,,,,,,,
ENSG00000264151.5,ENSG00000015592.16,ENSG00000267669.1,ENSG00000236124.1,,,,,,,
ENSG00000211871.1,ENSG00000204618.8,ENSG00000275418.1,ENSG00000256916.1,,,,,,,
ENSG00000253152.1,ENSG00000169403.11,ENSG00000132693.12,ENSG00000274060.1,,,,,,,
ENSG00000211623.2,ENSG00000225873.3,ENSG00000128438.10,ENSG00000168515.3,,,,,,,
ENSG00000200997.1,ENSG00000100385.13,ENSG00000173908.8,ENSG00000251081.1,,,,,,,
ENSG00000211833.1,ENSG00000079112.9,ENSG00000186732.13,ENSG00000183146.4,,,,,,,
ENSG00000253461.1,ENSG00000239998.5,ENSG00000256713.7,ENSG00000264764.1,,,,,,,
ENSG00000243531.1,ENSG00000243290.3,ENSG00000260426.1,ENSG00000207039.1,,,,,,,
ENSG00000242407.1,ENSG00000137265.14,ENSG00000279113.1,ENSG00000248673.1,,,,,,,
ENSG00000242317.1,ENSG00000174521.7,ENSG00000228278.3,ENSG00000253805.1,,,,,,,
ENSG00000271375.1,ENSG00000110076.18,ENSG00000241233.3,ENSG00000255350.1,,,,,,,
ENSG00000211717.3,ENSG00000197540.7,ENSG00000239819.2,ENSG00000165583.14,,,,,,,
ENSG00000224235.1,ENSG00000249790.2,ENSG00000136929.12,ENSG00000226987.1,,,,,,,
ENSG00000254157.1,ENSG00000145649.7,ENSG00000231824.3,ENSG00000254609.1,,,,,,,
ENSG00000283586.1,ENSG00000104112.8,ENSG00000282416.1,ENSG00000267428.1,,,,,,,
ENSG00000254329.1,ENSG00000142623.9,ENSG00000102970.10,ENSG00000274355.1,,,,,,,
ENSG00000283376.1,ENSG00000213927.3,ENSG00000159182.4,ENSG00000127318.10,,,,,,,
ENSG00000277349.1,ENSG00000264384.2,ENSG00000242258.1,ENSG00000204429.4,,,,,,,
ENSG00000236170.1,ENSG00000142512.14,ENSG00000139800.8,ENSG00000225539.5,,,,,,,
ENSG00000211626.2,ENSG00000237289.9,ENSG00000111537.4,ENSG00000261317.1,,,,,,,
ENSG00000235150.1,ENSG00000004939.13,ENSG00000181333.11,ENSG00000275670.1,,,,,,,
ENSG00000253691.2,ENSG00000167916.4,ENSG00000232560.6,ENSG00000232039.2,,,,,,,
ENSG00000281550.1,ENSG00000131738.10,ENSG00000110887.7,ENSG00000206833.1,,,,,,,
ENSG00000254045.1,ENSG00000099834.18,ENSG00000259674.1,ENSG00000237259.1,,,,,,,
ENSG00000211944.2,ENSG00000198944.5,ENSG00000283063.1,ENSG00000234575.1,,,,,,,
ENSG00000253240.1,ENSG00000188581.8,ENSG00000229859.9,ENSG00000275475.1,,,,,,,
ENSG00000253913.1,ENSG00000253755.1,ENSG00000204941.13,ENSG00000236823.1,,,,,,,
ENSG00000270474.2,ENSG00000130643.8,ENSG00000171564.11,ENSG00000253644.1,,,,,,,
ENSG00000263413.2,ENSG00000143167.11,ENSG00000204572.9,ENSG00000234270.1,,,,,,,
ENSG00000242753.1,ENSG00000231412.2,ENSG00000211745.3,ENSG00000187533.13,,,,,,,
ENSG00000228985.1,ENSG00000211829.9,ENSG00000203859.9,ENSG00000271150.1,,,,,,,
ENSG00000253440.1,ENSG00000244094.1,ENSG00000171557.16,ENSG00000221630.3,,,,,,,
ENSG00000224559.2,ENSG00000180549.7,ENSG00000243137.7,ENSG00000260629.1,,,,,,,
ENSG00000253467.2,ENSG00000161055.3,ENSG00000238266.1,ENSG00000200926.1,,,,,,,
ENSG00000225825.1,ENSG00000186407.6,ENSG00000186393.5,ENSG00000227108.1,,,,,,,
ENSG00000237020.1,ENSG00000109255.11,ENSG00000007171.16,ENSG00000255183.1,,,,,,,
ENSG00000243440.6,ENSG00000131737.5,ENSG00000166959.7,ENSG00000257453.1,,,,,,,
ENSG00000233656.1,ENSG00000185847.7,ENSG00000204949.8,ENSG00000277344.1,,,,,,,
ENSG00000254215.1,ENSG00000125726.10,ENSG00000149948.13,ENSG00000231503.4,,,,,,,
ENSG00000284049.1,ENSG00000185905.3,ENSG00000255916.1,ENSG00000284060.1,,,,,,,
ENSG00000273588.1,ENSG00000139626.15,ENSG00000134812.7,ENSG00000201012.1,,,,,,,
ENSG00000254009.1,ENSG00000203814.6,ENSG00000244411.3,ENSG00000215110.7,,,,,,,
ENSG00000211828.1,ENSG00000099985.3,ENSG00000196859.7,ENSG00000214782.7,,,,,,,
ENSG00000270748.1,ENSG00000186652.9,ENSG00000184530.8,ENSG00000284272.1,,,,,,,
ENSG00000267686.1,ENSG00000005381.7,ENSG00000162398.11,ENSG00000225723.1,,,,,,,
ENSG00000253458.1,ENSG00000172232.9,ENSG00000153266.12,ENSG00000239989.1,,,,,,,
ENSG00000253592.1,ENSG00000113722.16,ENSG00000016082.14,,,,,,,,
,ENSG00000258444.1,ENSG00000147160.9,,,,,,,,
,ENSG00000240871.5,ENSG00000136535.14,,,,,,,,
,ENSG00000240386.3,ENSG00000177234.7,,,,,,,,
,ENSG00000135902.9,ENSG00000182816.8,,,,,,,,
,ENSG00000122180.4,ENSG00000278745.1,,,,,,,,
,ENSG00000231475.3,ENSG00000134551.12,,,,,,,,
,ENSG00000005961.17,ENSG00000275791.1,,,,,,,,
,ENSG00000170162.13,ENSG00000211804.3,,,,,,,,
,ENSG00000099812.8,ENSG00000281181.1,,,,,,,,
,ENSG00000103089.8,ENSG00000171360.3,,,,,,,,
,ENSG00000122585.7,ENSG00000226496.2,,,,,,,,
,ENSG00000166126.10,ENSG00000105675.8,,,,,,,,
,ENSG00000226979.8,ENSG00000135346.8,,,,,,,,
,ENSG00000071203.9,ENSG00000186710.11,,,,,,,,
,ENSG00000197079.8,ENSG00000211728.2,,,,,,,,
,ENSG00000229035.2,ENSG00000109511.11,,,,,,,,
,ENSG00000172322.13,ENSG00000236591.1,,,,,,,,
,ENSG00000163958.13,ENSG00000204571.6,,,,,,,,
,ENSG00000137392.9,ENSG00000211797.2,,,,,,,,
,ENSG00000101057.15,ENSG00000253649.3,,,,,,,,
,ENSG00000091704.9,ENSG00000185674.9,,,,,,,,
,ENSG00000211678.2,ENSG00000171560.14,,,,,,,,
,ENSG00000259823.5,ENSG00000211690.1,,,,,,,,
,ENSG00000184144.11,ENSG00000180861.9,,,,,,,,
,ENSG00000118160.13,ENSG00000106341.10,,,,,,,,
,ENSG00000167619.11,ENSG00000226025.9,,,,,,,,
,ENSG00000211950.2,ENSG00000222001.2,,,,,,,,
,ENSG00000100285.9,ENSG00000260903.2,,,,,,,,
,ENSG00000212722.7,ENSG00000249436.1,,,,,,,,
,ENSG00000211933.2,ENSG00000263878.1,,,,,,,,
,ENSG00000178233.17,ENSG00000280800.1,,,,,,,,
,ENSG00000137634.9,ENSG00000233306.2,,,,,,,,
,ENSG00000211664.2,ENSG00000267709.1,,,,,,,,
,ENSG00000006059.3,ENSG00000270606.1,,,,,,,,
,ENSG00000152463.14,ENSG00000198390.4,,,,,,,,
,ENSG00000126583.10,ENSG00000256193.5,,,,,,,,
,ENSG00000198758.10,ENSG00000104826.12,,,,,,,,
,ENSG00000206073.10,ENSG00000242366.3,,,,,,,,
,ENSG00000112195.8,ENSG00000186009.4,,,,,,,,
,ENSG00000210196.2,ENSG00000164451.13,,,,,,,,
,ENSG00000276231.4,ENSG00000156925.11,,,,,,,,
,ENSG00000225698.3,ENSG00000274752.1,,,,,,,,
,ENSG00000138435.15,ENSG00000282780.1,,,,,,,,
,ENSG00000259803.6,ENSG00000120659.14,,,,,,,,
,ENSG00000173467.8,ENSG00000228971.2,,,,,,,,
,ENSG00000044012.3,ENSG00000229331.1,,,,,,,,
,ENSG00000157851.16,ENSG00000175065.11,,,,,,,,
,ENSG00000135549.14,ENSG00000197476.3,,,,,,,,
,ENSG00000128564.6,ENSG00000164794.8,,,,,,,,
,ENSG00000124493.13,ENSG00000211777.2,,,,,,,,
,ENSG00000100721.10,ENSG00000165588.16,,,,,,,,
,ENSG00000175535.6,ENSG00000256553.1,,,,,,,,
,ENSG00000232216.1,ENSG00000218672.1,,,,,,,,
,ENSG00000243284.1,ENSG00000223629.1,,,,,,,,
,ENSG00000210176.1,ENSG00000100867.14,,,,,,,,
,ENSG00000169562.9,ENSG00000233123.1,,,,,,,,
,ENSG00000154451.14,ENSG00000100987.14,,,,,,,,
,ENSG00000203688.4,ENSG00000229769.2,,,,,,,,
,ENSG00000282651.2,ENSG00000258689.1,,,,,,,,
,ENSG00000249138.1,ENSG00000276405.1,,,,,,,,
,ENSG00000117090.14,ENSG00000104970.10,,,,,,,,
,ENSG00000145863.10,ENSG00000169064.12,,,,,,,,
,ENSG00000198090.3,ENSG00000148584.14,,,,,,,,
,ENSG00000127831.10,ENSG00000172410.4,,,,,,,,
,ENSG00000243264.2,ENSG00000163554.12,,,,,,,,
,ENSG00000211650.2,ENSG00000211807.3,,,,,,,,
,ENSG00000240505.8,ENSG00000236154.1,,,,,,,,
,ENSG00000243709.1,ENSG00000146678.9,,,,,,,,
,ENSG00000211685.3,ENSG00000247844.1,,,,,,,,
,ENSG00000204873.4,ENSG00000248698.5,,,,,,,,
,ENSG00000139540.11,ENSG00000130656.4,,,,,,,,
,ENSG00000112818.9,ENSG00000283559.1,,,,,,,,
,ENSG00000232810.3,ENSG00000211768.1,,,,,,,,
,ENSG00000210112.1,ENSG00000261451.1,,,,,,,,
,ENSG00000142789.19,ENSG00000171864.4,,,,,,,,
,ENSG00000161992.5,ENSG00000253361.1,,,,,,,,
,ENSG00000234389.1,ENSG00000115488.3,,,,,,,,
,ENSG00000196866.2,ENSG00000263698.1,,,,,,,,
,ENSG00000118271.9,ENSG00000243953.1,,,,,,,,
,ENSG00000183640.5,ENSG00000029559.6,,,,,,,,
,ENSG00000136573.12,ENSG00000211696.2,,,,,,,,
,ENSG00000165828.14,ENSG00000182747.4,,,,,,,,
,ENSG00000213417.3,ENSG00000268089.2,,,,,,,,
,ENSG00000153898.12,ENSG00000156282.4,,,,,,,,
,ENSG00000182271.12,ENSG00000163206.5,,,,,,,,
,ENSG00000282639.1,ENSG00000166926.8,,,,,,,,
,ENSG00000274576.2,ENSG00000203784.2,,,,,,,,
,ENSG00000104951.15,ENSG00000261272.1,,,,,,,,
,ENSG00000148826.8,ENSG00000116882.14,,,,,,,,
,ENSG00000165556.9,ENSG00000170367.4,,,,,,,,
,ENSG00000162078.11,ENSG00000225690.1,,,,,,,,
,ENSG00000204880.7,ENSG00000280936.1,,,,,,,,
,ENSG00000048462.10,ENSG00000229183.8,,,,,,,,
,ENSG00000180745.4,ENSG00000211784.2,,,,,,,,
,ENSG00000214518.3,ENSG00000222032.1,,,,,,,,
,ENSG00000242808.7,ENSG00000251144.1,,,,,,,,
,ENSG00000169704.4,ENSG00000134200.3,,,,,,,,
,ENSG00000213416.3,ENSG00000236453.5,,,,,,,,
,ENSG00000253522.5,ENSG00000170373.8,,,,,,,,
,ENSG00000241595.2,ENSG00000211805.1,,,,,,,,
,ENSG00000244537.2,ENSG00000165066.12,,,,,,,,
,ENSG00000198083.9,ENSG00000211847.1,,,,,,,,
,ENSG00000095110.7,ENSG00000159217.9,,,,,,,,
,ENSG00000212657.1,ENSG00000135477.11,,,,,,,,
,ENSG00000212935.1,ENSG00000126337.13,,,,,,,,
,ENSG00000171396.11,ENSG00000177938.4,,,,,,,,
,ENSG00000187054.15,ENSG00000280322.1,,,,,,,,
,ENSG00000168928.12,ENSG00000211713.3,,,,,,,,
,ENSG00000117322.17,ENSG00000166917.10,,,,,,,,
,ENSG00000011590.13,ENSG00000183631.4,,,,,,,,
,ENSG00000168925.10,ENSG00000258915.1,,,,,,,,
,ENSG00000198443.6,ENSG00000211883.1,,,,,,,,
,ENSG00000197683.4,ENSG00000259255.1,,,,,,,,
,ENSG00000152214.12,ENSG00000227243.3,,,,,,,,
,ENSG00000228408.6,ENSG00000279042.1,,,,,,,,
,ENSG00000234965.2,ENSG00000270864.1,,,,,,,,
,ENSG00000186860.4,ENSG00000187166.1,,,,,,,,
,ENSG00000204616.10,ENSG00000226939.1,,,,,,,,
,ENSG00000196156.4,ENSG00000253973.2,,,,,,,,
,ENSG00000153002.11,ENSG00000225413.2,,,,,,,,
,ENSG00000114455.13,ENSG00000275158.1,,,,,,,,
,ENSG00000221864.4,ENSG00000174325.4,,,,,,,,
,ENSG00000158874.11,ENSG00000109208.4,,,,,,,,
,ENSG00000205116.3,ENSG00000280776.1,,,,,,,,
,ENSG00000142408.4,ENSG00000249309.1,,,,,,,,
,ENSG00000169605.5,ENSG00000073754.5,,,,,,,,
,ENSG00000101076.16,ENSG00000255440.1,,,,,,,,
,ENSG00000135220.10,ENSG00000104760.16,,,,,,,,
,ENSG00000170890.13,ENSG00000239739.1,,,,,,,,
,ENSG00000196092.12,ENSG00000253122.1,,,,,,,,
,ENSG00000241123.1,ENSG00000259268.1,,,,,,,,
,ENSG00000205277.9,ENSG00000211880.1,,,,,,,,
,ENSG00000187175.5,ENSG00000205864.1,,,,,,,,
,ENSG00000181617.5,ENSG00000215475.4,,,,,,,,
,ENSG00000175329.12,ENSG00000257582.5,,,,,,,,
,ENSG00000129159.7,ENSG00000265929.1,,,,,,,,
,ENSG00000122711.8,ENSG00000183822.3,,,,,,,,
,ENSG00000139767.8,ENSG00000257732.1,,,,,,,,
,ENSG00000212725.3,ENSG00000258342.1,,,,,,,,
,ENSG00000172061.8,ENSG00000257940.1,,,,,,,,
,ENSG00000171195.10,ENSG00000125861.14,,,,,,,,
,ENSG00000211968.3,ENSG00000136487.17,,,,,,,,
,ENSG00000163515.6,ENSG00000243479.3,,,,,,,,
,ENSG00000241244.1,ENSG00000203942.4,,,,,,,,
,ENSG00000212724.3,ENSG00000253269.1,,,,,,,,
,ENSG00000205869.2,ENSG00000047936.10,,,,,,,,
,ENSG00000110245.11,ENSG00000120903.12,,,,,,,,
,ENSG00000272804.3,ENSG00000253936.1,,,,,,,,
,ENSG00000074276.10,ENSG00000132703.3,,,,,,,,
,ENSG00000274749.1,ENSG00000214049.6,,,,,,,,
,ENSG00000274993.1,ENSG00000182035.11,,,,,,,,
,ENSG00000158865.12,ENSG00000211815.3,,,,,,,,
,ENSG00000123364.4,ENSG00000236780.5,,,,,,,,
,ENSG00000130812.10,ENSG00000228376.3,,,,,,,,
,ENSG00000111732.10,ENSG00000261834.2,,,,,,,,
,ENSG00000158516.11,ENSG00000215182.8,,,,,,,,
,ENSG00000224220.1,ENSG00000258179.1,,,,,,,,
,ENSG00000250562.1,ENSG00000211879.1,,,,,,,,
,ENSG00000168843.13,ENSG00000124391.4,,,,,,,,
,ENSG00000205445.3,ENSG00000254166.1,,,,,,,,
,ENSG00000164600.6,ENSG00000261583.1,,,,,,,,
,ENSG00000186977.2,ENSG00000237520.1,,,,,,,,
,ENSG00000186265.9,ENSG00000253291.1,,,,,,,,
,ENSG00000179902.12,ENSG00000253288.1,,,,,,,,
,ENSG00000198271.4,ENSG00000224885.1,,,,,,,,
,ENSG00000196132.11,ENSG00000105679.8,,,,,,,,
,ENSG00000115008.5,ENSG00000254187.1,,,,,,,,
,ENSG00000221837.5,ENSG00000264443.1,,,,,,,,
,ENSG00000281383.1,ENSG00000272274.1,,,,,,,,
,ENSG00000143032.7,ENSG00000230098.1,,,,,,,,
,ENSG00000224137.1,ENSG00000143839.14,,,,,,,,
,ENSG00000180386.7,ENSG00000250411.1,,,,,,,,
,ENSG00000189169.7,ENSG00000211886.1,,,,,,,,
,ENSG00000243489.4,ENSG00000205632.3,,,,,,,,
,ENSG00000221859.2,ENSG00000279427.1,,,,,,,,
,ENSG00000215455.4,ENSG00000250748.6,,,,,,,,
,ENSG00000103310.10,ENSG00000250431.1,,,,,,,,
,ENSG00000172238.4,ENSG00000249866.1,,,,,,,,
,ENSG00000219073.7,ENSG00000251624.1,,,,,,,,
,ENSG00000250579.1,ENSG00000256590.2,,,,,,,,
,ENSG00000184434.7,ENSG00000230519.2,,,,,,,,
,ENSG00000164778.4,ENSG00000113302.4,,,,,,,,
,ENSG00000187766.1,ENSG00000155087.3,,,,,,,,
,ENSG00000271569.1,ENSG00000146276.11,,,,,,,,
,ENSG00000160401.14,ENSG00000251573.2,,,,,,,,
,ENSG00000196620.9,ENSG00000284486.1,,,,,,,,
,ENSG00000212721.3,ENSG00000211855.1,,,,,,,,
,ENSG00000184293.7,ENSG00000254403.1,,,,,,,,
,ENSG00000215454.6,ENSG00000131885.16,,,,,,,,
,ENSG00000169427.6,ENSG00000205274.3,,,,,,,,
,ENSG00000184351.7,ENSG00000249509.1,,,,,,,,
,ENSG00000150637.8,ENSG00000108849.7,,,,,,,,
,ENSG00000196224.7,ENSG00000232503.1,,,,,,,,
,ENSG00000170893.3,ENSG00000283462.1,,,,,,,,
,ENSG00000179751.6,ENSG00000283235.1,,,,,,,,
,ENSG00000146039.10,ENSG00000185823.3,,,,,,,,
,ENSG00000205439.10,ENSG00000248596.7,,,,,,,,
,ENSG00000260769.1,ENSG00000134216.18,,,,,,,,
,ENSG00000187272.6,ENSG00000237838.1,,,,,,,,
,ENSG00000188694.5,ENSG00000184611.11,,,,,,,,
,ENSG00000211924.1,ENSG00000236668.2,,,,,,,,
,ENSG00000125492.9,ENSG00000241345.1,,,,,,,,
,ENSG00000273706.4,ENSG00000232254.1,,,,,,,,
,ENSG00000244122.2,ENSG00000187997.11,,,,,,,,
,ENSG00000126545.13,ENSG00000283686.2,,,,,,,,
,ENSG00000167117.8,ENSG00000211850.1,,,,,,,,
,ENSG00000175311.6,ENSG00000231976.8,,,,,,,,
,ENSG00000142615.7,ENSG00000228075.4,,,,,,,,
,ENSG00000279419.1,ENSG00000235024.1,,,,,,,,
,ENSG00000253239.1,ENSG00000205663.5,,,,,,,,
,ENSG00000277268.1,ENSG00000277223.1,,,,,,,,
,ENSG00000007372.21,ENSG00000198570.5,,,,,,,,
,ENSG00000272763.1,ENSG00000224203.2,,,,,,,,
,ENSG00000241657.1,ENSG00000081138.13,,,,,,,,
,ENSG00000173237.4,ENSG00000232613.6,,,,,,,,
,ENSG00000114248.9,ENSG00000175077.5,,,,,,,,
,ENSG00000242766.1,ENSG00000201558.1,,,,,,,,
,ENSG00000091583.10,ENSG00000266489.1,,,,,,,,
,ENSG00000164438.5,ENSG00000244040.5,,,,,,,,
,ENSG00000278041.1,ENSG00000147432.6,,,,,,,,
,ENSG00000178171.10,ENSG00000207923.1,,,,,,,,
,ENSG00000211978.2,ENSG00000231873.1,,,,,,,,
,ENSG00000164853.8,ENSG00000223617.1,,,,,,,,
,ENSG00000139780.7,ENSG00000187821.8,,,,,,,,
,ENSG00000142484.6,ENSG00000273011.1,,,,,,,,
,ENSG00000266200.6,ENSG00000169676.5,,,,,,,,
,ENSG00000241598.5,ENSG00000175868.13,,,,,,,,
,ENSG00000259839.1,ENSG00000231754.2,,,,,,,,
,ENSG00000205057.4,ENSG00000236064.1,,,,,,,,
,ENSG00000185940.10,ENSG00000236961.1,,,,,,,,
,ENSG00000214822.8,ENSG00000214894.6,,,,,,,,
,ENSG00000265933.5,ENSG00000130377.13,,,,,,,,
,ENSG00000115263.14,ENSG00000187510.8,,,,,,,,
,ENSG00000162438.11,ENSG00000111305.18,,,,,,,,
,ENSG00000077327.15,ENSG00000211859.1,,,,,,,,
,ENSG00000212659.1,ENSG00000277918.1,,,,,,,,
,ENSG00000259974.2,ENSG00000185594.4,,,,,,,,
,ENSG00000185433.8,ENSG00000226762.1,,,,,,,,
,ENSG00000214856.11,ENSG00000234186.2,,,,,,,,
,ENSG00000243766.7,ENSG00000267193.5,,,,,,,,
,ENSG00000243480.7,ENSG00000248874.5,,,,,,,,
,ENSG00000234184.5,ENSG00000169067.3,,,,,,,,
,ENSG00000163121.9,ENSG00000248371.5,,,,,,,,
,ENSG00000188155.11,ENSG00000284309.1,,,,,,,,
,ENSG00000164458.9,ENSG00000261978.1,,,,,,,,
,ENSG00000231533.1,ENSG00000147081.14,,,,,,,,
,ENSG00000256643.1,ENSG00000198178.10,,,,,,,,
,ENSG00000186895.2,ENSG00000239922.1,,,,,,,,
,ENSG00000263680.2,ENSG00000196228.3,,,,,,,,
,ENSG00000258752.1,ENSG00000283597.2,,,,,,,,
,ENSG00000240338.5,ENSG00000240476.1,,,,,,,,
,ENSG00000146910.12,ENSG00000224269.1,,,,,,,,
,ENSG00000239886.5,ENSG00000211856.1,,,,,,,,
,ENSG00000161609.9,ENSG00000158497.3,,,,,,,,
,ENSG00000279249.1,ENSG00000251393.3,,,,,,,,
,ENSG00000101958.13,ENSG00000277740.1,,,,,,,,
,ENSG00000189325.6,ENSG00000204091.7,,,,,,,,
,ENSG00000164816.7,ENSG00000211849.1,,,,,,,,
,ENSG00000251002.7,ENSG00000152595.16,,,,,,,,
,ENSG00000250850.2,ENSG00000144407.9,,,,,,,,
,ENSG00000133665.12,ENSG00000279952.1,,,,,,,,
,ENSG00000119283.15,ENSG00000222398.1,,,,,,,,
,ENSG00000134258.16,ENSG00000237320.2,,,,,,,,
,ENSG00000163295.4,ENSG00000248329.5,,,,,,,,
,ENSG00000138079.13,ENSG00000226992.1,,,,,,,,
,ENSG00000006659.12,ENSG00000004809.13,,,,,,,,
,ENSG00000235013.1,ENSG00000124232.10,,,,,,,,
,ENSG00000012504.13,ENSG00000169340.9,,,,,,,,
,ENSG00000249948.6,ENSG00000128322.6,,,,,,,,
,ENSG00000157856.10,ENSG00000142700.11,,,,,,,,
,ENSG00000153789.12,ENSG00000238366.1,,,,,,,,
,ENSG00000254645.1,ENSG00000211720.3,,,,,,,,
,ENSG00000188848.15,ENSG00000161973.10,,,,,,,,
,ENSG00000167800.9,ENSG00000189275.3,,,,,,,,
,ENSG00000166596.14,ENSG00000284430.1,,,,,,,,
,ENSG00000231427.5,ENSG00000144227.4,,,,,,,,
,ENSG00000211957.2,ENSG00000250038.5,,,,,,,,
,ENSG00000204889.10,ENSG00000276712.1,,,,,,,,
,ENSG00000212658.1,ENSG00000258343.1,,,,,,,,
,ENSG00000255375.1,ENSG00000106013.14,,,,,,,,
,ENSG00000091664.7,ENSG00000283654.1,,,,,,,,
,ENSG00000251410.1,ENSG00000175699.14,,,,,,,,
,ENSG00000253140.1,ENSG00000166948.9,,,,,,,,
,ENSG00000278263.2,ENSG00000227777.1,,,,,,,,
,ENSG00000278012.1,ENSG00000276699.1,,,,,,,,
,ENSG00000271736.1,ENSG00000165694.9,,,,,,,,
,ENSG00000188620.9,ENSG00000254300.1,,,,,,,,
,ENSG00000235366.2,ENSG00000269154.1,,,,,,,,
,ENSG00000231671.1,ENSG00000270313.1,,,,,,,,
,ENSG00000175097.7,ENSG00000254406.1,,,,,,,,
,ENSG00000243910.7,ENSG00000267607.1,,,,,,,,
,ENSG00000167858.12,ENSG00000176256.10,,,,,,,,
,ENSG00000237941.2,ENSG00000244414.6,,,,,,,,
,ENSG00000136918.7,ENSG00000235782.1,,,,,,,,
,ENSG00000244620.1,ENSG00000265380.1,,,,,,,,
,ENSG00000113905.4,ENSG00000206187.3,,,,,,,,
,ENSG00000100557.9,ENSG00000225790.1,,,,,,,,
,ENSG00000163885.11,ENSG00000254519.3,,,,,,,,
,ENSG00000103355.13,ENSG00000180251.4,,,,,,,,
,ENSG00000109684.14,ENSG00000225446.2,,,,,,,,
,ENSG00000229351.1,ENSG00000273415.1,,,,,,,,
,ENSG00000264424.1,ENSG00000265313.5,,,,,,,,
,ENSG00000151838.11,ENSG00000226087.1,,,,,,,,
,ENSG00000241224.7,ENSG00000231691.1,,,,,,,,
,ENSG00000254046.1,ENSG00000269945.1,,,,,,,,
,ENSG00000244062.1,ENSG00000188269.8,,,,,,,,
,ENSG00000271275.1,ENSG00000169575.4,,,,,,,,
,ENSG00000187021.14,ENSG00000138483.2,,,,,,,,
,ENSG00000137860.11,ENSG00000174279.4,,,,,,,,
,ENSG00000268906.1,ENSG00000160870.12,,,,,,,,
,ENSG00000248285.1,ENSG00000211907.1,,,,,,,,
,ENSG00000236848.2,ENSG00000253686.1,,,,,,,,
,ENSG00000253666.1,ENSG00000235419.5,,,,,,,,
,ENSG00000183607.9,ENSG00000211836.1,,,,,,,,
,ENSG00000109424.3,ENSG00000242113.3,,,,,,,,
,ENSG00000279328.1,ENSG00000274588.1,,,,,,,,
,ENSG00000283361.1,ENSG00000199506.1,,,,,,,,
,ENSG00000258116.1,ENSG00000229563.6,,,,,,,,
,ENSG00000261325.1,ENSG00000262519.1,,,,,,,,
,ENSG00000205696.4,ENSG00000187003.6,,,,,,,,
,ENSG00000183644.13,ENSG00000228626.1,,,,,,,,
,ENSG00000186458.4,ENSG00000279300.1,,,,,,,,
,ENSG00000274118.1,ENSG00000211872.1,,,,,,,,
,ENSG00000226779.1,ENSG00000198033.11,,,,,,,,
,ENSG00000251372.5,ENSG00000234692.1,,,,,,,,
,ENSG00000169876.13,ENSG00000197322.3,,,,,,,,
,ENSG00000227368.1,ENSG00000262874.1,,,,,,,,
,ENSG00000234377.7,ENSG00000267857.2,,,,,,,,
,ENSG00000283554.1,ENSG00000249493.1,,,,,,,,
,ENSG00000204614.8,ENSG00000165370.1,,,,,,,,
,ENSG00000165496.4,ENSG00000254631.5,,,,,,,,
,ENSG00000131142.13,ENSG00000214282.3,,,,,,,,
,ENSG00000215704.9,ENSG00000226374.2,,,,,,,,
,ENSG00000235687.8,ENSG00000280809.2,,,,,,,,
,ENSG00000224731.1,ENSG00000231574.5,,,,,,,,
,ENSG00000254135.1,ENSG00000211863.1,,,,,,,,
,ENSG00000253132.1,ENSG00000145063.14,,,,,,,,
,ENSG00000234177.5,ENSG00000256581.1,,,,,,,,
,ENSG00000111701.6,ENSG00000211868.1,,,,,,,,
,ENSG00000226859.1,ENSG00000235180.1,,,,,,,,
,ENSG00000215397.3,ENSG00000252827.1,,,,,,,,
,ENSG00000163377.15,ENSG00000211851.1,,,,,,,,
,ENSG00000112539.14,ENSG00000238426.1,,,,,,,,
,ENSG00000254951.7,ENSG00000124196.5,,,,,,,,
,ENSG00000269998.1,ENSG00000107593.16,,,,,,,,
,ENSG00000268785.1,ENSG00000242640.1,,,,,,,,
,ENSG00000180347.13,ENSG00000253578.1,,,,,,,,
,ENSG00000280229.1,ENSG00000277572.1,,,,,,,,
,ENSG00000204711.8,ENSG00000248846.2,,,,,,,,
,ENSG00000119547.5,ENSG00000166558.10,,,,,,,,
,ENSG00000204887.4,ENSG00000207128.1,,,,,,,,
,ENSG00000261268.1,ENSG00000185686.17,,,,,,,,
,ENSG00000260704.1,ENSG00000238217.5,,,,,,,,
,ENSG00000240800.1,ENSG00000124678.17,,,,,,,,
,ENSG00000162598.13,ENSG00000130368.5,,,,,,,,
,ENSG00000238194.1,ENSG00000211848.1,,,,,,,,
,ENSG00000133115.11,ENSG00000189181.4,,,,,,,,
,ENSG00000164796.17,ENSG00000177673.3,,,,,,,,
,ENSG00000182898.3,ENSG00000228543.1,,,,,,,,
,ENSG00000225421.2,ENSG00000255866.1,,,,,,,,
,ENSG00000260440.2,ENSG00000186118.8,,,,,,,,
,ENSG00000188816.3,ENSG00000170950.5,,,,,,,,
,ENSG00000164900.4,ENSG00000140015.19,,,,,,,,
,ENSG00000275038.1,ENSG00000273677.1,,,,,,,,
,ENSG00000237638.1,ENSG00000250584.2,,,,,,,,
,ENSG00000211925.1,ENSG00000186150.4,,,,,,,,
,ENSG00000264515.5,ENSG00000211865.1,,,,,,,,
,ENSG00000239216.1,ENSG00000169717.6,,,,,,,,
,ENSG00000238724.1,ENSG00000228560.1,,,,,,,,
,ENSG00000258661.1,ENSG00000204140.9,,,,,,,,
,ENSG00000108688.11,ENSG00000106128.18,,,,,,,,
,ENSG00000168124.2,ENSG00000253428.1,,,,,,,,
,ENSG00000197721.16,ENSG00000179580.9,,,,,,,,
,ENSG00000258088.1,ENSG00000236800.1,,,,,,,,
,ENSG00000264659.1,ENSG00000230628.1,,,,,,,,
,ENSG00000225877.1,ENSG00000223657.2,,,,,,,,
,ENSG00000227196.1,ENSG00000175520.8,,,,,,,,
,ENSG00000004846.16,ENSG00000276520.1,,,,,,,,
,ENSG00000258077.2,ENSG00000277945.1,,,,,,,,
,ENSG00000171595.13,ENSG00000271216.1,,,,,,,,
,ENSG00000254081.1,ENSG00000106648.13,,,,,,,,
,ENSG00000077279.18,ENSG00000258713.2,,,,,,,,
,ENSG00000255921.1,ENSG00000279676.1,,,,,,,,
,ENSG00000165309.13,ENSG00000263724.1,,,,,,,,
,ENSG00000248184.1,ENSG00000223715.1,,,,,,,,
,ENSG00000187242.4,ENSG00000264617.1,,,,,,,,
,ENSG00000251299.1,ENSG00000124449.6,,,,,,,,
,ENSG00000082556.10,ENSG00000145309.5,,,,,,,,
,ENSG00000264755.1,ENSG00000168676.10,,,,,,,,
,ENSG00000236719.2,ENSG00000205025.8,,,,,,,,
,ENSG00000167011.8,ENSG00000258859.1,,,,,,,,
,ENSG00000170819.4,ENSG00000239265.5,,,,,,,,
,ENSG00000223548.1,ENSG00000237720.1,,,,,,,,
,ENSG00000164690.7,ENSG00000197674.5,,,,,,,,
,ENSG00000186191.7,ENSG00000256843.1,,,,,,,,
,ENSG00000188379.6,ENSG00000166118.7,,,,,,,,
,ENSG00000253766.1,ENSG00000080618.13,,,,,,,,
,ENSG00000228951.1,ENSG00000168454.11,,,,,,,,
,ENSG00000187170.4,ENSG00000259450.1,,,,,,,,
,ENSG00000239205.1,ENSG00000223056.1,,,,,,,,
,ENSG00000188403.7,ENSG00000184560.7,,,,,,,,
,ENSG00000199899.2,ENSG00000243969.1,,,,,,,,
,ENSG00000184724.5,ENSG00000262921.1,,,,,,,,
,ENSG00000280002.1,ENSG00000250103.2,,,,,,,,
,ENSG00000279811.1,ENSG00000235615.2,,,,,,,,
,ENSG00000268883.2,ENSG00000186143.10,,,,,,,,
,ENSG00000273044.1,ENSG00000064835.10,,,,,,,,
,ENSG00000233384.2,ENSG00000231056.1,,,,,,,,
,ENSG00000179934.6,ENSG00000236242.1,,,,,,,,
,ENSG00000254290.1,ENSG00000183090.5,,,,,,,,
,ENSG00000258616.5,ENSG00000121270.15,,,,,,,,
,ENSG00000234537.1,ENSG00000253888.1,,,,,,,,
,ENSG00000242444.3,ENSG00000151577.12,,,,,,,,
,ENSG00000256249.1,ENSG00000271615.1,,,,,,,,
,ENSG00000187905.10,ENSG00000166220.12,,,,,,,,
,ENSG00000263935.1,ENSG00000249381.1,,,,,,,,
,ENSG00000225329.3,ENSG00000217825.2,,,,,,,,
,ENSG00000227012.2,ENSG00000181323.7,,,,,,,,
,ENSG00000230107.1,ENSG00000163440.11,,,,,,,,
,ENSG00000275286.1,ENSG00000203858.3,,,,,,,,
,ENSG00000168658.18,ENSG00000181786.4,,,,,,,,
,ENSG00000233922.2,ENSG00000105428.5,,,,,,,,
,ENSG00000181378.13,ENSG00000148156.7,,,,,,,,
,ENSG00000230286.1,ENSG00000250064.1,,,,,,,,
,ENSG00000229526.2,ENSG00000230153.5,,,,,,,,
,ENSG00000171540.7,ENSG00000203897.3,,,,,,,,
,ENSG00000183476.12,ENSG00000100665.11,,,,,,,,
,ENSG00000284543.1,ENSG00000250719.1,,,,,,,,
,ENSG00000145451.12,ENSG00000255282.6,,,,,,,,
,ENSG00000240457.3,ENSG00000178257.3,,,,,,,,
,ENSG00000223392.1,ENSG00000261538.1,,,,,,,,
,ENSG00000279904.1,ENSG00000141371.12,,,,,,,,
,ENSG00000166509.10,ENSG00000139515.5,,,,,,,,
,ENSG00000223914.1,ENSG00000227234.1,,,,,,,,
,ENSG00000183914.14,ENSG00000263427.1,,,,,,,,
,ENSG00000124237.5,ENSG00000188800.5,,,,,,,,
,ENSG00000265126.1,ENSG00000106328.9,,,,,,,,
,ENSG00000104938.16,ENSG00000196553.14,,,,,,,,
,ENSG00000116745.6,ENSG00000172073.3,,,,,,,,
,ENSG00000281160.1,ENSG00000235984.5,,,,,,,,
,ENSG00000249106.1,ENSG00000102055.6,,,,,,,,
,ENSG00000256237.1,ENSG00000260402.1,,,,,,,,
,ENSG00000230709.1,ENSG00000248918.2,,,,,,,,
,ENSG00000248693.1,ENSG00000149452.15,,,,,,,,
,ENSG00000279942.1,ENSG00000276778.1,,,,,,,,
,ENSG00000219986.2,ENSG00000073598.5,,,,,,,,
,ENSG00000227619.1,ENSG00000135248.15,,,,,,,,
,ENSG00000260412.1,ENSG00000180483.6,,,,,,,,
,ENSG00000105549.10,ENSG00000207782.3,,,,,,,,
,ENSG00000223931.2,ENSG00000237642.1,,,,,,,,
,ENSG00000230313.1,ENSG00000123171.6,,,,,,,,
,ENSG00000269752.1,ENSG00000235601.1,,,,,,,,
,ENSG00000206702.1,ENSG00000264564.1,,,,,,,,
,ENSG00000235523.1,ENSG00000166670.9,,,,,,,,
,ENSG00000259957.2,ENSG00000174015.9,,,,,,,,
,ENSG00000183921.7,ENSG00000255042.3,,,,,,,,
,ENSG00000260701.1,ENSG00000227895.5,,,,,,,,
,ENSG00000258177.1,ENSG00000252236.1,,,,,,,,
,ENSG00000176601.12,ENSG00000141200.7,,,,,,,,
,ENSG00000249621.1,ENSG00000201945.1,,,,,,,,
,ENSG00000278960.1,ENSG00000239508.1,,,,,,,,
,ENSG00000171956.6,ENSG00000135226.17,,,,,,,,
,ENSG00000234756.1,ENSG00000253732.1,,,,,,,,
,ENSG00000130167.13,ENSG00000175877.3,,,,,,,,
,ENSG00000257512.1,ENSG00000157060.15,,,,,,,,
,ENSG00000281655.1,ENSG00000253715.1,,,,,,,,
,ENSG00000182329.12,ENSG00000261429.2,,,,,,,,
,ENSG00000153093.18,ENSG00000177143.4,,,,,,,,
,ENSG00000106436.4,ENSG00000131808.10,,,,,,,,
,ENSG00000260973.1,ENSG00000173389.15,,,,,,,,
,ENSG00000261543.1,ENSG00000259284.1,,,,,,,,
,ENSG00000178125.14,ENSG00000113600.10,,,,,,,,
,ENSG00000213759.9,ENSG00000228707.1,,,,,,,,
,ENSG00000162594.15,ENSG00000231924.9,,,,,,,,
,ENSG00000177699.4,ENSG00000184345.4,,,,,,,,
,ENSG00000159261.10,ENSG00000269927.1,,,,,,,,
,ENSG00000275898.1,ENSG00000233290.1,,,,,,,,
,ENSG00000187658.6,ENSG00000261239.6,,,,,,,,
,ENSG00000237579.2,ENSG00000109181.11,,,,,,,,
,ENSG00000188729.6,ENSG00000273111.5,,,,,,,,
,ENSG00000228432.1,ENSG00000141316.12,,,,,,,,
,ENSG00000257139.1,ENSG00000271287.1,,,,,,,,
,ENSG00000278023.5,ENSG00000112273.6,,,,,,,,
,ENSG00000229155.1,ENSG00000204019.4,,,,,,,,
,ENSG00000279737.1,ENSG00000251621.1,,,,,,,,
,ENSG00000230830.1,ENSG00000211839.1,,,,,,,,
,ENSG00000236481.1,ENSG00000249833.5,,,,,,,,
,ENSG00000096264.13,ENSG00000177558.3,,,,,,,,
,ENSG00000229028.2,ENSG00000225173.1,,,,,,,,
,ENSG00000270403.1,ENSG00000180424.6,,,,,,,,
,ENSG00000238276.5,ENSG00000163424.8,,,,,,,,
,ENSG00000218536.1,ENSG00000205360.6,,,,,,,,
,ENSG00000231195.1,ENSG00000284229.1,,,,,,,,
,ENSG00000143552.9,ENSG00000153498.11,,,,,,,,
,ENSG00000170369.3,ENSG00000102239.4,,,,,,,,
,ENSG00000157330.9,ENSG00000157093.8,,,,,,,,
,ENSG00000254364.1,ENSG00000039600.10,,,,,,,,
,ENSG00000186471.12,ENSG00000205667.2,,,,,,,,
,ENSG00000268804.1,ENSG00000205867.3,,,,,,,,
,ENSG00000279774.1,ENSG00000253822.1,,,,,,,,
,ENSG00000229255.1,ENSG00000266976.1,,,,,,,,
,ENSG00000278367.1,ENSG00000173699.15,,,,,,,,
,ENSG00000137473.17,ENSG00000283567.1,,,,,,,,
,ENSG00000250284.1,ENSG00000260268.5,,,,,,,,
,ENSG00000140481.14,ENSG00000164113.10,,,,,,,,
,ENSG00000275801.1,ENSG00000224792.6,,,,,,,,
,ENSG00000234956.5,ENSG00000185264.11,,,,,,,,
,ENSG00000215834.9,ENSG00000224061.1,,,,,,,,
,ENSG00000275064.1,ENSG00000166152.3,,,,,,,,
,ENSG00000232241.1,ENSG00000125888.14,,,,,,,,
,ENSG00000242671.1,ENSG00000188668.4,,,,,,,,
,ENSG00000071677.1,ENSG00000227868.5,,,,,,,,
,ENSG00000254100.1,ENSG00000259281.1,,,,,,,,
,ENSG00000276707.1,ENSG00000196475.5,,,,,,,,
,ENSG00000250137.1,ENSG00000255649.1,,,,,,,,
,ENSG00000232806.1,ENSG00000137948.18,,,,,,,,
,ENSG00000250105.1,ENSG00000189252.4,,,,,,,,
,ENSG00000241131.1,ENSG00000168367.9,,,,,,,,
,ENSG00000251292.1,ENSG00000269058.5,,,,,,,,
,ENSG00000229900.1,ENSG00000179407.3,,,,,,,,
,ENSG00000234595.1,ENSG00000211827.1,,,,,,,,
,ENSG00000238062.5,ENSG00000220326.2,,,,,,,,
,ENSG00000250385.1,ENSG00000187516.6,,,,,,,,
,ENSG00000198491.3,ENSG00000132631.5,,,,,,,,
,ENSG00000124334.17,ENSG00000152670.18,,,,,,,,
,ENSG00000262521.1,ENSG00000157131.10,,,,,,,,
,ENSG00000184032.2,ENSG00000164299.6,,,,,,,,
,ENSG00000204518.2,ENSG00000283439.1,,,,,,,,
,ENSG00000279281.1,ENSG00000228740.2,,,,,,,,
,ENSG00000174453.9,ENSG00000215131.10,,,,,,,,
,ENSG00000206791.1,ENSG00000170777.10,,,,,,,,
,ENSG00000258548.5,ENSG00000181995.11,,,,,,,,
,ENSG00000260386.6,ENSG00000253798.2,,,,,,,,
,ENSG00000243066.3,ENSG00000151033.8,,,,,,,,
,ENSG00000142224.15,ENSG00000205396.11,,,,,,,,
,ENSG00000253241.1,ENSG00000143006.7,,,,,,,,
,ENSG00000249334.1,ENSG00000269332.5,,,,,,,,
,ENSG00000236785.1,ENSG00000182814.7,,,,,,,,
,ENSG00000154611.14,ENSG00000131059.11,,,,,,,,
,ENSG00000233186.2,ENSG00000259108.2,,,,,,,,
,ENSG00000271660.1,ENSG00000166930.6,,,,,,,,
,ENSG00000222371.1,ENSG00000170788.13,,,,,,,,
,ENSG00000279082.3,ENSG00000154007.6,,,,,,,,
,ENSG00000237612.1,ENSG00000173464.14,,,,,,,,
,ENSG00000252103.1,ENSG00000183035.12,,,,,,,,
,ENSG00000080572.12,ENSG00000226387.2,,,,,,,,
,ENSG00000259078.2,ENSG00000105954.2,,,,,,,,
,ENSG00000253227.1,ENSG00000163114.5,,,,,,,,
,ENSG00000197549.9,ENSG00000274391.4,,,,,,,,
,ENSG00000279593.1,ENSG00000178395.6,,,,,,,,
,ENSG00000264781.1,ENSG00000118434.8,,,,,,,,
,ENSG00000259237.1,ENSG00000282906.1,,,,,,,,
,ENSG00000202357.1,ENSG00000163705.12,,,,,,,,
,ENSG00000262983.1,ENSG00000155833.14,,,,,,,,
,ENSG00000281721.1,ENSG00000196634.3,,,,,,,,
,ENSG00000257302.1,ENSG00000170613.4,,,,,,,,
,ENSG00000225885.6,ENSG00000101981.10,,,,,,,,
,ENSG00000253386.1,ENSG00000180219.1,,,,,,,,
,ENSG00000279387.1,ENSG00000203335.4,,,,,,,,
,ENSG00000280109.1,ENSG00000277852.1,,,,,,,,
,ENSG00000212933.1,ENSG00000183559.11,,,,,,,,
,ENSG00000199080.1,ENSG00000182531.7,,,,,,,,
,ENSG00000257345.2,ENSG00000042813.7,,,,,,,,
,ENSG00000167634.12,ENSG00000197651.4,,,,,,,,
,ENSG00000185294.6,ENSG00000101435.4,,,,,,,,
,ENSG00000158816.15,ENSG00000189139.5,,,,,,,,
,ENSG00000272259.5,ENSG00000167104.11,,,,,,,,
,ENSG00000243620.1,ENSG00000228504.1,,,,,,,,
,ENSG00000232505.2,ENSG00000107187.15,,,,,,,,
,ENSG00000227907.1,ENSG00000165805.9,,,,,,,,
,ENSG00000201363.2,ENSG00000229972.7,,,,,,,,
,ENSG00000279104.1,ENSG00000144962.6,,,,,,,,
,ENSG00000188784.4,ENSG00000166069.13,,,,,,,,
,ENSG00000254869.1,ENSG00000236445.4,,,,,,,,
,ENSG00000226806.1,ENSG00000271201.1,,,,,,,,
,ENSG00000259278.1,ENSG00000167139.8,,,,,,,,
,ENSG00000249481.6,ENSG00000181867.2,,,,,,,,
,ENSG00000231589.1,ENSG00000188386.6,,,,,,,,
,ENSG00000283202.1,ENSG00000215296.10,,,,,,,,
,ENSG00000233215.5,ENSG00000174450.11,,,,,,,,
,ENSG00000230023.2,ENSG00000237675.5,,,,,,,,
,ENSG00000278097.1,ENSG00000204296.11,,,,,,,,
,ENSG00000224717.1,ENSG00000230015.3,,,,,,,,
,ENSG00000230033.1,ENSG00000204663.9,,,,,,,,
,ENSG00000275678.1,ENSG00000264024.2,,,,,,,,
,ENSG00000220377.1,ENSG00000260857.2,,,,,,,,
,ENSG00000225438.1,ENSG00000204363.4,,,,,,,,
,ENSG00000264127.1,ENSG00000229547.4,,,,,,,,
,ENSG00000223991.1,ENSG00000249467.1,,,,,,,,
,ENSG00000283413.1,ENSG00000170516.16,,,,,,,,
,ENSG00000265265.1,ENSG00000275722.4,,,,,,,,
,ENSG00000232698.1,ENSG00000237862.1,,,,,,,,
,ENSG00000281880.1,ENSG00000231163.5,,,,,,,,
,ENSG00000233725.7,ENSG00000237524.8,,,,,,,,
,ENSG00000236544.1,ENSG00000123307.3,,,,,,,,
,ENSG00000132855.4,ENSG00000008197.4,,,,,,,,
,ENSG00000226434.1,ENSG00000228636.1,,,,,,,,
,ENSG00000259441.2,ENSG00000228309.6,,,,,,,,
,ENSG00000227088.1,ENSG00000234855.1,,,,,,,,
,ENSG00000226233.1,ENSG00000205976.4,,,,,,,,
,ENSG00000226089.2,ENSG00000224515.1,,,,,,,,
,ENSG00000244273.1,ENSG00000239877.2,,,,,,,,
,ENSG00000231405.1,ENSG00000276210.2,,,,,,,,
,ENSG00000253495.1,ENSG00000147381.11,,,,,,,,
,ENSG00000187900.4,ENSG00000258874.1,,,,,,,,
,ENSG00000224521.1,ENSG00000230361.1,,,,,,,,
,ENSG00000179826.6,ENSG00000234296.1,,,,,,,,
,ENSG00000187026.2,ENSG00000104755.14,,,,,,,,
,ENSG00000252623.1,ENSG00000253470.1,,,,,,,,
,ENSG00000162771.7,ENSG00000125815.8,,,,,,,,
,ENSG00000075891.21,ENSG00000254823.1,,,,,,,,
,ENSG00000237629.1,ENSG00000269761.1,,,,,,,,
,ENSG00000187689.9,ENSG00000229315.6,,,,,,,,
,ENSG00000233755.1,ENSG00000225626.2,,,,,,,,
,ENSG00000274172.1,ENSG00000237282.3,,,,,,,,
,ENSG00000211877.1,ENSG00000187969.5,,,,,,,,
,ENSG00000236382.1,ENSG00000266495.1,,,,,,,,
,ENSG00000257826.1,ENSG00000196406.4,,,,,,,,
,ENSG00000271850.1,ENSG00000261260.1,,,,,,,,
,ENSG00000174844.14,ENSG00000237401.6,,,,,,,,
,ENSG00000185372.2,ENSG00000274052.1,,,,,,,,
,ENSG00000230062.5,ENSG00000279571.3,,,,,,,,
,ENSG00000258552.1,ENSG00000234265.1,,,,,,,,
,ENSG00000230969.2,ENSG00000283434.1,,,,,,,,
,ENSG00000274937.1,ENSG00000167098.11,,,,,,,,
,ENSG00000240542.4,ENSG00000257784.1,,,,,,,,
,ENSG00000254177.1,ENSG00000120563.8,,,,,,,,
,ENSG00000211641.3,ENSG00000227043.1,,,,,,,,
,ENSG00000199879.1,ENSG00000258232.2,,,,,,,,
,ENSG00000253839.1,ENSG00000223631.1,,,,,,,,
,ENSG00000139219.17,ENSG00000261275.1,,,,,,,,
,ENSG00000167798.17,ENSG00000232113.2,,,,,,,,
,ENSG00000279143.1,ENSG00000221900.5,,,,,,,,
,ENSG00000223944.1,ENSG00000259082.1,,,,,,,,
,ENSG00000216560.4,ENSG00000249818.1,,,,,,,,
,ENSG00000277671.1,ENSG00000213645.2,,,,,,,,
,ENSG00000226397.8,ENSG00000223597.2,,,,,,,,
,ENSG00000263667.1,ENSG00000253314.5,,,,,,,,
,ENSG00000214614.2,ENSG00000253501.1,,,,,,,,
,ENSG00000137745.11,ENSG00000189037.7,,,,,,,,
,ENSG00000253831.1,ENSG00000259213.1,,,,,,,,
,ENSG00000269993.1,ENSG00000258368.2,,,,,,,,
,ENSG00000180178.10,ENSG00000203933.2,,,,,,,,
,ENSG00000227365.1,ENSG00000233145.1,,,,,,,,
,ENSG00000206557.5,ENSG00000223815.1,,,,,,,,
,ENSG00000224184.5,ENSG00000189326.4,,,,,,,,
,ENSG00000254240.1,ENSG00000230651.7,,,,,,,,
,ENSG00000256917.1,ENSG00000187600.12,,,,,,,,
,ENSG00000236164.1,ENSG00000197475.11,,,,,,,,
,ENSG00000165970.11,ENSG00000253643.5,,,,,,,,
,ENSG00000235710.4,ENSG00000271395.1,,,,,,,,
,ENSG00000237590.1,ENSG00000241696.1,,,,,,,,
,ENSG00000166961.14,ENSG00000136488.14,,,,,,,,
,ENSG00000166569.8,ENSG00000233193.1,,,,,,,,
,ENSG00000204876.4,ENSG00000226938.1,,,,,,,,
,ENSG00000231057.3,ENSG00000268629.6,,,,,,,,
,ENSG00000281460.1,ENSG00000261470.1,,,,,,,,
,ENSG00000227269.1,ENSG00000267252.5,,,,,,,,
,ENSG00000252312.1,ENSG00000243828.2,,,,,,,,
,ENSG00000258699.1,ENSG00000267564.1,,,,,,,,
,ENSG00000283307.1,ENSG00000261014.1,,,,,,,,
,ENSG00000225660.1,ENSG00000206941.1,,,,,,,,
,ENSG00000240524.2,ENSG00000207773.1,,,,,,,,
,ENSG00000237197.1,ENSG00000249748.1,,,,,,,,
,ENSG00000250666.1,ENSG00000274859.1,,,,,,,,
,ENSG00000223107.1,ENSG00000268036.1,,,,,,,,
,ENSG00000232634.1,ENSG00000274969.1,,,,,,,,
,ENSG00000172689.1,ENSG00000282732.1,,,,,,,,
,ENSG00000253487.1,,,,,,,,,
,ENSG00000260042.1,,,,,,,,,
,ENSG00000244362.3,,,,,,,,,
,ENSG00000256259.1,,,,,,,,,
,ENSG00000226690.7,,,,,,,,,
,ENSG00000197171.5,,,,,,,,,
,ENSG00000244624.3,,,,,,,,,
,ENSG00000171199.10,,,,,,,,,
,ENSG00000229140.8,,,,,,,,,
,ENSG00000218991.1,,,,,,,,,
,ENSG00000214819.1,,,,,,,,,
,ENSG00000249069.7,,,,,,,,,
,ENSG00000236129.1,,,,,,,,,
,ENSG00000277260.1,,,,,,,,,
,ENSG00000272559.1,,,,,,,,,
,ENSG00000236768.1,,,,,,,,,
,ENSG00000224610.1,,,,,,,,,
,ENSG00000230196.1,,,,,,,,,
,ENSG00000283948.1,,,,,,,,,
,ENSG00000201823.1,,,,,,,,,
,ENSG00000278124.1,,,,,,,,,
,ENSG00000259508.1,,,,,,,,,
,ENSG00000107447.7,,,,,,,,,
,ENSG00000264340.1,,,,,,,,,
,ENSG00000217482.2,,,,,,,,,
,ENSG00000237183.1,,,,,,,,,
,ENSG00000248903.1,,,,,,,,,
,ENSG00000231683.6,,,,,,,,,
,ENSG00000230922.1,,,,,,,,,
,ENSG00000235058.1,,,,,,,,,
,ENSG00000238032.1,,,,,,,,,
,ENSG00000112115.5,,,,,,,,,
,ENSG00000260235.1,,,,,,,,,
,ENSG00000249959.5,,,,,,,,,
,ENSG00000186967.6,,,,,,,,,
,ENSG00000252260.1,,,,,,,,,
,ENSG00000277588.1,,,,,,,,,
,ENSG00000237131.1,,,,,,,,,
,ENSG00000229639.1,,,,,,,,,
,ENSG00000279784.1,,,,,,,,,
,ENSG00000251831.1,,,,,,,,,
,ENSG00000282912.1,,,,,,,,,
,ENSG00000284575.1,,,,,,,,,
,ENSG00000271787.1,,,,,,,,,
