Topic 1,Topic 2
ENSG00000244734,ENSG00000167880
ENSG00000160213,ENSG00000198336
ENSG00000120708,ENSG00000159166
ENSG00000143546,ENSG00000105409
ENSG00000130222,ENSG00000170439
ENSG00000147454,ENSG00000165215
ENSG00000198744,ENSG00000070808
ENSG00000211594,ENSG00000174407
ENSG00000197119,ENSG00000121742
ENSG00000020129,ENSG00000181418
ENSG00000133026,ENSG00000134571
ENSG00000180353,ENSG00000130294
ENSG00000121966,ENSG00000141579
ENSG00000130755,ENSG00000163032
ENSG00000143369,ENSG00000151948
ENSG00000111245,ENSG00000237289
ENSG00000213654,ENSG00000184925
ENSG00000143119,ENSG00000134240
ENSG00000063180,ENSG00000124429
ENSG00000090382,ENSG00000089199
ENSG00000121316,ENSG00000174871
ENSG00000229344,ENSG00000188505
ENSG00000059728,ENSG00000188373
ENSG00000090104,ENSG00000054938
ENSG00000160307,ENSG00000005961
ENSG00000225972,ENSG00000088002
ENSG00000104267,ENSG00000124507
ENSG00000166825,ENSG00000136883
ENSG00000172005,ENSG00000108244
ENSG00000260549,ENSG00000197632
ENSG00000066336,ENSG00000250978
ENSG00000133048,ENSG00000092051
ENSG00000160255,ENSG00000016602
ENSG00000211595,ENSG00000172995
ENSG00000277734,ENSG00000100427
ENSG00000211593,ENSG00000043039
ENSG00000162998,ENSG00000184221
ENSG00000197971,ENSG00000157119
ENSG00000100365,ENSG00000005001
ENSG00000143320,ENSG00000205678
ENSG00000211675,ENSG00000166869
ENSG00000115271,ENSG00000188910
ENSG00000118785,ENSG00000136541
ENSG00000136999,ENSG00000124935
ENSG00000243649,ENSG00000164089
ENSG00000123975,ENSG00000189280
ENSG00000000938,ENSG00000100285
ENSG00000158825,ENSG00000148798
ENSG00000181458,ENSG00000125869
ENSG00000132965,ENSG00000178919
ENSG00000162551,ENSG00000108878
ENSG00000211772,ENSG00000133742
ENSG00000211896,ENSG00000116983
ENSG00000012779,ENSG00000234883
ENSG00000021300,ENSG00000233041
ENSG00000171345,ENSG00000149043
ENSG00000176533,ENSG00000110436
ENSG00000183036,ENSG00000094796
ENSG00000185862,ENSG00000213578
ENSG00000081041,ENSG00000113196
ENSG00000197405,ENSG00000167755
ENSG00000046653,ENSG00000163623
ENSG00000198417,ENSG00000249138
ENSG00000123560,ENSG00000134765
ENSG00000105048,ENSG00000105613
ENSG00000196735,ENSG00000187094
ENSG00000161249,ENSG00000204655
ENSG00000118849,ENSG00000105697
ENSG00000102096,ENSG00000086570
ENSG00000104894,ENSG00000096006
ENSG00000053438,ENSG00000183072
ENSG00000211679,ENSG00000132872
ENSG00000209082,ENSG00000157087
ENSG00000112214,ENSG00000152463
ENSG00000115956,ENSG00000141837
ENSG00000163661,ENSG00000100362
ENSG00000105649,ENSG00000162040
ENSG00000158050,ENSG00000152977
ENSG00000116701,ENSG00000157765
ENSG00000119535,ENSG00000185847
ENSG00000165272,ENSG00000170162
ENSG00000110876,ENSG00000169562
ENSG00000018280,ENSG00000133055
ENSG00000101336,ENSG00000171124
ENSG00000211890,ENSG00000183379
ENSG00000128656,ENSG00000134827
ENSG00000239951,ENSG00000163586
ENSG00000210144,ENSG00000272021
ENSG00000143226,ENSG00000163630
ENSG00000137462,ENSG00000091138
ENSG00000105664,ENSG00000138435
ENSG00000079435,ENSG00000167941
ENSG00000131771,ENSG00000118271
ENSG00000211893,ENSG00000243709
ENSG00000160781,ENSG00000198759
ENSG00000211899,ENSG00000181656
ENSG00000129244,ENSG00000148826
ENSG00000139970,ENSG00000171431
ENSG00000125740,ENSG00000105143
ENSG00000178531,ENSG00000060718
ENSG00000100055,ENSG00000134343
ENSG00000147394,ENSG00000197273
ENSG00000169442,ENSG00000002726
ENSG00000015285,ENSG00000221986
ENSG00000186847,ENSG00000138829
ENSG00000147168,ENSG00000143167
ENSG00000105696,ENSG00000131668
ENSG00000138207,ENSG00000174992
ENSG00000271503,ENSG00000075886
ENSG00000121552,ENSG00000163735
ENSG00000172508,ENSG00000197888
ENSG00000142347,ENSG00000142408
ENSG00000111404,ENSG00000079112
ENSG00000133169,ENSG00000016490
ENSG00000163221,ENSG00000173702
ENSG00000054690,ENSG00000205116
ENSG00000269981,ENSG00000187550
ENSG00000077943,ENSG00000113722
ENSG00000166819,ENSG00000101405
ENSG00000185482,ENSG00000165828
ENSG00000081237,ENSG00000099834
ENSG00000283992,ENSG00000163217
ENSG00000197249,ENSG00000103375
ENSG00000119927,ENSG00000196260
ENSG00000151651,ENSG00000198788
ENSG00000123329,ENSG00000118245
ENSG00000135480,ENSG00000234965
ENSG00000175206,ENSG00000139540
ENSG00000132465,ENSG00000198758
ENSG00000152154,ENSG00000140297
ENSG00000146094,ENSG00000124875
ENSG00000171617,ENSG00000281383
ENSG00000171051,ENSG00000137634
ENSG00000185133,ENSG00000127831
ENSG00000172724,ENSG00000174963
ENSG00000164879,ENSG00000139767
ENSG00000211900,ENSG00000160401
ENSG00000211666,ENSG00000156234
ENSG00000173110,ENSG00000109943
ENSG00000108405,ENSG00000279353
ENSG00000127324,ENSG00000071203
ENSG00000163563,ENSG00000007171
ENSG00000111913,ENSG00000112077
ENSG00000155850,ENSG00000244355
ENSG00000140678,ENSG00000120088
ENSG00000204482,ENSG00000044012
ENSG00000143318,ENSG00000117983
ENSG00000211644,ENSG00000235263
ENSG00000211897,ENSG00000242515
ENSG00000105374,ENSG00000180745
ENSG00000115590,ENSG00000131096
ENSG00000101447,ENSG00000165556
ENSG00000120729,ENSG00000104321
ENSG00000161896,ENSG00000115008
ENSG00000153446,ENSG00000162877
ENSG00000172399,ENSG00000166391
ENSG00000184292,ENSG00000095110
ENSG00000243466,ENSG00000112818
ENSG00000244617,ENSG00000278041
ENSG00000102109,ENSG00000182271
ENSG00000248144,ENSG00000016082
ENSG00000160883,ENSG00000204616
ENSG00000275395,ENSG00000230825
ENSG00000113739,ENSG00000188175
ENSG00000077009,ENSG00000101076
ENSG00000139899,ENSG00000170523
ENSG00000181885,ENSG00000102970
ENSG00000160593,ENSG00000281181
ENSG00000115165,ENSG00000204610
ENSG00000167851,ENSG00000175329
ENSG00000187288,ENSG00000221852
ENSG00000211598,ENSG00000187908
ENSG00000136244,ENSG00000074276
ENSG00000137285,ENSG00000163515
ENSG00000136689,ENSG00000274993
ENSG00000188404,ENSG00000114455
ENSG00000211949,ENSG00000267669
ENSG00000115705,ENSG00000236958
ENSG00000175315,ENSG00000183034
ENSG00000241351,ENSG00000205277
ENSG00000113749,ENSG00000164600
ENSG00000110934,ENSG00000253125
ENSG00000100448,ENSG00000162398
ENSG00000224958,ENSG00000135220
ENSG00000211751,ENSG00000128714
ENSG00000268903,ENSG00000279113
ENSG00000134057,ENSG00000256713
ENSG00000115523,ENSG00000122711
ENSG00000095713,ENSG00000180176
ENSG00000127585,ENSG00000019186
ENSG00000138623,ENSG00000262406
ENSG00000105290,ENSG00000172238
ENSG00000162894,ENSG00000166959
ENSG00000213760,ENSG00000212900
ENSG00000242887,ENSG00000259674
ENSG00000166426,ENSG00000131737
ENSG00000102003,ENSG00000184434
ENSG00000198794,ENSG00000250579
ENSG00000236824,ENSG00000272763
ENSG00000242472,ENSG00000243137
ENSG00000164761,ENSG00000222375
ENSG00000130513,ENSG00000175311
ENSG00000013297,ENSG00000196620
ENSG00000091513,ENSG00000159450
ENSG00000127084,ENSG00000124134
ENSG00000170891,ENSG00000114248
ENSG00000143847,ENSG00000121053
ENSG00000158022,ENSG00000167117
ENSG00000108309,ENSG00000171446
ENSG00000153531,ENSG00000146039
ENSG00000126759,ENSG00000263426
ENSG00000105427,ENSG00000228971
ENSG00000131042,ENSG00000203783
ENSG00000128422,ENSG00000184385
ENSG00000275302,ENSG00000125872
ENSG00000163347,ENSG00000244025
ENSG00000211653,ENSG00000180861
ENSG00000087250,ENSG00000159184
ENSG00000176387,ENSG00000259974
ENSG00000182885,ENSG00000222001
ENSG00000173705,ENSG00000137251
ENSG00000175489,ENSG00000142484
ENSG00000198851,ENSG00000178403
ENSG00000091428,ENSG00000267709
ENSG00000136286,ENSG00000159248
ENSG00000119888,ENSG00000205186
ENSG00000148346,ENSG00000115263
ENSG00000104435,ENSG00000173237
ENSG00000171401,ENSG00000265933
ENSG00000244437,ENSG00000242366
ENSG00000163993,ENSG00000101200
ENSG00000157734,ENSG00000006059
ENSG00000204577,ENSG00000243766
ENSG00000165887,ENSG00000212724
ENSG00000124102,ENSG00000254366
ENSG00000188176,ENSG00000278912
ENSG00000079385,ENSG00000226812
ENSG00000197616,ENSG00000270606
ENSG00000138100,ENSG00000256643
ENSG00000237541,ENSG00000159182
ENSG00000111215,ENSG00000139780
ENSG00000166091,ENSG00000157856
ENSG00000117472,ENSG00000130720
ENSG00000205420,ENSG00000164778
ENSG00000166922,ENSG00000283559
ENSG00000042832,ENSG00000263878
ENSG00000132639,ENSG00000012504
ENSG00000100985,ENSG00000204572
ENSG00000244482,ENSG00000118702
ENSG00000210140,ENSG00000104970
ENSG00000268751,ENSG00000268089
ENSG00000163739,ENSG00000249436
ENSG00000104888,ENSG00000189325
ENSG00000172602,ENSG00000236591
ENSG00000103569,ENSG00000148584
ENSG00000184730,ENSG00000090402
ENSG00000275896,ENSG00000225413
ENSG00000257017,ENSG00000138079
ENSG00000020633,ENSG00000185433
ENSG00000145358,ENSG00000267432
ENSG00000089356,ENSG00000163295
ENSG00000188508,ENSG00000234165
ENSG00000196549,ENSG00000254645
ENSG00000140379,ENSG00000274121
ENSG00000081277,ENSG00000182747
ENSG00000156299,ENSG00000236154
ENSG00000150625,ENSG00000174358
ENSG00000197561,ENSG00000249948
ENSG00000211673,ENSG00000197408
ENSG00000112303,ENSG00000257582
ENSG00000163154,ENSG00000242207
ENSG00000005844,ENSG00000167800
ENSG00000196754,ENSG00000170893
ENSG00000115085,ENSG00000091664
ENSG00000181092,ENSG00000188848
ENSG00000184363,ENSG00000121335
ENSG00000186806,ENSG00000227243
ENSG00000227507,ENSG00000256193
ENSG00000180644,ENSG00000221844
ENSG00000012223,ENSG00000258661
ENSG00000069011,ENSG00000134193
ENSG00000278196,ENSG00000164900
ENSG00000169429,ENSG00000281097
ENSG00000135472,ENSG00000258088
ENSG00000116690,ENSG00000276462
ENSG00000186439,ENSG00000241003
ENSG00000170807,ENSG00000167011
ENSG00000171236,ENSG00000171872
ENSG00000125910,ENSG00000241224
ENSG00000211668,ENSG00000244604
ENSG00000274536,ENSG00000170367
ENSG00000088836,ENSG00000226063
ENSG00000196296,ENSG00000187242
ENSG00000064886,ENSG00000164690
ENSG00000169403,ENSG00000253361
ENSG00000242173,ENSG00000216863
ENSG00000124701,ENSG00000135477
ENSG00000164825,ENSG00000244411
ENSG00000131095,ENSG00000183631
ENSG00000211892,ENSG00000165496
ENSG00000210100,ENSG00000279042
ENSG00000248485,ENSG00000259255
ENSG00000125618,ENSG00000235366
ENSG00000277632,ENSG00000118972
ENSG00000187116,ENSG00000248864
ENSG00000056998,ENSG00000182816
ENSG00000171819,ENSG00000279427
ENSG00000211660,ENSG00000260704
ENSG00000270550,ENSG00000172410
ENSG00000188015,ENSG00000255221
ENSG00000170909,ENSG00000233308
ENSG00000215187,ENSG00000116882
ENSG00000211662,ENSG00000267683
ENSG00000204983,ENSG00000225231
ENSG00000180209,ENSG00000233384
ENSG00000106631,ENSG00000268883
ENSG00000174564,ENSG00000280220
ENSG00000211663,ENSG00000136918
ENSG00000092295,ENSG00000253122
ENSG00000172020,ENSG00000131885
ENSG00000172543,ENSG00000236719
ENSG00000155657,ENSG00000226490
ENSG00000211938,ENSG00000146276
ENSG00000211959,ENSG00000138472
ENSG00000155980,ENSG00000207296
ENSG00000186832,ENSG00000181143
ENSG00000197565,ENSG00000223617
ENSG00000171951,ENSG00000250431
ENSG00000173762,ENSG00000173080
ENSG00000211966,ENSG00000280776
ENSG00000182782,ENSG00000261583
ENSG00000168334,ENSG00000060566
ENSG00000175564,ENSG00000238724
ENSG00000196218,ENSG00000257715
ENSG00000178372,ENSG00000263443
ENSG00000169385,ENSG00000283538
ENSG00000228314,ENSG00000223914
ENSG00000107485,ENSG00000244361
ENSG00000211659,ENSG00000229859
ENSG00000172867,ENSG00000137860
ENSG00000171777,ENSG00000267193
ENSG00000151365,ENSG00000277653
ENSG00000099365,ENSG00000241233
ENSG00000168280,ENSG00000256237
ENSG00000179914,ENSG00000225329
ENSG00000110076,ENSG00000254290
ENSG00000131401,ENSG00000268240
ENSG00000221946,ENSG00000236668
ENSG00000135324,ENSG00000180264
ENSG00000108342,ENSG00000230519
ENSG00000211945,ENSG00000249460
ENSG00000211651,ENSG00000184956
ENSG00000166923,ENSG00000111701
ENSG00000012124,ENSG00000264755
ENSG00000158517,ENSG00000239922
ENSG00000008056,ENSG00000250981
ENSG00000006128,ENSG00000234426
ENSG00000126353,ENSG00000231873
ENSG00000166523,ENSG00000243910
ENSG00000137699,ENSG00000253270
ENSG00000184811,ENSG00000171234
ENSG00000075073,ENSG00000227619
ENSG00000008735,ENSG00000237838
ENSG00000211648,ENSG00000204711
ENSG00000165178,ENSG00000183476
ENSG00000011426,ENSG00000239205
ENSG00000165474,ENSG00000170373
ENSG00000008516,ENSG00000232679
ENSG00000065618,ENSG00000047936
ENSG00000211934,ENSG00000175065
ENSG00000141682,ENSG00000175077
ENSG00000105825,ENSG00000170099
ENSG00000088325,ENSG00000175699
ENSG00000117152,ENSG00000213606
ENSG00000168913,ENSG00000147434
ENSG00000182866,ENSG00000283235
ENSG00000170477,ENSG00000244040
ENSG00000166920,ENSG00000199899
ENSG00000007908,ENSG00000251393
ENSG00000142512,ENSG00000204614
ENSG00000117399,ENSG00000228826
ENSG00000133710,ENSG00000266553
ENSG00000242371,ENSG00000124391
ENSG00000145649,ENSG00000177699
ENSG00000197191,ENSG00000258116
ENSG00000211943,ENSG00000204091
ENSG00000211947,ENSG00000234537
ENSG00000140986,ENSG00000249509
ENSG00000115386,ENSG00000279952
ENSG00000124253,ENSG00000264659
ENSG00000104833,ENSG00000278960
ENSG00000162747,ENSG00000257512
ENSG00000205358,ENSG00000166509
ENSG00000148600,ENSG00000188269
ENSG00000169469,ENSG00000273415
ENSG00000066248,ENSG00000235523
ENSG00000163209,ENSG00000233922
ENSG00000157782,ENSG00000248596
ENSG00000171747,ENSG00000163206
ENSG00000224373,ENSG00000165694
ENSG00000261786,ENSG00000275064
ENSG00000132702,ENSG00000144407
ENSG00000176956,ENSG00000226762
ENSG00000169474,ENSG00000168955
ENSG00000211964,ENSG00000251573
ENSG00000210196,ENSG00000227032
ENSG00000131746,ENSG00000229155
ENSG00000076662,ENSG00000261978
ENSG00000183091,ENSG00000171595
ENSG00000240045,ENSG00000258616
ENSG00000181541,ENSG00000187658
ENSG00000115607,ENSG00000211862
ENSG00000211640,ENSG00000185940
ENSG00000091704,ENSG00000236481
ENSG00000184524,ENSG00000250137
ENSG00000112139,ENSG00000236116
ENSG00000104140,ENSG00000161973
ENSG00000239839,ENSG00000270403
ENSG00000163141,ENSG00000214237
ENSG00000248996,ENSG00000270313
ENSG00000211829,ENSG00000126337
ENSG00000159173,ENSG00000169876
ENSG00000203785,ENSG00000238426
ENSG00000073670,ENSG00000273585
ENSG00000117091,ENSG00000174453
ENSG00000204936,ENSG00000230830
ENSG00000162267,ENSG00000258035
ENSG00000124920,ENSG00000130377
ENSG00000134339,ENSG00000226087
ENSG00000163380,ENSG00000235180
ENSG00000235568,ENSG00000234692
ENSG00000118520,ENSG00000262874
ENSG00000139626,ENSG00000174279
ENSG00000211955,ENSG00000275898
ENSG00000244116,ENSG00000265380
ENSG00000211937,ENSG00000258548
ENSG00000241755,ENSG00000250105
ENSG00000211956,ENSG00000159495
ENSG00000176194,ENSG00000226374
ENSG00000185615,ENSG00000163394
ENSG00000100385,ENSG00000280809
ENSG00000171246,ENSG00000255216
ENSG00000149968,ENSG00000277738
ENSG00000109061,ENSG00000206776
ENSG00000085265,ENSG00000231195
ENSG00000168509,ENSG00000251292
ENSG00000163092,ENSG00000232806
ENSG00000178821,ENSG00000111305
ENSG00000186652,ENSG00000279300
ENSG00000198074,ENSG00000248846
ENSG00000125780,ENSG00000109511
ENSG00000105246,ENSG00000211909
ENSG00000164326,ENSG00000180251
ENSG00000140519,ENSG00000253227
ENSG00000103089,ENSG00000279593
ENSG00000105369,ENSG00000273677
ENSG00000210112,ENSG00000166558
ENSG00000214212,ENSG00000222371
ENSG00000240382,ENSG00000223657
ENSG00000140749,ENSG00000248599
ENSG00000172382,ENSG00000280800
ENSG00000243238,ENSG00000091181
ENSG00000163157,ENSG00000204571
ENSG00000224397,ENSG00000274588
ENSG00000070526,ENSG00000269667
ENSG00000134762,ENSG00000227907
ENSG00000240864,ENSG00000250385
ENSG00000126233,ENSG00000231691
ENSG00000261040,ENSG00000157330
ENSG00000261701,ENSG00000254586
ENSG00000125414,ENSG00000233186
ENSG00000211904,ENSG00000254519
ENSG00000086967,ENSG00000233215
ENSG00000171346,ENSG00000267123
ENSG00000181195,ENSG00000201363
ENSG00000137440,ENSG00000257302
ENSG00000244575,ENSG00000261520
ENSG00000242349,ENSG00000158816
ENSG00000147588,ENSG00000258859
ENSG00000180871,ENSG00000272259
ENSG00000123405,ENSG00000275232
ENSG00000158578,ENSG00000280614
ENSG00000241294,ENSG00000259237
ENSG00000131747,ENSG00000126549
ENSG00000167281,ENSG00000264127
ENSG00000105509,ENSG00000224235
ENSG00000167767,ENSG00000259278
ENSG00000224650,ENSG00000256843
ENSG00000103888,ENSG00000214888
ENSG00000163435,ENSG00000243365
ENSG00000170476,ENSG00000279835
ENSG00000173535,ENSG00000223991
ENSG00000203814,ENSG00000155087
ENSG00000174697,ENSG00000224466
ENSG00000064787,ENSG00000271454
ENSG00000197540,ENSG00000251504
ENSG00000211637,ENSG00000223056
ENSG00000145287,ENSG00000249481
ENSG00000136155,ENSG00000101323
ENSG00000086506,ENSG00000254607
ENSG00000144834,ENSG00000248918
ENSG00000169035,ENSG00000230153
ENSG00000184012,ENSG00000187689
ENSG00000163464,ENSG00000256209
ENSG00000161798,ENSG00000167419
ENSG00000137392,ENSG00000166220
ENSG00000277586,ENSG00000203858
ENSG00000204421,ENSG00000271850
ENSG00000104722,ENSG00000253831
ENSG00000222037,ENSG00000216560
ENSG00000169509,ENSG00000283413
ENSG00000167757,ENSG00000205856
ENSG00000176153,ENSG00000250103
ENSG00000203782,ENSG00000277671
ENSG00000170091,ENSG00000253605
ENSG00000211935,ENSG00000237642
ENSG00000026751,ENSG00000176177
ENSG00000100604,ENSG00000183146
ENSG00000243290,ENSG00000284148
ENSG00000163631,ENSG00000178257
ENSG00000214872,ENSG00000235601
ENSG00000066230,ENSG00000167798
ENSG00000128383,ENSG00000227824
ENSG00000255398,ENSG00000234186
ENSG00000173868,ENSG00000080910
ENSG00000240237,ENSG00000275432
ENSG00000143536,ENSG00000186118
ENSG00000239855,ENSG00000168454
ENSG00000107984,ENSG00000206557
ENSG00000268734,ENSG00000177673
ENSG00000086548,ENSG00000106013
ENSG00000100453,ENSG00000204876
ENSG00000120937,ENSG00000263667
ENSG00000126262,ENSG00000198033
ENSG00000171848,ENSG00000071677
ENSG00000211941,ENSG00000172689
ENSG00000211669,ENSG00000166118
ENSG00000204618,ENSG00000283567
ENSG00000133317,ENSG00000283307
ENSG00000101306,ENSG00000228075
ENSG00000112299,ENSG00000243531
ENSG00000186407,ENSG00000169340
ENSG00000102924,ENSG00000254609
ENSG00000163207,ENSG00000270232
ENSG00000276231,ENSG00000102239
ENSG00000211649,ENSG00000242407
ENSG00000185479,ENSG00000274060
ENSG00000211962,ENSG00000229183
ENSG00000162188,ENSG00000241168
ENSG00000280411,ENSG00000073598
ENSG00000276775,ENSG00000124678
ENSG00000211638,ENSG00000261538
ENSG00000161634,ENSG00000147081
ENSG00000157005,ENSG00000100665
ENSG00000182676,ENSG00000215991
ENSG00000145920,ENSG00000275692
ENSG00000140465,ENSG00000176256
ENSG00000243566,ENSG00000254240
ENSG00000142789,ENSG00000102055
ENSG00000211898,ENSG00000187003
ENSG00000242076,ENSG00000196553
ENSG00000143217,ENSG00000275670
ENSG00000167754,ENSG00000127318
ENSG00000206075,ENSG00000255350
ENSG00000172322,ENSG00000175520
ENSG00000181631,ENSG00000113600
ENSG00000211965,ENSG00000141371
ENSG00000153822,ENSG00000170950
ENSG00000101057,ENSG00000169717
ENSG00000104918,ENSG00000143006
ENSG00000183019,ENSG00000186143
ENSG00000009765,ENSG00000039600
ENSG00000170775,ENSG00000136487
ENSG00000136352,ENSG00000106128
ENSG00000166535,ENSG00000157131
ENSG00000107295,ENSG00000180483
ENSG00000067715,ENSG00000259587
ENSG00000124731,ENSG00000179580
ENSG00000229314,ENSG00000173389
ENSG00000108602,ENSG00000145309
ENSG00000137265,ENSG00000224061
ENSG00000189056,ENSG00000105428
ENSG00000230937,ENSG00000177558
ENSG00000167476,ENSG00000203897
ENSG00000166126,ENSG00000148156
ENSG00000259384,ENSG00000204019
ENSG00000147606,ENSG00000141316
ENSG00000213927,ENSG00000184560
ENSG00000163216,ENSG00000124449
ENSG00000175535,ENSG00000180424
ENSG00000116748,ENSG00000205396
ENSG00000105388,ENSG00000224792
ENSG00000100450,ENSG00000250719
ENSG00000211674,ENSG00000188800
ENSG00000174607,ENSG00000273111
ENSG00000163421,ENSG00000141200
ENSG00000196407,ENSG00000064835
ENSG00000074317,ENSG00000164113
ENSG00000099985,ENSG00000261317
ENSG00000211905,ENSG00000101981
ENSG00000008438,ENSG00000227868
ENSG00000105352,ENSG00000166152
ENSG00000283766,ENSG00000177143
ENSG00000253755,ENSG00000181323
ENSG00000143556,ENSG00000123171
ENSG00000091137,ENSG00000181786
ENSG00000198643,ENSG00000271150
ENSG00000169245,ENSG00000112273
ENSG00000178363,ENSG00000184345
ENSG00000206177,ENSG00000269332
ENSG00000102837,ENSG00000153498
ENSG00000264384,ENSG00000168367
ENSG00000132746,ENSG00000152670
ENSG00000154451,ENSG00000189252
ENSG00000164047,ENSG00000259108
ENSG00000231475,ENSG00000269058
ENSG00000104112,ENSG00000196475
ENSG00000170423,ENSG00000260268
ENSG00000130540,ENSG00000179407
ENSG00000096088,ENSG00000279571
ENSG00000188100,ENSG00000249833
ENSG00000111046,ENSG00000132631
ENSG00000241794,ENSG00000185264
ENSG00000233705,ENSG00000173699
ENSG00000105695,ENSG00000137948
ENSG00000163737,ENSG00000163424
ENSG00000210176,ENSG00000172073
ENSG00000100167,ENSG00000157060
ENSG00000134760,ENSG00000187516
ENSG00000121905,ENSG00000249467
ENSG00000198944,ENSG00000174015
ENSG00000110786,ENSG00000163705
ENSG00000118160,ENSG00000164299
ENSG00000197353,ENSG00000118434
ENSG00000134757,ENSG00000229972
ENSG00000168333,ENSG00000173464
ENSG00000172179,ENSG00000283439
ENSG00000211652,ENSG00000167139
ENSG00000163736,ENSG00000189139
ENSG00000229415,ENSG00000275722
ENSG00000172478,ENSG00000253798
ENSG00000210195,ENSG00000180219
ENSG00000210127,ENSG00000239877
ENSG00000185905,ENSG00000260857
ENSG00000211678,ENSG00000170516
ENSG00000140932,ENSG00000163114
ENSG00000225873,ENSG00000174450
ENSG00000156738,ENSG00000205976
ENSG00000109255,ENSG00000166069
ENSG00000160886,ENSG00000215131
ENSG00000015592,ENSG00000228740
ENSG00000204538,ENSG00000236445
ENSG00000239998,ENSG00000144962
ENSG00000122585,ENSG00000215296
ENSG00000148377,ENSG00000170613
ENSG00000130643,ENSG00000204296
ENSG00000186431,ENSG00000181867
ENSG00000196866,ENSG00000170777
ENSG00000176884,ENSG00000204363
ENSG00000249790,ENSG00000188386
ENSG00000184144,ENSG00000277852
ENSG00000165409,ENSG00000228504
ENSG00000103313,ENSG00000155833
ENSG00000137975,ENSG00000230015
ENSG00000168878,ENSG00000237862
ENSG00000162896,ENSG00000228636
ENSG00000130957,ENSG00000197651
ENSG00000211950,ENSG00000203335
ENSG00000211946,ENSG00000123307
ENSG00000159339,ENSG00000183559
ENSG00000203786,ENSG00000237675
ENSG00000143631,ENSG00000204663
ENSG00000168928,ENSG00000183035
ENSG00000211933,ENSG00000237524
ENSG00000104921,ENSG00000229547
ENSG00000159516,ENSG00000274391
ENSG00000129451,ENSG00000228309
ENSG00000258444,ENSG00000182814
ENSG00000210191,ENSG00000166930
ENSG00000169877,ENSG00000234855
ENSG00000158055,ENSG00000165805
ENSG00000175121,ENSG00000231163
ENSG00000211664,ENSG00000107187
ENSG00000167653,ENSG00000226387
ENSG00000161055,ENSG00000178395
ENSG00000187730,ENSG00000151033
ENSG00000225698,ENSG00000257453
ENSG00000182333,ENSG00000154007
ENSG00000153898,ENSG00000170788
ENSG00000101307,ENSG00000283789
ENSG00000081248,ENSG00000042813
ENSG00000232216,ENSG00000277588
ENSG00000153002,ENSG00000131059
ENSG00000105501,ENSG00000181995
ENSG00000244921,ENSG00000101435
ENSG00000105141,ENSG00000225723
ENSG00000135549,ENSG00000253314
ENSG00000229444,ENSG00000229315
ENSG00000174521,ENSG00000189037
ENSG00000198854,ENSG00000276210
ENSG00000143520,ENSG00000104755
ENSG00000226145,ENSG00000261275
ENSG00000211452,ENSG00000257784
ENSG00000211642,ENSG00000261470
ENSG00000211967,ENSG00000233193
ENSG00000106541,ENSG00000227043
ENSG00000166396,ENSG00000254823
ENSG00000243284,ENSG00000243828
ENSG00000137673,ENSG00000283434
ENSG00000204385,ENSG00000234296
ENSG00000196361,ENSG00000259213
ENSG00000248746,ENSG00000249818
ENSG00000211685,ENSG00000269761
ENSG00000197084,ENSG00000234265
ENSG00000168925,ENSG00000253470
ENSG00000175426,ENSG00000284272
ENSG00000259104,ENSG00000258874
ENSG00000167759,ENSG00000237282
ENSG00000168314,ENSG00000241696
ENSG00000162078,ENSG00000258368
ENSG00000276085,ENSG00000226938
ENSG00000243264,ENSG00000120563
ENSG00000159455,ENSG00000197475
ENSG00000231412,ENSG00000125815
ENSG00000110203,ENSG00000233145
ENSG00000007306,ENSG00000136488
ENSG00000205869,ENSG00000196406
ENSG00000159763,ENSG00000271395
ENSG00000171049,ENSG00000259082
ENSG00000160182,ENSG00000189326
ENSG00000057149,ENSG00000223815
ENSG00000101916,ENSG00000223631
ENSG00000179477,ENSG00000261260
ENSG00000172023,ENSG00000167098
ENSG00000115009,ENSG00000267252
ENSG00000205076,ENSG00000274052
ENSG00000196565,ENSG00000187600
ENSG00000164821,ENSG00000253643
ENSG00000234389,ENSG00000232113
ENSG00000165023,ENSG00000203933
ENSG00000167769,ENSG00000223597
ENSG00000189182,ENSG00000213645
ENSG00000172551,ENSG00000230361
ENSG00000165953,ENSG00000225626
ENSG00000211650,ENSG00000268629
ENSG00000274576,ENSG00000187969
ENSG00000167619,ENSG00000237401
ENSG00000170465,ENSG00000221900
ENSG00000122180,ENSG00000230651
ENSG00000110777,ENSG00000261014
ENSG00000117090,ENSG00000267564
ENSG00000177455,ENSG00000282732
ENSG00000232810,ENSG00000274859
ENSG00000180549,ENSG00000249748
ENSG00000210156,
ENSG00000204539,
ENSG00000196415,
ENSG00000282651,
ENSG00000253230,
ENSG00000102854,
ENSG00000004939,
ENSG00000170890,
ENSG00000188089,
ENSG00000240671,
ENSG00000105205,
ENSG00000197641,
ENSG00000135902,
ENSG00000161911,
ENSG00000186844,
ENSG00000282639,
ENSG00000172232,
ENSG00000164266,
ENSG00000110484,
ENSG00000005381,
ENSG00000154165,
ENSG00000157851,
ENSG00000257335,
ENSG00000134028,
ENSG00000136573,
ENSG00000178597,
ENSG00000187180,
ENSG00000164076,
ENSG00000178233,
ENSG00000173467,
ENSG00000163202,
ENSG00000196734,
ENSG00000170442,
ENSG00000142623,
ENSG00000124140,
ENSG00000128564,
ENSG00000265142,
ENSG00000172061,
ENSG00000122304,
ENSG00000112195,
ENSG00000126583,
ENSG00000167916,
ENSG00000175646,
ENSG00000118113,
ENSG00000152910,
ENSG00000078081,
ENSG00000261678,
ENSG00000105668,
ENSG00000263639,
ENSG00000235942,
ENSG00000104951,
ENSG00000211639,
ENSG00000158516,
ENSG00000169397,
ENSG00000102962,
ENSG00000187223,
ENSG00000078589,
ENSG00000125571,
ENSG00000145879,
ENSG00000171195,
ENSG00000282122,
ENSG00000150656,
ENSG00000283227,
ENSG00000251546,
ENSG00000240386,
ENSG00000253998,
ENSG00000187173,
ENSG00000186207,
ENSG00000102891,
ENSG00000087128,
ENSG00000242808,
ENSG00000142405,
ENSG00000211911,
ENSG00000196805,
ENSG00000163958,
ENSG00000100721,
ENSG00000129654,
ENSG00000204544,
ENSG00000210154,
ENSG00000183347,
ENSG00000125726,
ENSG00000213934,
ENSG00000099812,
ENSG00000104327,
ENSG00000166527,
ENSG00000147689,
ENSG00000211972,
ENSG00000189377,
ENSG00000048462,
ENSG00000241244,
ENSG00000229035,
ENSG00000226979,
ENSG00000184148,
ENSG00000244094,
ENSG00000154975,
ENSG00000157017,
ENSG00000219073,
ENSG00000169704,
ENSG00000185640,
ENSG00000276566,
ENSG00000253701,
ENSG00000172155,
ENSG00000111291,
ENSG00000224041,
ENSG00000123364,
ENSG00000161905,
ENSG00000214711,
ENSG00000152214,
ENSG00000251039,
ENSG00000185873,
ENSG00000132185,
ENSG00000211753,
ENSG00000205426,
ENSG00000105610,
ENSG00000211968,
ENSG00000259823,
ENSG00000160181,
ENSG00000228278,
ENSG00000166143,
ENSG00000213931,
ENSG00000179902,
ENSG00000211974,
ENSG00000259803,
ENSG00000110680,
ENSG00000240505,
ENSG00000143297,
ENSG00000253497,
ENSG00000253522,
ENSG00000101425,
ENSG00000168703,
ENSG00000171532,
ENSG00000206073,
ENSG00000196611,
ENSG00000243063,
ENSG00000188833,
ENSG00000196344,
ENSG00000196132,
ENSG00000224689,
ENSG00000179751,
ENSG00000043355,
ENSG00000211667,
ENSG00000188293,
ENSG00000136531,
ENSG00000228408,
ENSG00000124469,
ENSG00000110245,
ENSG00000260614,
ENSG00000166866,
ENSG00000105641,
ENSG00000260846,
ENSG00000186474,
ENSG00000187912,
ENSG00000211891,
ENSG00000129159,
ENSG00000158865,
ENSG00000237702,
ENSG00000153802,
ENSG00000130812,
ENSG00000224137,
ENSG00000135625,
ENSG00000204010,
ENSG00000011590,
ENSG00000136694,
ENSG00000273962,
ENSG00000158874,
ENSG00000142615,
ENSG00000168843,
ENSG00000239819,
ENSG00000203688,
ENSG00000228639,
ENSG00000253818,
ENSG00000124493,
ENSG00000164707,
ENSG00000253234,
ENSG00000171564,
ENSG00000149516,
ENSG00000127588,
ENSG00000211924,
ENSG00000225613,
ENSG00000210117,
ENSG00000175874,
ENSG00000133020,
ENSG00000101327,
ENSG00000230051,
ENSG00000187054,
ENSG00000256943,
ENSG00000171557,
ENSG00000181617,
ENSG00000221957,
ENSG00000169605,
ENSG00000182698,
ENSG00000138083,
ENSG00000177234,
ENSG00000241566,
ENSG00000132693,
ENSG00000128438,
ENSG00000283063,
ENSG00000204933,
ENSG00000111537,
ENSG00000186732,
ENSG00000211745,
ENSG00000250361,
ENSG00000275791,
ENSG00000108759,
ENSG00000279419,
ENSG00000211654,
ENSG00000186265,
ENSG00000136929,
ENSG00000162992,
ENSG00000266200,
ENSG00000227300,
ENSG00000172016,
ENSG00000117322,
ENSG00000196092,
ENSG00000234262,
ENSG00000255916,
ENSG00000241657,
ENSG00000250026,
ENSG00000211710,
ENSG00000170454,
ENSG00000236525,
ENSG00000178171,
ENSG00000271178,
ENSG00000186710,
ENSG00000211978,
ENSG00000211912,
ENSG00000150637,
ENSG00000142619,
ENSG00000121594,
ENSG00000211728,
ENSG00000153266,
ENSG00000242258,
ENSG00000211690,
ENSG00000126545,
ENSG00000242534,
ENSG00000254098,
ENSG00000142319,
ENSG00000007372,
ENSG00000243480,
ENSG00000214128,
ENSG00000152611,
ENSG00000104826,
ENSG00000275418,
ENSG00000260426,
ENSG00000230088,
ENSG00000211797,
ENSG00000253239,
ENSG00000204949,
ENSG00000258831,
ENSG00000211804,
ENSG00000184293,
ENSG00000260078,
ENSG00000224220,
ENSG00000171711,
ENSG00000183625,
ENSG00000211724,
ENSG00000186526,
ENSG00000244122,
ENSG00000171560,
ENSG00000226496,
ENSG00000156575,
ENSG00000146360,
ENSG00000091583,
ENSG00000169427,
ENSG00000124490,
ENSG00000111241,
ENSG00000105675,
ENSG00000274752,
ENSG00000233542,
ENSG00000278745,
ENSG00000112212,
ENSG00000282780,
ENSG00000147647,
ENSG00000267423,
ENSG00000254029,
ENSG00000162438,
ENSG00000181333,
ENSG00000233306,
ENSG00000256553,
ENSG00000147571,
ENSG00000139648,
ENSG00000048545,
ENSG00000180712,
ENSG00000135443,
ENSG00000204897,
ENSG00000229457,
ENSG00000225110,
ENSG00000242766,
ENSG00000234184,
ENSG00000282416,
ENSG00000211777,
ENSG00000149948,
ENSG00000110887,
ENSG00000164816,
ENSG00000205312,
ENSG00000231824,
ENSG00000139800,
ENSG00000231648,
ENSG00000145863,
ENSG00000276405,
ENSG00000206072,
ENSG00000231533,
ENSG00000135346,
ENSG00000214822,
ENSG00000161992,
ENSG00000226025,
ENSG00000182591,
ENSG00000261448,
ENSG00000239862,
ENSG00000101958,
ENSG00000240247,
ENSG00000212901,
ENSG00000171102,
ENSG00000227800,
ENSG00000164794,
ENSG00000168269,
ENSG00000134258,
ENSG00000143595,
ENSG00000078898,
ENSG00000170484,
ENSG00000238266,
ENSG00000250562,
ENSG00000136535,
ENSG00000229331,
ENSG00000100987,
ENSG00000163121,
ENSG00000237127,
ENSG00000224607,
ENSG00000169064,
ENSG00000253763,
ENSG00000222335,
ENSG00000211807,
ENSG00000211914,
ENSG00000233999,
ENSG00000130656,
ENSG00000203859,
ENSG00000111732,
ENSG00000211825,
ENSG00000240338,
ENSG00000268170,
ENSG00000278263,
ENSG00000242580,
ENSG00000263698,
ENSG00000204941,
ENSG00000126890,
ENSG00000258689,
ENSG00000248300,
ENSG00000212899,
ENSG00000168631,
ENSG00000234177,
ENSG00000241749,
ENSG00000221880,
ENSG00000253209,
ENSG00000274256,
ENSG00000101441,
ENSG00000223629,
ENSG00000232560,
ENSG00000119283,
ENSG00000224271,
ENSG00000211768,
ENSG00000134200,
ENSG00000280322,
ENSG00000066405,
ENSG00000258915,
ENSG00000156925,
ENSG00000211957,
ENSG00000077327,
ENSG00000175097,
ENSG00000214856,
ENSG00000131738,
ENSG00000115488,
ENSG00000188581,
ENSG00000197079,
ENSG00000234377,
ENSG00000197901,
ENSG00000143032,
ENSG00000147160,
ENSG00000226939,
ENSG00000254006,
ENSG00000211684,
ENSG00000271736,
ENSG00000133665,
ENSG00000279305,
ENSG00000260903,
ENSG00000277268,
ENSG00000211725,
ENSG00000273706,
ENSG00000144820,
ENSG00000172482,
ENSG00000224814,
ENSG00000155269,
ENSG00000264515,
ENSG00000224731,
ENSG00000164796,
ENSG00000218672,
ENSG00000160882,
ENSG00000269998,
ENSG00000211696,
ENSG00000247844,
ENSG00000166926,
ENSG00000183395,
ENSG00000197476,
ENSG00000103310,
ENSG00000106341,
ENSG00000274118,
ENSG00000260769,
ENSG00000166596,
ENSG00000125492,
ENSG00000239216,
ENSG00000211921,
ENSG00000187166,
ENSG00000255440,
ENSG00000256797,
ENSG00000253649,
ENSG00000254951,
ENSG00000186860,
ENSG00000187323,
ENSG00000227368,
ENSG00000164853,
ENSG00000240871,
ENSG00000212722,
ENSG00000264443,
ENSG00000253132,
ENSG00000211784,
ENSG00000248184,
ENSG00000211847,
ENSG00000213417,
ENSG00000235091,
ENSG00000211805,
ENSG00000250850,
ENSG00000214518,
ENSG00000264424,
ENSG00000238194,
ENSG00000077279,
ENSG00000228528,
ENSG00000170054,
ENSG00000211691,
ENSG00000120659,
ENSG00000257935,
ENSG00000198471,
ENSG00000163554,
ENSG00000004846,
ENSG00000268906,
ENSG00000229390,
ENSG00000204873,
ENSG00000254228,
ENSG00000183822,
ENSG00000254046,
ENSG00000260943,
ENSG00000278012,
ENSG00000229769,
ENSG00000205057,
ENSG00000173908,
ENSG00000146678,
ENSG00000150361,
ENSG00000120903,
ENSG00000251372,
ENSG00000211838,
ENSG00000211840,
ENSG00000125999,
ENSG00000228376,
ENSG00000215475,
ENSG00000108688,
ENSG00000231427,
ENSG00000164438,
ENSG00000271275,
ENSG00000165588,
ENSG00000211844,
ENSG00000248698,
ENSG00000186458,
ENSG00000180347,
ENSG00000170180,
ENSG00000235621,
ENSG00000224885,
ENSG00000182035,
ENSG00000153789,
ENSG00000159217,
ENSG00000109208,
ENSG00000243953,
ENSG00000254921,
ENSG00000261268,
ENSG00000177938,
ENSG00000253269,
ENSG00000156282,
ENSG00000254135,
ENSG00000198090,
ENSG00000261325,
ENSG00000241595,
ENSG00000250411,
ENSG00000251299,
ENSG00000251624,
ENSG00000171864,
ENSG00000249866,
ENSG00000198443,
ENSG00000227765,
ENSG00000225690,
ENSG00000254081,
ENSG00000185823,
ENSG00000162891,
ENSG00000258077,
ENSG00000233123,
ENSG00000236780,
ENSG00000125861,
ENSG00000166603,
ENSG00000211883,
ENSG00000249309,
ENSG00000221864,
ENSG00000164651,
ENSG00000212657,
ENSG00000206047,
ENSG00000259839,
ENSG00000255569,
ENSG00000259268,
ENSG00000225877,
ENSG00000258752,
ENSG00000235687,
ENSG00000226358,
ENSG00000223548,
ENSG00000211866,
ENSG00000251002,
ENSG00000248285,
ENSG00000197683,
ENSG00000253131,
ENSG00000278661,
ENSG00000119547,
ENSG00000240800,
ENSG00000161609,
ENSG00000211869,
ENSG00000213416,
ENSG00000225421,
ENSG00000082556,
ENSG00000211876,
ENSG00000183640,
ENSG00000161850,
ENSG00000158748,
ENSG00000236453,
ENSG00000211867,
ENSG00000211880,
ENSG00000101842,
ENSG00000211879,
ENSG00000284486,
ENSG00000211815,
ENSG00000204044,
ENSG00000187175,
ENSG00000269745,
ENSG00000234354,
ENSG00000197721,
ENSG00000165066,
ENSG00000211886,
ENSG00000171396,
ENSG00000279249,
ENSG00000212935,
ENSG00000212725,
ENSG00000230098,
ENSG00000204880,
ENSG00000251144,
ENSG00000270864,
ENSG00000211925,
ENSG00000186009,
ENSG00000145626,
ENSG00000253202,
ENSG00000279904,
ENSG00000244537,
ENSG00000271046,
ENSG00000232503,
ENSG00000261451,
ENSG00000207923,
ENSG00000160349,
ENSG00000205696,
ENSG00000266248,
ENSG00000250426,
ENSG00000263680,
ENSG00000253936,
ENSG00000006659,
ENSG00000188620,
ENSG00000235013,
ENSG00000235024,
ENSG00000273409,
ENSG00000243902,
ENSG00000243479,
ENSG00000146910,
ENSG00000205663,
ENSG00000211846,
ENSG00000214049,
ENSG00000250420,
ENSG00000276430,
ENSG00000187170,
ENSG00000163377,
ENSG00000211979,
ENSG00000215397,
ENSG00000231536,
ENSG00000225106,
ENSG00000211855,
ENSG00000211647,
ENSG00000241123,
ENSG00000186895,
ENSG00000280002,
ENSG00000253288,
ENSG00000253766,
ENSG00000249173,
ENSG00000196859,
ENSG00000162723,
ENSG00000276160,
ENSG00000211713,
ENSG00000198083,
ENSG00000248991,
ENSG00000198570,
ENSG00000196156,
ENSG00000187021,
ENSG00000229526,
ENSG00000211850,
ENSG00000276597,
ENSG00000280655,
ENSG00000229515,
ENSG00000265929,
ENSG00000184330,
ENSG00000275286,
ENSG00000272804,
ENSG00000197416,
ENSG00000253140,
ENSG00000242473,
ENSG00000103355,
ENSG00000185674,
ENSG00000206069,
ENSG00000225402,
ENSG00000254166,
ENSG00000189169,
ENSG00000277918,
ENSG00000201558,
ENSG00000228655,
ENSG00000239739,
ENSG00000232613,
ENSG00000253877,
ENSG00000230286,
ENSG00000151838,
ENSG00000143954,
ENSG00000257732,
ENSG00000188403,
ENSG00000244155,
ENSG00000211841,
ENSG00000109684,
ENSG00000211834,
ENSG00000249106,
ENSG00000211821,
ENSG00000279554,
ENSG00000205445,
ENSG00000211920,
ENSG00000248385,
ENSG00000257940,
ENSG00000211958,
ENSG00000280936,
ENSG00000228951,
ENSG00000214894,
ENSG00000184351,
ENSG00000253120,
ENSG00000187821,
ENSG00000184210,
ENSG00000260542,
ENSG00000198271,
ENSG00000259383,
ENSG00000224585,
ENSG00000163885,
ENSG00000144130,
ENSG00000167858,
ENSG00000184611,
ENSG00000236064,
ENSG00000168959,
ENSG00000272274,
ENSG00000236961,
ENSG00000231754,
ENSG00000186977,
ENSG00000284309,
ENSG00000284377,
ENSG00000244062,
ENSG00000259846,
ENSG00000232254,
ENSG00000251410,
ENSG00000186393,
ENSG00000283361,
ENSG00000183914,
ENSG00000283597,
ENSG00000162598,
ENSG00000221859,
ENSG00000253742,
ENSG00000172752,
ENSG00000100867,
ENSG00000253973,
ENSG00000207497,
ENSG00000221837,
ENSG00000168124,
ENSG00000205215,
ENSG00000223392,
ENSG00000274353,
ENSG00000244620,
ENSG00000211633,
ENSG00000185962,
ENSG00000211858,
ENSG00000284552,
ENSG00000224203,
ENSG00000169676,
ENSG00000237579,
ENSG00000231671,
ENSG00000105679,
ENSG00000257126,
ENSG00000265658,
ENSG00000164935,
ENSG00000223931,
ENSG00000253666,
ENSG00000212721,
ENSG00000109424,
ENSG00000187272,
ENSG00000211837,
ENSG00000243489,
ENSG00000145451,
ENSG00000259680,
ENSG00000243543,
ENSG00000222032,
ENSG00000215455,
ENSG00000238276,
ENSG00000258179,
ENSG00000250329,
ENSG00000253590,
ENSG00000211859,
ENSG00000081138,
ENSG00000261272,
ENSG00000227196,
ENSG00000268785,
ENSG00000171360,
ENSG00000260412,
ENSG00000276699,
ENSG00000214145,
ENSG00000134216,
ENSG00000237941,
ENSG00000237520,
ENSG00000104938,
ENSG00000274749,
ENSG00000180138,
ENSG00000188694,
ENSG00000198535,
ENSG00000248874,
ENSG00000230778,
ENSG00000258342,
ENSG00000139330,
ENSG00000254187,
ENSG00000050730,
ENSG00000279328,
ENSG00000237320,
ENSG00000226601,
ENSG00000272396,
ENSG00000143839,
ENSG00000277223,
ENSG00000204345,
ENSG00000215454,
ENSG00000211856,
ENSG00000225960,
ENSG00000211849,
ENSG00000205274,
ENSG00000272549,
ENSG00000278971,
ENSG00000104760,
ENSG00000275158,
ENSG00000253441,
ENSG00000238366,
ENSG00000235118,
ENSG00000113905,
ENSG00000164458,
ENSG00000142700,
ENSG00000118017,
ENSG00000196224,
ENSG00000219986,
ENSG00000283462,
ENSG00000187766,
ENSG00000073754,
ENSG00000279811,
ENSG00000164451,
ENSG00000256249,
ENSG00000211860,
ENSG00000240457,
ENSG00000198390,
ENSG00000261543,
ENSG00000174325,
ENSG00000170819,
ENSG00000237638,
ENSG00000226859,
ENSG00000273044,
ENSG00000112539,
ENSG00000254403,
ENSG00000131142,
ENSG00000145321,
ENSG00000203942,
ENSG00000269154,
ENSG00000283554,
ENSG00000205632,
ENSG00000004809,
ENSG00000100557,
ENSG00000283571,
ENSG00000250244,
ENSG00000130167,
ENSG00000153093,
ENSG00000254176,
ENSG00000116745,
ENSG00000165309,
ENSG00000284430,
ENSG00000255375,
ENSG00000259950,
ENSG00000187997,
ENSG00000180386,
ENSG00000277740,
ENSG00000205439,
ENSG00000227012,
ENSG00000168348,
ENSG00000198178,
ENSG00000175868,
ENSG00000188729,
ENSG00000211881,
ENSG00000171136,
ENSG00000230107,
ENSG00000236848,
ENSG00000254036,
ENSG00000206702,
ENSG00000160870,
ENSG00000166917,
ENSG00000211884,
ENSG00000178522,
ENSG00000250284,
ENSG00000183273,
ENSG00000183644,
ENSG00000232208,
ENSG00000181378,
ENSG00000158497,
ENSG00000178125,
ENSG00000187510,
ENSG00000222022,
ENSG00000170369,
ENSG00000260823,
ENSG00000280229,
ENSG00000278023,
ENSG00000248693,
ENSG00000248197,
ENSG00000230313,
ENSG00000263366,
ENSG00000145192,
ENSG00000159261,
ENSG00000241345,
ENSG00000248329,
ENSG00000144227,
ENSG00000214185,
ENSG00000274252,
ENSG00000167580,
ENSG00000250748,
ENSG00000283142,
ENSG00000279942,
ENSG00000108849,
ENSG00000171201,
ENSG00000255039,
ENSG00000244414,
ENSG00000203857,
ENSG00000122133,
ENSG00000275038,
ENSG00000213759,
ENSG00000235782,
ENSG00000230805,
ENSG00000204889,
ENSG00000252920,
ENSG00000254631,
ENSG00000128610,
ENSG00000211720,
ENSG00000105549,
ENSG00000273011,
ENSG00000134551,
ENSG00000248371,
ENSG00000101448,
ENSG00000256581,
ENSG00000211872,
ENSG00000281160,
ENSG00000224269,
ENSG00000029559,
ENSG00000211836,
ENSG00000230709,
ENSG00000211907,
ENSG00000230234,
ENSG00000230873,
ENSG00000212658,
ENSG00000251061,
ENSG00000241598,
ENSG00000234756,
ENSG00000182329,
ENSG00000226992,
ENSG00000268804,
ENSG00000270999,
ENSG00000188984,
ENSG00000276568,
ENSG00000225446,
ENSG00000260973,
ENSG00000132703,
ENSG00000250657,
ENSG00000281655,
ENSG00000206585,
ENSG00000250036,
ENSG00000253325,
ENSG00000188155,
ENSG00000270505,
ENSG00000198491,
ENSG00000239886,
ENSG00000269945,
ENSG00000187621,
ENSG00000251129,
ENSG00000197322,
ENSG00000187905,
ENSG00000228131,
ENSG00000211857,
ENSG00000260440,
ENSG00000229900,
ENSG00000227777,
ENSG00000215704,
ENSG00000188379,
ENSG00000249493,
ENSG00000255921,
ENSG00000265126,
ENSG00000226779,
ENSG00000240476,
ENSG00000162763,
ENSG00000229028,
ENSG00000269752,
ENSG00000133115,
ENSG00000253686,
ENSG00000242444,
ENSG00000211861,
ENSG00000105370,
ENSG00000186191,
ENSG00000168658,
ENSG00000143552,
ENSG00000232241,
ENSG00000231604,
ENSG00000242640,
ENSG00000277572,
ENSG00000204518,
ENSG00000259957,
ENSG00000188816,
ENSG00000199506,
ENSG00000189275,
ENSG00000254300,
ENSG00000206187,
ENSG00000089116,
ENSG00000211851,
ENSG00000222398,
ENSG00000279737,
ENSG00000229563,
ENSG00000163518,
ENSG00000257797,
ENSG00000258343,
ENSG00000184530,
ENSG00000283654,
ENSG00000263935,
ENSG00000260701,
ENSG00000234918,
ENSG00000152034,
ENSG00000131264,
ENSG00000183921,
ENSG00000128322,
ENSG00000215834,
ENSG00000270168,
ENSG00000236785,
ENSG00000253578,
ENSG00000145063,
ENSG00000257139,
ENSG00000214617,
ENSG00000179934,
ENSG00000211863,
ENSG00000266489,
ENSG00000211868,
ENSG00000258177,
ENSG00000252103,
ENSG00000264151,
ENSG00000242113,
ENSG00000147432,
ENSG00000255946,
ENSG00000178394,
ENSG00000253448,
ENSG00000279754,
ENSG00000229255,
ENSG00000214282,
ENSG00000254406,
ENSG00000262519,
ENSG00000215811,
ENSG00000256590,
ENSG00000279281,
ENSG00000105398,
ENSG00000279082,
ENSG00000124334,
ENSG00000225030,
ENSG00000250038,
ENSG00000211865,
ENSG00000174948,
ENSG00000278367,
ENSG00000176893,
ENSG00000252827,
ENSG00000161610,
ENSG00000213231,
ENSG00000228626,
ENSG00000268833,
ENSG00000107593,
ENSG00000225156,
ENSG00000234956,
ENSG00000238217,
ENSG00000241131,
ENSG00000148704,
ENSG00000134812,
ENSG00000147570,
ENSG00000253291,
ENSG00000117215,
ENSG00000186471,
ENSG00000231574,
ENSG00000260048,
ENSG00000106648,
ENSG00000281721,
ENSG00000271569,
ENSG00000228432,
ENSG00000261790,
ENSG00000171956,
ENSG00000130561,
ENSG00000254100,
ENSG00000189181,
ENSG00000199080,
ENSG00000261834,
ENSG00000235419,
ENSG00000152266,
ENSG00000152595,
ENSG00000250584,
ENSG00000162456,
ENSG00000228521,
ENSG00000230492,
ENSG00000182077,
ENSG00000279387,
ENSG00000259962,
ENSG00000253386,
ENSG00000215378,
ENSG00000243066,
ENSG00000122859,
ENSG00000165370,
ENSG00000253428,
ENSG00000101446,
ENSG00000244067,
ENSG00000276520,
ENSG00000279012,
ENSG00000253247,
ENSG00000279774,
ENSG00000267443,
ENSG00000277311,
ENSG00000228543,
ENSG00000206791,
ENSG00000119973,
ENSG00000211848,
ENSG00000179520,
ENSG00000254364,
ENSG00000251293,
ENSG00000253387,
ENSG00000218536,
ENSG00000230628,
ENSG00000238062,
ENSG00000271375,
ENSG00000211661,
ENSG00000202357,
ENSG00000225745,
ENSG00000257345,
ENSG00000130368,
ENSG00000242671,
ENSG00000265313,
ENSG00000197549,
ENSG00000253483,
ENSG00000235254,
ENSG00000279891,
ENSG00000162594,
ENSG00000140015,
ENSG00000249334,
ENSG00000260187,
ENSG00000167634,
ENSG00000259078,
ENSG00000264617,
ENSG00000106436,
ENSG00000263724,
ENSG00000238201,
ENSG00000108417,
ENSG00000212659,
ENSG00000161849,
ENSG00000271216,
ENSG00000277945,
ENSG00000276707,
ENSG00000204195,
ENSG00000225790,
ENSG00000200997,
ENSG00000258345,
ENSG00000204887,
ENSG00000234595,
ENSG00000267607,
ENSG00000207128,
ENSG00000229351,
ENSG00000276712,
ENSG00000235150,
ENSG00000255838,
ENSG00000203784,
ENSG00000134489,
ENSG00000166948,
ENSG00000262521,
ENSG00000211833,
ENSG00000283686,
ENSG00000253461,
ENSG00000176601,
ENSG00000264781,
ENSG00000140481,
ENSG00000253152,
ENSG00000255866,
ENSG00000137473,
ENSG00000254869,
ENSG00000249621,
ENSG00000231976,
ENSG00000239265,
ENSG00000183607,
ENSG00000231405,
ENSG00000274428,
ENSG00000237612,
ENSG00000237720,
ENSG00000243620,
ENSG00000113889,
ENSG00000211717,
ENSG00000223715,
ENSG00000196273,
ENSG00000242317,
ENSG00000253241,
ENSG00000211871,
ENSG00000186075,
ENSG00000225885,
ENSG00000177257,
ENSG00000277349,
ENSG00000277749,
ENSG00000279104,
ENSG00000250509,
ENSG00000142224,
ENSG00000275801,
ENSG00000186150,
ENSG00000138483,
ENSG00000233755,
ENSG00000280109,
ENSG00000228560,
ENSG00000250831,
ENSG00000279676,
ENSG00000169067,
ENSG00000124237,
ENSG00000185686,
ENSG00000172967,
ENSG00000281880,
ENSG00000236544,
ENSG00000187616,
ENSG00000236800,
ENSG00000237111,
ENSG00000232698,
ENSG00000254157,
ENSG00000197674,
ENSG00000230023,
ENSG00000227088,
ENSG00000284543,
ENSG00000253495,
ENSG00000154611,
ENSG00000185294,
ENSG00000259441,
ENSG00000205025,
ENSG00000271660,
ENSG00000262983,
ENSG00000180613,
ENSG00000211623,
ENSG00000211626,
ENSG00000224717,
ENSG00000233342,
ENSG00000231392,
ENSG00000237629,
ENSG00000260386,
ENSG00000259450,
ENSG00000249381,
ENSG00000250575,
ENSG00000226233,
ENSG00000230033,
ENSG00000254746,
ENSG00000283217,
ENSG00000235615,
ENSG00000265265,
ENSG00000224521,
ENSG00000151577,
ENSG00000075891,
ENSG00000162771,
ENSG00000281550,
ENSG00000253691,
ENSG00000226434,
ENSG00000080572,
ENSG00000283376,
ENSG00000113302,
ENSG00000220377,
ENSG00000236170,
ENSG00000262921,
ENSG00000225840,
ENSG00000226806,
ENSG00000250064,
ENSG00000274937,
ENSG00000168676,
ENSG00000283202,
ENSG00000096264,
ENSG00000283586,
ENSG00000185372,
ENSG00000252623,
ENSG00000257826,
ENSG00000248560,
ENSG00000124232,
ENSG00000256513,
ENSG00000236242,
ENSG00000226397,
ENSG00000183090,
ENSG00000211877,
ENSG00000179826,
ENSG00000275965,
ENSG00000232505,
ENSG00000080618,
ENSG00000215182,
ENSG00000261316,
ENSG00000161270,
ENSG00000205015,
ENSG00000276778,
ENSG00000199879,
ENSG00000264564,
ENSG00000188784,
ENSG00000243572,
ENSG00000230969,
ENSG00000254329,
ENSG00000132855,
ENSG00000259110,
ENSG00000259517,
ENSG00000211944,
ENSG00000267857,
ENSG00000255282,
ENSG00000263427,
ENSG00000258552,
ENSG00000185594,
ENSG00000230223,
ENSG00000205864,
ENSG00000243488,
ENSG00000227365,
ENSG00000278097,
ENSG00000217825,
ENSG00000275678,
ENSG00000227234,
ENSG00000253435,
ENSG00000182898,
ENSG00000214614,
ENSG00000171540,
ENSG00000263413,
ENSG00000254177,
ENSG00000174844,
ENSG00000211641,
ENSG00000279965,
ENSG00000278775,
ENSG00000118492,
ENSG00000253715,
ENSG00000254045,
ENSG00000269993,
ENSG00000235710,
ENSG00000169575,
ENSG00000284485,
ENSG00000184724,
ENSG00000255847,
ENSG00000139219,
ENSG00000271615,
ENSG00000233725,
ENSG00000137745,
ENSG00000234104,
ENSG00000260402,
ENSG00000258713,
ENSG00000255042,
ENSG00000165970,
ENSG00000166569,
ENSG00000279143,
ENSG00000231589,
ENSG00000223944,
ENSG00000139515,
ENSG00000255477,
ENSG00000253839,
ENSG00000166670,
ENSG00000260507,
ENSG00000231924,
ENSG00000270474,
ENSG00000211839,
ENSG00000249808,
ENSG00000269927,
ENSG00000228707,
ENSG00000163440,
ENSG00000230062,
ENSG00000166961,
ENSG00000180178,
ENSG00000251621,
ENSG00000253240,
ENSG00000225438,
ENSG00000204140,
ENSG00000259859,
ENSG00000109181,
ENSG00000224184,
ENSG00000237590,
ENSG00000124196,
ENSG00000259889,
ENSG00000235984,
ENSG00000244468,
ENSG00000204787,
ENSG00000227269,
ENSG00000226089,
ENSG00000253888,
ENSG00000253440,
ENSG00000236164,
ENSG00000233290,
ENSG00000254532,
ENSG00000231057,
ENSG00000212933,
ENSG00000184032,
ENSG00000227706,
ENSG00000261239,
ENSG00000203985,
ENSG00000227895,
ENSG00000201945,
ENSG00000253822,
ENSG00000271287,
ENSG00000251081,
ENSG00000244273,
ENSG00000275243,
ENSG00000187900,
ENSG00000207782,
ENSG00000106328,
ENSG00000254656,
ENSG00000259284,
ENSG00000261429,
ENSG00000248673,
ENSG00000205360,
ENSG00000266976,
ENSG00000243969,
ENSG00000187026,
ENSG00000135248,
ENSG00000275726,
ENSG00000237197,
ENSG00000258699,
ENSG00000252236,
ENSG00000236124,
ENSG00000250666,
ENSG00000284229,
ENSG00000252312,
ENSG00000207039,
ENSG00000259281,
ENSG00000196228,
ENSG00000240216,
ENSG00000260042,
ENSG00000223107,
ENSG00000256916,
ENSG00000264764,
ENSG00000225660,
ENSG00000225539,
ENSG00000225825,
ENSG00000205667,
ENSG00000157093,
ENSG00000229140,
ENSG00000205867,
ENSG00000237020,
ENSG00000274355,
ENSG00000267428,
ENSG00000281460,
ENSG00000253805,
ENSG00000121270,
ENSG00000236382,
ENSG00000220326,
ENSG00000226690,
ENSG00000253487,
ENSG00000131808,
ENSG00000201823,
ENSG00000125888,
ENSG00000232634,
ENSG00000249069,
ENSG00000254399,
ENSG00000175877,
ENSG00000240542,
ENSG00000236129,
ENSG00000149452,
ENSG00000254215,
ENSG00000231056,
ENSG00000171199,
ENSG00000226987,
ENSG00000112116,
ENSG00000197171,
ENSG00000204670,
ENSG00000256917,
ENSG00000278124,
ENSG00000206833,
ENSG00000211828,
ENSG00000253732,
ENSG00000237259,
ENSG00000255649,
ENSG00000102794,
ENSG00000228985,
ENSG00000218991,
ENSG00000214819,
ENSG00000274172,
ENSG00000225173,
ENSG00000283948,
ENSG00000253913,
ENSG00000282906,
ENSG00000239508,
ENSG00000107447,
ENSG00000244362,
ENSG00000204429,
ENSG00000224559,
ENSG00000264024,
ENSG00000188668,
ENSG00000217482,
ENSG00000168515,
ENSG00000135226,
ENSG00000224610,
ENSG00000240524,
ENSG00000277260,
ENSG00000284049,
ENSG00000211827,
ENSG00000253467,
ENSG00000259508,
ENSG00000230196,
ENSG00000242753,
ENSG00000270748,
ENSG00000272559,
ENSG00000234575,
ENSG00000232039,
ENSG00000256259,
ENSG00000244624,
ENSG00000221630,
ENSG00000243440,
ENSG00000260235,
ENSG00000196634,
ENSG00000105954,
ENSG00000264340,
ENSG00000253644,
ENSG00000260629,
ENSG00000167104,
ENSG00000234270,
ENSG00000231683,
ENSG00000008197,
ENSG00000147381,
ENSG00000187533,
ENSG00000248903,
ENSG00000230922,
ENSG00000273588,
ENSG00000284060,
ENSG00000254009,
ENSG00000238032,
ENSG00000165583,
ENSG00000275475,
ENSG00000237183,
ENSG00000249959,
ENSG00000186967,
ENSG00000200926,
ENSG00000271201,
ENSG00000266495,
ENSG00000227108,
ENSG00000255183,
ENSG00000224515,
ENSG00000182531,
ENSG00000112115,
ENSG00000253501,
ENSG00000233656,
ENSG00000229639,
ENSG00000235058,
ENSG00000237131,
ENSG00000236823,
ENSG00000277344,
ENSG00000236768,
ENSG00000258232,
ENSG00000231503,
ENSG00000201012,
ENSG00000253592,
ENSG00000267686,
ENSG00000215110,
ENSG00000253458,
ENSG00000252260,
ENSG00000214782,
ENSG00000279784,
ENSG00000268036,
ENSG00000206941,
ENSG00000207773,
ENSG00000274969,
ENSG00000251831,
ENSG00000282912,
ENSG00000239989,
ENSG00000271787,
ENSG00000284575,
