i_doc,doc,Topic 1,Topic 2
0,GTEX-WEY5-1926-SM-3GIL8,0.972831765935,0.0271682340648
1,GTEX-1HB9E-0526-SM-ARZNM,0.969300452944,0.0306995470559
2,GTEX-1POEN-1626-SM-EVYC2,0.970817120623,0.0291828793774
3,GTEX-1EKGG-1426-SM-7PBY2,0.958904109589,0.041095890411
4,GTEX-1E2YA-0226-SM-9MQLY,0.977777777778,0.0222222222222
5,GTEX-1AYCT-2226-SM-7SB98,0.959917780062,0.0400822199383
6,GTEX-14E1K-2126-SM-793DU,0.983298538622,0.0167014613779
7,GTEX-RWSA-0226-SM-2XCBA,0.972602739726,0.027397260274
8,GTEX-13O21-1526-SM-5K7W4,0.978683966636,0.0213160333642
9,GTEX-111FC-0226-SM-5N9B8,0.983016983017,0.016983016983
10,GTEX-14A5H-0526-SM-5TDCN,0.920443587271,0.079556412729
11,GTEX-16BQI-0526-SM-6PAM8,0.98150887574,0.0184911242604
12,GTEX-1QW4Y-0826-SM-DTXE1,0.969488939741,0.0305110602593
13,GTEX-17MFQ-1126-SM-7LT9O,0.965578635015,0.0344213649852
14,GTEX-Y9LG-1226-SM-4VBQA,0.974662162162,0.0253378378378
15,GTEX-12584-0226-SM-5EQL5,0.981634527089,0.0183654729109
16,GTEX-1S82P-0226-SM-E6CI6,0.982352941176,0.0176470588235
17,GTEX-P78B-0226-SM-3NB1Z,0.967611336032,0.0323886639676
18,GTEX-13OVL-0326-SM-5IJCS,0.976744186047,0.0232558139535
19,GTEX-16MTA-1326-SM-6PALX,0.934747145188,0.0652528548124
20,GTEX-1HCU7-2026-SM-A9G2B,0.974755700326,0.0252442996743
21,GTEX-XPVG-2726-SM-4B66W,0.965460526316,0.0345394736842
22,GTEX-14PN3-0326-SM-6EU1X,0.973367697595,0.0266323024055
23,GTEX-1B996-0126-SM-7PBYF,0.982965931864,0.0170340681363
24,GTEX-1MA7X-1026-SM-DKPQ8,0.966026587888,0.0339734121123
25,GTEX-144GM-1926-SM-5LUAN,0.970267591675,0.0297324083251
26,GTEX-1B8KZ-1026-SM-73KYN,0.962987886945,0.0370121130552
27,GTEX-ZQUD-0526-SM-57WG4,0.979148566464,0.0208514335361
28,GTEX-1399T-1326-SM-5PNVH,0.969144460028,0.0308555399719
29,GTEX-1QP2A-0226-SM-EVYBC,0.976331360947,0.0236686390533
30,GTEX-13O3P-0226-SM-5KM3Z,0.97571942446,0.0242805755396
31,GTEX-1F6I4-0226-SM-9MQMA,0.978204010462,0.0217959895379
32,GTEX-WYJK-0226-SM-EYYV8,0.981215469613,0.0187845303867
33,GTEX-15SKB-1626-SM-6PAL6,0.968683274021,0.0313167259786
34,GTEX-ZF3C-0226-SM-4WWB3,0.97713950762,0.0228604923798
35,GTEX-12WSD-0226-SM-59HKO,0.974683544304,0.0253164556962
36,GTEX-1JKYR-1226-SM-CM2S7,0.974887892377,0.0251121076233
37,GTEX-1JJEA-0226-SM-COH2X,0.950143815916,0.0498561840844
38,GTEX-1A3MX-0826-SM-72D64,0.952868852459,0.047131147541
39,GTEX-146FH-2026-SM-5SI9I,0.977835723598,0.0221642764016
40,GTEX-1GF9X-1926-SM-ADEIC,0.974311926606,0.0256880733945
41,GTEX-18465-0226-SM-7LG5M,0.978193146417,0.0218068535826
42,GTEX-12ZZZ-0526-SM-5DUX6,0.976784178848,0.0232158211522
43,GTEX-ZPU1-2426-SM-4WWFM,0.972081218274,0.0279187817259
44,GTEX-15ER7-0426-SM-6PAM3,0.982456140351,0.0175438596491
45,GTEX-14C5O-0926-SM-793DM,0.966599866399,0.0334001336005
46,GTEX-SSA3-0226-SM-32QPN,0.975441289332,0.0245587106677
47,GTEX-14PJ6-2226-SM-6LLIV,0.975308641975,0.0246913580247
48,GTEX-1JJ6O-0226-SM-E6CI9,0.993429697766,0.0065703022339
49,GTEX-13QBU-1326-SM-5LU4K,0.958389261745,0.041610738255
50,GTEX-14PJ2-1426-SM-62LFF,0.972677595628,0.0273224043716
51,GTEX-12126-0426-SM-5Q5AP,0.979372197309,0.0206278026906
52,GTEX-147JS-0426-SM-5TDD2,0.95672436751,0.04327563249
53,GTEX-1AX9J-0326-SM-73KXY,0.968360498562,0.0316395014382
54,GTEX-1399R-2626-SM-5KLZ7,0.966466036113,0.0335339638865
55,GTEX-QEL4-0326-SM-3GAE5,0.988469601677,0.0115303983229
56,GTEX-12WSF-1526-SM-6PAN6,0.963950973324,0.0360490266763
57,GTEX-1JJE9-1226-SM-CNPOI,0.983590733591,0.0164092664093
58,GTEX-1A8FM-0126-SM-7SB7P,0.976421636616,0.0235783633842
59,GTEX-Y111-0226-SM-4SOIW,0.982241953385,0.0177580466149
60,GTEX-1HCU9-0626-SM-ACKW6,0.974804517811,0.0251954821894
61,GTEX-ZYW4-2226-SM-5GZYG,0.951973371374,0.0480266286258
62,GTEX-1HBPI-1426-SM-B2LW7,0.962478184991,0.0375218150087
63,GTEX-1C64N-1326-SM-7SB7D,0.975903614458,0.0240963855422
64,GTEX-1GMR2-2526-SM-9MQKW,0.986682808717,0.0133171912833
65,GTEX-1JMQK-0126-SM-CM2S3,0.985611510791,0.0143884892086
66,GTEX-1EU9M-0326-SM-7RHGF,0.97458455523,0.0254154447703
67,GTEX-1LVAN-0126-SM-COH4H,0.984615384615,0.0153846153846
68,GTEX-1I1CD-0226-SM-CM2TL,0.982382550336,0.0176174496644
69,GTEX-ZV68-0226-SM-59HJF,0.985629754861,0.0143702451395
70,GTEX-R45C-0226-SM-EVYAJ,0.987226277372,0.0127737226277
71,GTEX-1B8SG-0226-SM-7939Q,0.972943722944,0.0270562770563
72,GTEX-1HR98-0226-SM-CGQEK,0.982653946227,0.0173460537728
73,GTEX-1GF9U-1226-SM-ARL9I,0.97257227576,0.0274277242402
74,GTEX-ZYFD-0226-SM-5NQ86,0.976907630522,0.0230923694779
75,GTEX-1HCVE-0226-SM-CGQEV,0.982326951399,0.0176730486009
76,GTEX-1S5ZA-1026-SM-EWRO2,0.97418817652,0.0258118234804
77,GTEX-17F9Y-0726-SM-7LT9G,0.964888588791,0.0351114112086
78,GTEX-ZGAY-0626-SM-DO92E,0.976878612717,0.0231213872832
79,GTEX-1HSKV-0326-SM-ADEJC,0.978388998035,0.0216110019646
80,GTEX-1JJ6O-2826-SM-CNNP7,0.968232044199,0.0317679558011
81,GTEX-WK11-2426-SM-3NMAA,0.977722772277,0.0222772277228
82,GTEX-1AMEY-1426-SM-7939I,0.981989708405,0.0180102915952
83,GTEX-16AAH-2026-SM-7LG5F,0.969072164948,0.0309278350515
84,GTEX-111YS-2426-SM-5GZZQ,0.985337243402,0.0146627565982
85,GTEX-1H2FU-0226-SM-9YFKO,0.980920314254,0.0190796857464
86,GTEX-14E1K-0426-SM-5S2PF,0.970724191063,0.0292758089368
87,GTEX-11WQC-2426-SM-5EQKQ,0.971558589306,0.028441410694
88,GTEX-14E6D-0226-SM-62LDW,0.981264637002,0.0187353629977
89,GTEX-XMK1-0926-SM-4B66X,0.977605512489,0.0223944875108
90,GTEX-ZDTS-1826-SM-5S2N6,0.951981707317,0.0480182926829
91,GTEX-1QW4Y-1626-SM-EAZ41,0.978091872792,0.0219081272085
92,GTEX-X638-0226-SM-47JZ9,0.972245584525,0.0277544154752
93,GTEX-UJHI-1626-SM-3DB9A,0.977549111319,0.022450888681
94,GTEX-14DAR-0426-SM-664MW,0.962274466922,0.0377255330782
95,GTEX-1HSMO-1426-SM-CNNQN,0.958725561188,0.0412744388125
96,GTEX-1PPH8-0626-SM-EWRN9,0.986128625473,0.0138713745271
97,GTEX-13S7M-0226-SM-5S2UG,0.980099502488,0.0199004975124
98,GTEX-ZF29-0826-SM-5S2O2,0.984848484848,0.0151515151515
99,GTEX-1GMR3-2026-SM-9MQLG,0.973805855162,0.0261941448382
100,GTEX-WY7C-0004-SM-4ONDS,0.93356470005,0.0664352999504
101,GTEX-1GPI7-0005-SM-A9G13,0.964347079038,0.0356529209622
102,GTEX-OIZI-0005-SM-2XCED,0.962151394422,0.0378486055777
103,GTEX-1MUQO-0005-SM-DKPPT,0.967507002801,0.0324929971989
104,GTEX-131XH-0006-SM-5O98V,0.972555746141,0.0274442538593
105,GTEX-14DAQ-0005-SM-5NQ7B,0.959661016949,0.0403389830508
106,GTEX-ZUA1-0005-SM-4YCEV,0.970232959448,0.0297670405522
107,GTEX-17HHY-0006-SM-7MXT4,0.970187393526,0.0298126064736
108,GTEX-1PBJJ-0005-SM-CKZND,0.968859478396,0.0311405216037
109,GTEX-13OVL-0006-SM-5O996,0.959289735816,0.0407102641836
110,GTEX-1QW4Y-0005-SM-DO93W,0.972455648926,0.0275443510738
111,GTEX-Y5LM-0003-SM-4V6G1,0.939963614312,0.0600363856883
112,GTEX-XMK1-0005-SM-4B665,0.971081307628,0.0289186923722
113,GTEX-P44H-0006-SM-2XCFB,0.953693073096,0.0463069269039
114,GTEX-1P4AB-0005-SM-CY8GM,0.96992019644,0.0300798035605
115,GTEX-T5JW-0003-SM-3NMAD,0.950263311878,0.0497366881217
116,GTEX-1H1CY-0005-SM-A9G15,0.961070559611,0.0389294403893
117,GTEX-1B933-0006-SM-7P8OP,0.96626984127,0.0337301587302
118,GTEX-13FTX-0005-SM-5N9F6,0.960204885737,0.0397951142632
119,GTEX-1ICG6-0006-SM-A96RH,0.966480446927,0.0335195530726
120,GTEX-1RB15-0005-SM-CL53N,0.97066392177,0.0293360782295
121,GTEX-1LSNM-0005-SM-CXZIW,0.965346534653,0.0346534653465
122,GTEX-XAJ8-0006-SM-46MVM,0.965034965035,0.034965034965
123,GTEX-15D1Q-0006-SM-9KNTN,0.951162790698,0.0488372093023
124,GTEX-XPT6-0006-SM-4B66Q,0.96011816839,0.03988183161
125,GTEX-11ZU8-0005-SM-5PNU5,0.972288202692,0.027711797308
126,GTEX-13U4I-0006-SM-5N9CI,0.966011329557,0.0339886704432
127,GTEX-X638-0003-SM-47JZ1,0.942118863049,0.0578811369509
128,GTEX-U3ZG-0001-SM-47JYF,0.941590048675,0.058409951325
129,GTEX-XYKS-0002-SM-4BRWN,0.951501154734,0.0484988452656
130,GTEX-1QP28-0006-SM-DLZQW,0.969310943833,0.0306890561668
131,GTEX-ZG7Y-0006-SM-4WWEA,0.967411545624,0.0325884543762
132,GTEX-1I1CD-0005-SM-ADEGY,0.958086200079,0.0419137999209
133,GTEX-WHPG-0006-SM-3NMBV,0.96072234763,0.0392776523702
134,GTEX-1PPH7-0005-SM-CKZNE,0.967504598406,0.0324954015941
135,GTEX-XYKS-0005-SM-4BRUD,0.974198918019,0.0258010819809
136,GTEX-UPJH-0006-SM-3GACW,0.960855528652,0.0391444713479
137,GTEX-XMD3-0006-SM-4AT5X,0.963432835821,0.0365671641791
138,GTEX-N7MT-0007-SM-3GACQ,0.9612429001,0.0387570998998
139,GTEX-15DYW-0006-SM-7RHFR,0.966679433167,0.0333205668326
140,GTEX-WRHU-0006-SM-3MJF6,0.958957887223,0.0410421127766
141,GTEX-1211K-0006-SM-5MR53,0.969711773327,0.0302882266732
142,GTEX-1A3MX-0005-SM-7MGW7,0.966990291262,0.0330097087379
143,GTEX-147JS-0006-SM-5NQ7K,0.96837944664,0.0316205533597
144,GTEX-1HR98-0005-SM-A9SKM,0.973600844773,0.026399155227
145,GTEX-X5EB-0006-SM-46MV5,0.971318257033,0.0286817429675
146,GTEX-XGQ4-0005-SM-4AT5U,0.964788732394,0.0352112676056
147,GTEX-1LBAC-0005-SM-DIPEE,0.973439575033,0.0265604249668
148,GTEX-11EM3-0001-SM-5Q5BD,0.952631578947,0.0473684210526
149,GTEX-PLZ4-0006-SM-CYPR7,0.964882943144,0.0351170568562
150,GTEX-R55C-0005-SM-3GAE9,0.960950764007,0.0390492359932
151,GTEX-1122O-0005-SM-5O99J,0.964318813716,0.0356811862836
152,GTEX-Y114-0006-SM-4TT76,0.963061690784,0.0369383092155
153,GTEX-14E6E-0006-SM-5MR5N,0.970190964136,0.029809035864
154,GTEX-R53T-0005-SM-3GADK,0.968957871397,0.0310421286031
155,GTEX-Y111-0006-SM-4SOIO,0.960595094491,0.0394049055086
156,GTEX-1C6VR-0005-SM-7MKF7,0.9638671875,0.0361328125
157,GTEX-12WSH-0005-SM-5NQ9P,0.949415003441,0.0505849965588
158,GTEX-1GN1W-0006-SM-A9SKL,0.96711509716,0.0328849028401
159,GTEX-1A3MW-0006-SM-7MKGU,0.964119291705,0.0358807082945
160,GTEX-1HCU8-0005-SM-A96RL,0.957502820609,0.0424971793907
161,GTEX-S4Q7-0003-SM-3NM8M,0.933295647258,0.0667043527417
162,GTEX-1HGF4-0002-SM-EZ6M7,0.949196141479,0.0508038585209
163,GTEX-1GZHY-0005-SM-ARZL6,0.958145814581,0.0418541854185
164,GTEX-XBED-0006-SM-47JXO,0.970701248799,0.0292987512008
165,GTEX-113IC-0006-SM-5NQ9C,0.966939078752,0.0330609212481
166,GTEX-1JJEA-0006-SM-DHXJ2,0.965417867435,0.0345821325648
167,GTEX-1S83E-0006-SM-DLHBW,0.972944297082,0.0270557029178
168,GTEX-1J8Q2-0006-SM-CNNOZ,0.964502568893,0.035497431107
169,GTEX-1HBPN-0002-SM-EYYW2,0.957095709571,0.042904290429
170,GTEX-131XG-0006-SM-5O9CE,0.964444444444,0.0355555555556
171,GTEX-11P82-0006-SM-5N9FY,0.964838844705,0.0351611552951
172,GTEX-17JCI-0005-SM-7P8OL,0.963244107072,0.0367558929285
173,GTEX-131XE-0006-SM-5P9F9,0.972093023256,0.0279069767442
174,GTEX-Y5V6-0005-SM-4V6FD,0.970287384316,0.0297126156844
175,GTEX-111YS-0006-SM-5NQBE,0.965997770346,0.0340022296544
176,GTEX-1128S-0005-SM-5P9HI,0.962330097087,0.0376699029126
177,GTEX-WRHK-0001-SM-4WWDD,0.935536294691,0.0644637053088
178,GTEX-1HR9M-0005-SM-AHZ26,0.964028776978,0.0359712230216
179,GTEX-OIZH-0005-SM-2HMJN,0.964248704663,0.0357512953368
180,GTEX-ZC5H-0004-SM-4WAXK,0.941435768262,0.058564231738
181,GTEX-1HCVE-0006-SM-ADEH2,0.960847535698,0.0391524643022
182,GTEX-1GN73-0005-SM-ACKVI,0.9589678511,0.0410321489002
183,GTEX-1S5ZU-0005-SM-CYPS3,0.958158995816,0.0418410041841
184,GTEX-14ICL-0006-SM-5SIAB,0.958363769175,0.0416362308254
185,GTEX-1HSMP-0006-SM-AHZ25,0.970475669765,0.0295243302351
186,GTEX-YB5E-0005-SM-4VDSO,0.959487391484,0.0405126085159
187,GTEX-1EKGG-0001-SM-EAZCL,0.958111702128,0.0418882978723
188,GTEX-1269C-0005-SM-5N9CJ,0.958968963703,0.0410310362967
189,GTEX-SNOS-0003-SM-3NMAO,0.945283018868,0.0547169811321
190,GTEX-SUCS-0002-SM-3NMAJ,0.943781942078,0.0562180579216
191,GTEX-11EQ8-0006-SM-5P9HJ,0.971843778383,0.0281562216167
192,GTEX-18A6Q-0005-SM-9KNVX,0.960954446855,0.0390455531453
193,GTEX-1H2FU-0004-SM-EYYW8,0.948089401586,0.0519105984138
194,GTEX-11DXY-0006-SM-5NQ8N,0.964180569185,0.0358194308145
195,GTEX-1CB4H-0006-SM-A96RE,0.961840628507,0.0381593714927
196,GTEX-ZEX8-0004-SM-4WKFQ,0.951552795031,0.0484472049689
197,GTEX-1EKGG-0005-SM-AHZ1Z,0.96630859375,0.03369140625
198,GTEX-11I78-0001-SM-5Q5BE,0.94269005848,0.0573099415205
199,GTEX-WYVS-0004-SM-4ONDT,0.953116950026,0.0468830499742
200,GTEX-1HCU6-0426-SM-CM2SI,0.957858769932,0.0421412300683
201,GTEX-15CHR-0526-SM-79OLJ,0.935922330097,0.0640776699029
202,GTEX-U3ZN-2526-SM-3DB7V,0.978483606557,0.0215163934426
203,GTEX-S4P3-0326-SM-4AD6P,0.968487394958,0.031512605042
204,GTEX-13X6I-0926-SM-5LUAB,0.970752955818,0.0292470441817
205,GTEX-1399U-0626-SM-5J1NZ,0.989640883978,0.0103591160221
206,GTEX-1GF9X-1826-SM-7PC3X,0.970760233918,0.0292397660819
207,GTEX-14BIN-0926-SM-5S2OZ,0.954545454545,0.0454545454545
208,GTEX-PWCY-0426-SM-48TCW,0.96486825596,0.0351317440402
209,GTEX-YB5E-2426-SM-5IFIV,0.985952589991,0.0140474100088
210,GTEX-1GMR3-2326-SM-7SB94,0.958883994126,0.0411160058737
211,GTEX-14PN4-0426-SM-6AJ9N,0.954856361149,0.0451436388509
212,GTEX-1LB8K-1126-SM-DIPEP,0.920174165457,0.0798258345428
213,GTEX-13RTJ-2626-SM-7DHKR,0.975092250923,0.0249077490775
214,GTEX-14ASI-1126-SM-5QGPN,0.934221482098,0.0657785179017
215,GTEX-1HBPN-1026-SM-9YFLZ,0.978609625668,0.0213903743316
216,GTEX-1HBPH-0326-SM-CM2S8,0.958669354839,0.0413306451613
217,GTEX-1EU9M-0426-SM-7SB8N,0.953142857143,0.0468571428571
218,GTEX-13VXU-0526-SM-5K7V1,0.964677222899,0.0353227771011
219,GTEX-1LVAN-0426-SM-CNPPD,0.967741935484,0.0322580645161
220,GTEX-1HSMP-0526-SM-B2LXI,0.968950749465,0.0310492505353
221,GTEX-1HGF4-2826-SM-ADEII,0.970409051349,0.029590948651
222,GTEX-OIZG-0426-SM-3LK5W,0.953405017921,0.0465949820789
223,GTEX-YFC4-0926-SM-5S2U7,0.96813353566,0.0318664643399
224,GTEX-1J1R8-0826-SM-ACKWP,0.965130759651,0.0348692403487
225,GTEX-11TUW-0926-SM-5EQMW,0.960069444444,0.0399305555556
226,GTEX-11NV4-0526-SM-5N9BF,0.965620328849,0.034379671151
227,GTEX-1339X-2626-SM-5K7YX,0.975935828877,0.024064171123
228,GTEX-TMMY-0626-SM-33HBD,0.965879265092,0.0341207349081
229,GTEX-QDT8-1026-SM-43V6X,0.960900473934,0.0390995260664
230,GTEX-1M4P7-0426-SM-DKPQG,0.954659949622,0.0453400503778
231,GTEX-1B8KZ-2226-SM-73KYS,0.959951456311,0.0400485436893
232,GTEX-1QW4Y-1926-SM-E8VO3,0.961052631579,0.0389473684211
233,GTEX-S3XE-0326-SM-4AD6L,0.974098057354,0.0259019426457
234,GTEX-WHPG-2326-SM-3NMBP,0.957683741648,0.0423162583519
235,GTEX-WFON-2526-SM-3LK7P,0.978494623656,0.0215053763441
236,GTEX-1HC8U-1126-SM-COH35,0.974779319042,0.0252206809584
237,GTEX-R55E-1126-SM-48FDZ,0.944554455446,0.0554455445545
238,GTEX-WHPG-0926-SM-4M1XY,0.975247524752,0.0247524752475
239,GTEX-1399S-0926-SM-5PNVQ,0.983068240123,0.0169317598769
240,GTEX-Y8E4-1126-SM-5IFIA,0.967455621302,0.0325443786982
241,GTEX-1CB4E-0426-SM-7PBY5,0.970338983051,0.0296610169492
242,GTEX-11P81-2726-SM-59876,0.97,0.03
243,GTEX-13PLJ-0526-SM-5K7VW,0.948453608247,0.0515463917526
244,GTEX-1JK1U-0426-SM-CYPSP,0.97738446411,0.0226155358899
245,GTEX-ZZPU-0226-SM-5N9BV,0.98361423221,0.0163857677903
246,GTEX-14PN3-0426-SM-6LLIY,0.987138263666,0.0128617363344
247,GTEX-QLQ7-0326-SM-DHXIO,0.980116391853,0.0198836081474
248,GTEX-12WSM-0526-SM-5GCO8,0.963636363636,0.0363636363636
249,GTEX-1C4CL-0126-SM-7IGN5,0.965714285714,0.0342857142857
250,GTEX-1F5PL-0526-SM-7PBYD,0.982326951399,0.0176730486009
251,GTEX-15SHV-0826-SM-7KUFA,0.97853736089,0.0214626391097
252,GTEX-16XZZ-1426-SM-7KUE3,0.962927756654,0.037072243346
253,GTEX-14C39-2626-SM-5S2QD,0.966426858513,0.0335731414868
254,GTEX-1HCU8-1526-SM-ADEHG,0.963377416073,0.0366225839268
255,GTEX-14PJN-2226-SM-6872I,0.975954738331,0.024045261669
256,GTEX-1IKOE-0826-SM-ARZME,0.964436917866,0.0355630821338
257,GTEX-15CHC-0526-SM-6EU23,0.964776632302,0.0352233676976
258,GTEX-QV44-2226-SM-447A3,0.956873315364,0.0431266846361
259,GTEX-ZAK1-0426-SM-5J1MS,0.957636566332,0.0423634336678
260,GTEX-1QCLY-0626-SM-EAZ3Y,0.972157772622,0.0278422273782
261,GTEX-146FH-1326-SM-5NQBI,0.969245107176,0.0307548928239
262,GTEX-1CB4F-0726-SM-793AO,0.95564516129,0.0443548387097
263,GTEX-1NSGN-0526-SM-E9J34,0.980854197349,0.019145802651
264,GTEX-1EKGG-0826-SM-79OLL,0.942796610169,0.0572033898305
265,GTEX-1AX8Z-1426-SM-7939T,0.960975609756,0.0390243902439
266,GTEX-1HSGN-1026-SM-CNPQ1,0.974264705882,0.0257352941176
267,GTEX-PLZ6-0326-SM-3P61J,0.9637599094,0.0362400906002
268,GTEX-OHPL-3026-SM-3MJGS,0.984126984127,0.015873015873
269,GTEX-1R7EU-0426-SM-EVR4H,0.974462365591,0.0255376344086
270,GTEX-ZTPG-0726-SM-5DUXP,0.981805458362,0.0181945416375
271,GTEX-1C64O-1026-SM-7PC3L,0.969202898551,0.0307971014493
272,GTEX-Q2AH-0626-SM-48TZJ,0.9796314258,0.0203685741998
273,GTEX-147F4-1326-SM-5LU9V,0.952830188679,0.0471698113208
274,GTEX-11GS4-2926-SM-5A5LF,0.968011126565,0.0319888734353
275,GTEX-QXCU-0226-SM-2TC5W,0.969344608879,0.0306553911205
276,GTEX-1JJEA-0726-SM-CYPSN,0.945017182131,0.0549828178694
277,GTEX-OXRO-1926-SM-2S1O3,0.965432098765,0.0345679012346
278,GTEX-13X6K-1926-SM-5LU4O,0.939704209329,0.0602957906712
279,GTEX-13O3O-1126-SM-5KM4Q,0.954260089686,0.0457399103139
280,GTEX-X4XY-1526-SM-4QASE,0.939501779359,0.0604982206406
281,GTEX-O5YT-1826-SM-32PK9,0.973995271868,0.0260047281324
282,GTEX-14JG6-2026-SM-6EU2E,0.976388888889,0.0236111111111
283,GTEX-1CB4E-0726-SM-7EWEY,0.969868173258,0.030131826742
284,GTEX-145MO-0626-SM-5NQAW,0.966013071895,0.0339869281046
285,GTEX-1IDJU-2326-SM-ARL89,0.966149506347,0.033850493653
286,GTEX-PSDG-1026-SM-48TCV,0.969696969697,0.030303030303
287,GTEX-1I19N-1926-SM-CM2TF,0.961187214612,0.0388127853881
288,GTEX-1R9PO-0226-SM-E6CHS,0.958850931677,0.041149068323
289,GTEX-XBED-2426-SM-4AT4O,0.956714761376,0.0432852386238
290,GTEX-O5YV-0626-SM-3LK64,0.972097209721,0.027902790279
291,GTEX-17HHY-0526-SM-793BZ,0.957943925234,0.0420560747664
292,GTEX-X4XY-0526-SM-46MW1,0.954744525547,0.0452554744526
293,GTEX-1GMR2-1126-SM-7RHI6,0.981878088962,0.0181219110379
294,GTEX-1HSKV-0626-SM-CNPPL,0.944158075601,0.0558419243986
295,GTEX-11EMC-0926-SM-59863,0.9662077597,0.0337922403004
296,GTEX-147F4-0126-SM-5QGPV,0.957796014068,0.042203985932
297,GTEX-1122O-0426-SM-5H12G,0.977755308392,0.0222446916077
298,GTEX-ZAB5-2026-SM-5L3EQ,0.958217270195,0.041782729805
299,GTEX-YJ8O-0126-SM-5QGRG,0.9558390579,0.0441609421001
300,GTEX-ZVZQ-0011-R11a-SM-51MS6,0.831376734258,0.168623265742
301,GTEX-11GSP-0011-R5a-SM-57WBE,0.846153846154,0.153846153846
302,GTEX-14ASI-0011-R1b-SM-5S2TY,0.814748201439,0.185251798561
303,GTEX-1F75B-0011-R5a-SM-9QEHC,0.844198895028,0.155801104972
304,GTEX-Y8DK-0011-R8B-SM-EYYVQ,0.846285226302,0.153714773698
305,GTEX-QMR6-0011-R2A-SM-32PKV,0.849008317338,0.150991682662
306,GTEX-1B8SF-0011-R8b-SM-7P8SX,0.846363018355,0.153636981645
307,GTEX-Z93S-0011-R7b-SM-4RGNK,0.836526181354,0.163473818646
308,GTEX-131YS-3126-SM-5KLYT,0.815746309459,0.184253690541
309,GTEX-WHSE-0011-R3A-SM-3P5ZM,0.824694234129,0.175305765871
310,GTEX-1313W-0011-R7b-SM-5DUWL,0.841406768414,0.158593231586
311,GTEX-1B996-0011-R10b-SM-CJI3T,0.823335167859,0.176664832141
312,GTEX-1C6WA-0011-R5a-SM-9WG5X,0.850455927052,0.149544072948
313,GTEX-1ICLZ-0011-R8b-SM-ACKX4,0.851804123711,0.148195876289
314,GTEX-1IY9M-0011-R7a-SM-D4P49,0.838443396226,0.161556603774
315,GTEX-16XZZ-0011-R9b-SM-7DHKX,0.87037037037,0.12962962963
316,GTEX-16YQH-0011-R5b-SM-7938U,0.840898876404,0.159101123596
317,GTEX-13FLV-0011-R10b-SM-5LZZ2,0.821070234114,0.178929765886
318,GTEX-OHPN-0011-R1A-SM-2I5GB,0.8578125,0.1421875
319,GTEX-13CF2-0011-R11b-SM-5LZXO,0.826155462185,0.173844537815
320,GTEX-1MJK2-3026-SM-EV7A5,0.828475871954,0.171524128046
321,GTEX-13FLV-0011-R6a-SM-5KLZ4,0.826727066818,0.173272933182
322,GTEX-13FHO-2926-SM-5L3ES,0.820190858865,0.179809141135
323,GTEX-WZTO-0011-R4A-SM-3NMC7,0.823366555925,0.176633444075
324,GTEX-11DYG-0011-R5a-SM-DO928,0.829457364341,0.170542635659
325,GTEX-13IVO-0011-R10a-SM-5LZY3,0.839070567986,0.160929432014
326,GTEX-15ER7-0011-R7a-SM-6M46N,0.840805717999,0.159194282001
327,GTEX-NPJ7-0011-R9a-SM-2TC5R,0.880044223328,0.119955776672
328,GTEX-14BIN-0011-R11a-SM-5SI79,0.825353645267,0.174646354733
329,GTEX-12WSC-0011-R9a-SM-5GU4U,0.850113122172,0.149886877828
330,GTEX-1HSMO-0011-R2a-SM-CL553,0.841131664853,0.158868335147
331,GTEX-T2IS-0011-R3A-SM-32QPB,0.816448801743,0.183551198257
332,GTEX-13CF2-0011-R1a-SM-5LZY1,0.831849653808,0.168150346192
333,GTEX-1E1VI-0011-R4b-SM-9QEHV,0.838842975207,0.161157024793
334,GTEX-Q2AG-0011-R11A-SM-2HMKZ,0.825425246195,0.174574753805
335,GTEX-NL4W-0011-R5a-SM-2I3GD,0.844565877353,0.155434122647
336,GTEX-ZZPT-3026-SM-5GZXH,0.833430401864,0.166569598136
337,GTEX-144GL-0011-R11b-SM-5P9F6,0.826932668329,0.173067331671
338,GTEX-14PQA-0011-R1b-SM-6EU1G,0.83475177305,0.16524822695
339,GTEX-12ZZX-0011-R10b-SM-5DUWK,0.807615230461,0.192384769539
340,GTEX-1GZ2Q-0011-R6a-SM-9OSWM,0.828496042216,0.171503957784
341,GTEX-1C6VR-0011-R6a-SM-7MXU8,0.82810615199,0.17189384801
342,GTEX-1JJ6O-0011-R11b-SM-EXUS2,0.829378531073,0.170621468927
343,GTEX-13QJC-0011-R8b-SM-5S2U6,0.84140969163,0.15859030837
344,GTEX-P44G-0011-R7A-SM-2I3F9,0.838526912181,0.161473087819
345,GTEX-1H3NZ-0011-R6b-SM-A9G1N,0.838181818182,0.161818181818
346,GTEX-WL46-2826-SM-3LK81,0.82777232581,0.17222767419
347,GTEX-11DZ1-0011-R8b-SM-DNZZI,0.842548076923,0.157451923077
348,GTEX-13N2G-0011-R2a-SM-5MR4Q,0.845297029703,0.154702970297
349,GTEX-ZDXO-0011-R2b-SM-4WKFG,0.865240641711,0.134759358289
350,GTEX-17MF6-0011-R5a-SM-731BA,0.853838065195,0.146161934805
351,GTEX-1GZHY-0011-R11a-SM-C1YRQ,0.839665164198,0.160334835802
352,GTEX-1B8L1-0011-R10b-SM-7P8Q4,0.814113597246,0.185886402754
353,GTEX-1HR9M-0011-R5a-SM-ARU72,0.848244620612,0.151755379388
354,GTEX-1HGF4-0011-R5b-SM-CM2ST,0.842170160296,0.157829839704
355,GTEX-15CHQ-0011-R1a-SM-COH27,0.824813325675,0.175186674325
356,GTEX-1GZHY-3026-SM-7MXVA,0.828888888889,0.171111111111
357,GTEX-X4XY-3026-SM-EWRM9,0.823102310231,0.176897689769
358,GTEX-147GR-0011-R2b-SM-5S2RQ,0.849158249158,0.150841750842
359,GTEX-15SHU-3026-SM-6LPIB,0.84420459878,0.15579540122
360,GTEX-13OW5-0011-R6b-SM-5O9BW,0.854281767956,0.145718232044
361,GTEX-13G51-0011-R1a-SM-5LZYR,0.811365807068,0.188634192932
362,GTEX-11EMC-0011-R8b-SM-DO91Z,0.871926229508,0.128073770492
363,GTEX-1PIIG-2826-SM-DTX7O,0.830348727615,0.169651272385
364,GTEX-14ABY-0011-R9a-SM-5PNZK,0.859688195991,0.140311804009
365,GTEX-14ABY-0011-R5b-SM-5SI7B,0.83644016837,0.16355983163
366,GTEX-1GF9V-0011-R10b-SM-CKZNP,0.802232854864,0.197767145136
367,GTEX-1EN7A-0011-R6b-SM-9QEHW,0.843672456576,0.156327543424
368,GTEX-1B933-0011-R10b-SM-9OSVN,0.8125,0.1875
369,GTEX-1IKK5-0011-R5b-SM-CL55B,0.838572189664,0.161427810336
370,GTEX-13OVJ-2826-SM-5L3GW,0.842548709847,0.157451290153
371,GTEX-14C39-0011-R3b-SM-5YYA3,0.824945295405,0.175054704595
372,GTEX-11ZVC-0011-R1b-SM-5BC6M,0.855743544078,0.144256455922
373,GTEX-17EVQ-2826-SM-7IGQK,0.821917808219,0.178082191781
374,GTEX-WHSE-0011-R10A-SM-EYYVG,0.817210682493,0.182789317507
375,GTEX-16YQH-0011-R10b-SM-7LT8U,0.822910902048,0.177089097952
376,GTEX-13FXS-0011-R9a-SM-5K7UI,0.853135313531,0.146864686469
377,GTEX-1A3MX-0011-R8a-SM-7P8PI,0.828004410143,0.171995589857
378,GTEX-ZE9C-3026-SM-4WKHB,0.819224467504,0.180775532496
379,GTEX-14ASI-0011-R5b-SM-6EU2M,0.837936046512,0.162063953488
380,GTEX-11GSP-0011-R1a-SM-9QEJ3,0.814814814815,0.185185185185
381,GTEX-13G51-0011-R7b-SM-5LZXG,0.836185819071,0.163814180929
382,GTEX-18464-0011-R10a-SM-72D6X,0.804162219851,0.195837780149
383,GTEX-1F52S-0011-R7b-SM-9QEH8,0.85063559322,0.14936440678
384,GTEX-1H4P4-0011-R1b-SM-CL54V,0.852078239609,0.147921760391
385,GTEX-1GN2E-3026-SM-9WG6I,0.818663136995,0.181336863005
386,GTEX-1445S-3026-SM-5O9BR,0.845346396081,0.154653603919
387,GTEX-ZAB4-0011-R9a-SM-4SOKG,0.860497237569,0.139502762431
388,GTEX-13JUV-0011-R1a-SM-5LZY4,0.829219143577,0.170780856423
389,GTEX-WWYW-0011-R5A-SM-3NB3E,0.848609211126,0.151390788874
390,GTEX-13VXU-3026-SM-5LU3K,0.831348261077,0.168651738923
391,GTEX-12WSM-0011-R11a-SM-5DUX8,0.828278114792,0.171721885208
392,GTEX-1B933-0011-R2b-SM-7IGNM,0.837236533958,0.162763466042
393,GTEX-1B8SF-0011-R6b-SM-7MXUD,0.829981718464,0.170018281536
394,GTEX-14JIY-0011-R8a-SM-6AJAP,0.827092511013,0.172907488987
395,GTEX-145LS-0011-R5a-SM-5SI65,0.84856133266,0.15143866734
396,GTEX-13N1W-0011-R4a-SM-5MR52,0.826013513514,0.173986486486
397,GTEX-RU72-0011-R5A-SM-2TF6U,0.832803560076,0.167196439924
398,GTEX-1EN7A-0011-R5a-SM-9QEH6,0.852374839538,0.147625160462
399,GTEX-1IY9M-0011-R9b-SM-D3L8J,0.868729989328,0.131270010672
400,GTEX-ZF29-1826-SM-4WKG8,0.771881838074,0.228118161926
401,GTEX-1A3MX-2326-SM-718B4,0.934196332255,0.0658036677454
402,GTEX-11TUW-2026-SM-5EQL8,0.914419695193,0.0855803048066
403,GTEX-147JS-2526-SM-5S2Q8,0.918096723869,0.081903276131
404,GTEX-OHPN-2026-SM-E9TIA,0.89042721519,0.10957278481
405,GTEX-1QP2A-2226-SM-DTXF6,0.92380952381,0.0761904761905
406,GTEX-ZZ64-0826-SM-5E449,0.880912162162,0.119087837838
407,GTEX-1RMOY-1726-SM-EVYC9,0.942602040816,0.0573979591837
408,GTEX-145LT-0926-SM-5LU9C,0.76343664182,0.23656335818
409,GTEX-1IDJH-2826-SM-CJI49,0.914603960396,0.085396039604
410,GTEX-12ZZW-2426-SM-5DUWE,0.922337870296,0.0776621297038
411,GTEX-Y114-1626-SM-4TT7I,0.942857142857,0.0571428571429
412,GTEX-ZPU1-1726-SM-4WWFV,0.934386391252,0.0656136087485
413,GTEX-13D11-0626-SM-5LZYY,0.841889117043,0.158110882957
414,GTEX-16MTA-1626-SM-6M47N,0.924603174603,0.0753968253968
415,GTEX-1AX9J-2526-SM-73KUY,0.942468619247,0.0575313807531
416,GTEX-11EQ9-1426-SM-5987G,0.929328621908,0.0706713780919
417,GTEX-13O1R-2426-SM-5KLZZ,0.923353293413,0.0766467065868
418,GTEX-1GZ4I-2426-SM-9WPPP,0.862857142857,0.137142857143
419,GTEX-13OVJ-1826-SM-5KM2D,0.932989690722,0.0670103092784
420,GTEX-VJYA-2126-SM-4KL1O,0.804749340369,0.195250659631
421,GTEX-1122O-1526-SM-5N9CL,0.684368308351,0.315631691649
422,GTEX-Y3I4-1426-SM-4TT9C,0.934169278997,0.0658307210031
423,GTEX-15G1A-1826-SM-7KUKO,0.949763033175,0.0502369668246
424,GTEX-1AMFI-1826-SM-73KWB,0.927725118483,0.0722748815166
425,GTEX-1HSMP-2326-SM-D3L8R,0.913822525597,0.0861774744027
426,GTEX-11NSD-1626-SM-5986U,0.791616283757,0.208383716243
427,GTEX-XGQ4-1226-SM-4AT67,0.78904109589,0.21095890411
428,GTEX-17MFQ-1226-SM-7KFSA,0.882244710212,0.117755289788
429,GTEX-13X6J-2826-SM-7EPGA,0.919418758256,0.0805812417437
430,GTEX-1QW4Y-1426-SM-E76P3,0.901292596945,0.0987074030552
431,GTEX-R55D-1826-SM-48FEF,0.754619364375,0.245380635625
432,GTEX-TML8-1326-SM-4DXTO,0.750496622964,0.249503377036
433,GTEX-1C6VQ-2726-SM-73KUL,0.916666666667,0.0833333333333
434,GTEX-15EO6-2326-SM-6LPKK,0.934763181412,0.065236818588
435,GTEX-1R9PM-1526-SM-DPRY8,0.795175438596,0.204824561404
436,GTEX-1C475-1626-SM-731FP,0.76958041958,0.23041958042
437,GTEX-1N2EF-1726-SM-EXUSI,0.916120576671,0.083879423329
438,GTEX-12WSL-1626-SM-5GCMU,0.859617137648,0.140382862352
439,GTEX-PLZ6-0926-SM-3P5ZQ,0.767169811321,0.232830188679
440,GTEX-QLQ7-1126-SM-CYPRB,0.925605536332,0.0743944636678
441,GTEX-ZYT6-2826-SM-5GICX,0.913525498891,0.0864745011086
442,GTEX-15SHU-2526-SM-6M47D,0.932129514321,0.0678704856787
443,GTEX-17F96-2126-SM-7KFSM,0.922374429224,0.0776255707763
444,GTEX-18A7B-2026-SM-72D71,0.897423432183,0.102576567817
445,GTEX-13OW5-2826-SM-5KM1G,0.918072289157,0.0819277108434
446,GTEX-1R9K5-2126-SM-E8VN1,0.845565749235,0.154434250765
447,GTEX-1LSVX-1726-SM-DHXJP,0.914087947883,0.0859120521173
448,GTEX-ZF2S-1926-SM-4WWAN,0.747911369415,0.252088630585
449,GTEX-NFK9-2026-SM-3LK5K,0.762026940346,0.237973059654
450,GTEX-1I1CD-2826-SM-A9SL4,0.921085080148,0.078914919852
451,GTEX-1E2YA-2526-SM-7IGOU,0.917771883289,0.0822281167109
452,GTEX-WOFM-1926-SM-4OOSP,0.740536567438,0.259463432562
453,GTEX-1GF9U-1526-SM-7MXUW,0.760583254939,0.239416745061
454,GTEX-ZDTT-1926-SM-5HL5W,0.751767478397,0.248232521603
455,GTEX-ZLWG-1726-SM-DNZZ2,0.752195494464,0.247804505536
456,GTEX-14C39-1926-SM-5ZZW5,0.860995062666,0.139004937334
457,GTEX-133LE-1526-SM-5IFEN,0.777698099677,0.222301900323
458,GTEX-14DAR-1526-SM-5RQIX,0.710731707317,0.289268292683
459,GTEX-1IDJC-1326-SM-CL53H,0.849917537108,0.150082462892
460,GTEX-1MA7W-0626-SM-EV79Z,0.759493670886,0.240506329114
461,GTEX-17HHE-1826-SM-79OKE,0.758039215686,0.241960784314
462,GTEX-1H1E6-1826-SM-A9G21,0.928104575163,0.0718954248366
463,GTEX-1QP67-1426-SM-E8VOO,0.929451287794,0.070548712206
464,GTEX-145MO-2426-SM-5NQ9W,0.93175074184,0.0682492581602
465,GTEX-13PL7-2526-SM-5IFGR,0.781452192667,0.218547807333
466,GTEX-U3ZM-1126-SM-4DXUB,0.726310217046,0.273689782954
467,GTEX-1LGRB-1426-SM-CNNPT,0.7784,0.2216
468,GTEX-1JMLX-2726-SM-CM2SB,0.907164480323,0.0928355196771
469,GTEX-XUW1-1926-SM-4BOP1,0.771402958315,0.228597041685
470,GTEX-1RAZR-1926-SM-E6CRF,0.738287560582,0.261712439418
471,GTEX-1F75B-2726-SM-7P8QO,0.936597938144,0.0634020618557
472,GTEX-15UF6-2726-SM-7KULY,0.924437299035,0.0755627009646
473,GTEX-1S5VW-2926-SM-E9U6H,0.9088639201,0.0911360799001
474,GTEX-S7SF-1926-SM-4AT5B,0.74649629019,0.25350370981
475,GTEX-111CU-1426-SM-5GZYP,0.721091205212,0.278908794788
476,GTEX-12ZZZ-2426-SM-5GCNN,0.914163090129,0.0858369098712
477,GTEX-1211K-1826-SM-5EGJ2,0.920535011802,0.0794649881983
478,GTEX-13W3W-2126-SM-5K7UX,0.919540229885,0.0804597701149
479,GTEX-1JN6P-2126-SM-ARL98,0.91393442623,0.0860655737705
480,GTEX-Y8E4-2426-SM-4WWDN,0.786624203822,0.213375796178
481,GTEX-1IDJF-1826-SM-CKZOE,0.848695652174,0.151304347826
482,GTEX-WHSE-2726-SM-EZ6ML,0.905280348394,0.0947196516059
483,GTEX-1KANC-0926-SM-D3LA9,0.719557195572,0.280442804428
484,GTEX-13N2G-2226-SM-5IJCU,0.91991991992,0.0800800800801
485,GTEX-13OVI-2126-SM-5KM3U,0.915525114155,0.0844748858447
486,GTEX-14JIY-3326-SM-6871E,0.768942235559,0.231057764441
487,GTEX-131YS-2926-SM-5EGKI,0.905389221557,0.0946107784431
488,GTEX-13FH7-1526-SM-5J2N6,0.865470852018,0.134529147982
489,GTEX-1HBPI-2226-SM-9WYTY,0.888533333333,0.111466666667
490,GTEX-18D9A-1326-SM-7LT8P,0.875870069606,0.124129930394
491,GTEX-1HSMQ-2526-SM-A9SMK,0.844589096827,0.155410903173
492,GTEX-1E2YA-2626-SM-7MGWW,0.915615141956,0.0843848580442
493,GTEX-ZEX8-1926-SM-4WKFR,0.75723412251,0.24276587749
494,GTEX-11P81-1126-SM-5GU5G,0.925961538462,0.0740384615385
495,GTEX-1QCLY-2026-SM-EVR4C,0.878656554713,0.121343445287
496,GTEX-11ONC-2026-SM-5HL61,0.891915641476,0.108084358524
497,GTEX-1IDJU-2026-SM-A9SLM,0.746425567704,0.253574432296
498,GTEX-1HCU7-2626-SM-C1YQO,0.939151813153,0.060848186847
499,GTEX-11VI4-1526-SM-5EQKC,0.726117647059,0.273882352941
500,GTEX-1L5NE-1426-SM-DHXKV,0.895190562613,0.104809437387
501,GTEX-1GL5R-1526-SM-7MKHO,0.925048543689,0.0749514563107
502,GTEX-11DYG-1326-SM-5N9DO,0.898155265181,0.101844734819
503,GTEX-11P7K-1226-SM-5HL4X,0.942307692308,0.0576923076923
504,GTEX-18D9A-0326-SM-7LT8L,0.948824343015,0.0511756569848
505,GTEX-1MA7W-0426-SM-E9TJ5,0.915996784566,0.0840032154341
506,GTEX-1B97I-1026-SM-73KVC,0.932766615147,0.0672333848532
507,GTEX-15UF7-0926-SM-6M46F,0.904377390565,0.0956226094348
508,GTEX-18QFQ-1026-SM-7LG6B,0.897222222222,0.102777777778
509,GTEX-1C475-0926-SM-7MKFI,0.922897196262,0.0771028037383
510,GTEX-YB5K-0726-SM-5LU8R,0.959367945824,0.0406320541761
511,GTEX-1LGRB-1626-SM-CNNR7,0.914201183432,0.085798816568
512,GTEX-ZV68-0926-SM-59HK7,0.924623115578,0.0753768844221
513,GTEX-ZA64-0526-SM-5HL9I,0.953516090584,0.046483909416
514,GTEX-XUW1-1526-SM-4BOOY,0.935988620199,0.0640113798009
515,GTEX-YEC4-1026-SM-9WG7N,0.901296528649,0.0987034713509
516,GTEX-WHWD-0926-SM-4OORY,0.938499822254,0.0615001777462
517,GTEX-1F48J-1626-SM-9WPOE,0.945851528384,0.0541484716157
518,GTEX-1JMQJ-1026-SM-CNPP8,0.931071049841,0.0689289501591
519,GTEX-11ZTS-2726-SM-5EQLU,0.961768219833,0.0382317801673
520,GTEX-1NHNU-1726-SM-E76R1,0.925968109339,0.0740318906606
521,GTEX-1C6VQ-2026-SM-79OOH,0.938827527613,0.0611724723874
522,GTEX-P4QS-0626-SM-3NMD1,0.928788390145,0.0712116098549
523,GTEX-1HKZK-1426-SM-A96U1,0.892623716153,0.107376283847
524,GTEX-1IKK5-1326-SM-AHZ2X,0.904336164506,0.095663835494
525,GTEX-13W46-1926-SM-5J2MF,0.892352941176,0.107647058824
526,GTEX-146FQ-1026-SM-5LU8I,0.914496696463,0.0855033035367
527,GTEX-1NV8Z-2026-SM-E8VMD,0.954545454545,0.0454545454545
528,GTEX-13OVG-0626-SM-5IFEP,0.910358565737,0.0896414342629
529,GTEX-S4Z8-0726-SM-4GICB,0.950276243094,0.0497237569061
530,GTEX-1RNTQ-1126-SM-E9TK9,0.949709864603,0.0502901353965
531,GTEX-11GSP-1726-SM-5A5LI,0.953539823009,0.0464601769912
532,GTEX-1F5PL-1226-SM-7P8R5,0.94459833795,0.0554016620499
533,GTEX-ZVE2-1326-SM-5NQ94,0.922083165119,0.0779168348809
534,GTEX-1H11D-2126-SM-9OSXM,0.900505902192,0.0994940978078
535,GTEX-1GF9X-0726-SM-7SB7V,0.95843373494,0.0415662650602
536,GTEX-1O97I-1826-SM-EXUS9,0.945161290323,0.0548387096774
537,GTEX-1R9PM-1126-SM-E76OX,0.903797468354,0.0962025316456
538,GTEX-PSDG-1326-SM-48TD2,0.910901847157,0.0890981528432
539,GTEX-1LGOU-0526-SM-D3LAO,0.897329650092,0.102670349908
540,GTEX-1I1GR-1426-SM-CY8H8,0.665678280208,0.334321719792
541,GTEX-ZLV1-0526-SM-4WWD4,0.898896247241,0.101103752759
542,GTEX-11TUW-1226-SM-5GU7C,0.949015063731,0.0509849362688
543,GTEX-13X6H-1426-SM-5SI91,0.954828660436,0.0451713395639
544,GTEX-1IDJF-1326-SM-A9G2R,0.939747327502,0.0602526724976
545,GTEX-18A66-1526-SM-72D6Y,0.939824945295,0.0601750547046
546,GTEX-13W3W-1826-SM-5IJDE,0.916585838991,0.0834141610087
547,GTEX-17EVQ-1926-SM-7IGOF,0.879421221865,0.120578778135
548,GTEX-XQ8I-1526-SM-4BOOH,0.88799321171,0.11200678829
549,GTEX-13CF3-1726-SM-5LU9E,0.933333333333,0.0666666666667
550,GTEX-1J1R8-1026-SM-CJI37,0.932266009852,0.0677339901478
551,GTEX-1JMQK-1826-SM-CY8I1,0.971052631579,0.0289473684211
552,GTEX-1EKGG-1726-SM-7MXUP,0.884555382215,0.115444617785
553,GTEX-1RLM8-0726-SM-E6CRH,0.902186421174,0.0978135788262
554,GTEX-W5WG-1626-SM-4LMKG,0.89817232376,0.10182767624
555,GTEX-OXRL-0726-SM-3NM9A,0.940797940798,0.0592020592021
556,GTEX-1497J-2126-SM-5NQB8,0.936363636364,0.0636363636364
557,GTEX-ZVZP-1626-SM-5GIDJ,0.948084054388,0.0519159456119
558,GTEX-14E7W-1926-SM-5S2R9,0.910398230088,0.0896017699115
559,GTEX-14PK6-1126-SM-5YY93,0.925737538149,0.0742624618515
560,GTEX-1H3NZ-1326-SM-9JGHI,0.93592920354,0.0640707964602
561,GTEX-14BIN-2626-SM-5YY8U,0.941095890411,0.058904109589
562,GTEX-NFK9-1226-SM-3LK79,0.936567164179,0.0634328358209
563,GTEX-OOBK-0726-SM-3LK5Q,0.946078431373,0.0539215686275
564,GTEX-145LT-1326-SM-5O9AQ,0.931606217617,0.0683937823834
565,GTEX-17F9E-1026-SM-7DUF1,0.927576601671,0.0724233983287
566,GTEX-P4PQ-0726-SM-3NMCR,0.951570680628,0.0484293193717
567,GTEX-13OW8-2326-SM-5L3I9,0.894959762812,0.105040237188
568,GTEX-1JMLX-2126-SM-CL54B,0.940194714882,0.0598052851182
569,GTEX-ZY6K-0526-SM-5GZY9,0.939068100358,0.0609318996416
570,GTEX-1B8KZ-0826-SM-73KYB,0.933842239186,0.0661577608142
571,GTEX-1LSVX-1226-SM-DHXJN,0.898952556993,0.101047443007
572,GTEX-14JG1-1826-SM-5YY9Y,0.904243743199,0.0957562568009
573,GTEX-P44H-1426-SM-E9U4O,0.950661853189,0.0493381468111
574,GTEX-ZAB5-0926-SM-5CVMV,0.922055225446,0.0779447745544
575,GTEX-1HBPM-1526-SM-A9G3H,0.954929577465,0.0450704225352
576,GTEX-1MCYP-1026-SM-DPRYB,0.883504650024,0.116495349976
577,GTEX-14PJN-0526-SM-68724,0.903467666354,0.0965323336457
578,GTEX-NPJ8-2026-SM-3TW91,0.939590075512,0.0604099244876
579,GTEX-13FH7-0526-SM-5IJF8,0.909693454847,0.0903065451533
580,GTEX-RM2N-0726-SM-48FD5,0.906022247794,0.0939777522056
581,GTEX-14C5O-1726-SM-5RQI9,0.956471935853,0.0435280641466
582,GTEX-1AX8Z-1826-SM-73KW6,0.947805456702,0.0521945432977
583,GTEX-17F98-1826-SM-7DUFK,0.922630560928,0.0773694390716
584,GTEX-OHPM-0726-SM-3LK7A,0.944444444444,0.0555555555556
585,GTEX-1L5NE-1326-SM-CY8II,0.952743902439,0.047256097561
586,GTEX-1PIIG-0926-SM-E6CQN,0.954787234043,0.0452127659574
587,GTEX-1211K-1026-SM-5EQ4B,0.947443181818,0.0525568181818
588,GTEX-1AMEY-0326-SM-72D5T,0.941340782123,0.0586592178771
589,GTEX-O5YV-1026-SM-3LK72,0.883296213808,0.116703786192
590,GTEX-15SB6-0926-SM-7KUFM,0.947075208914,0.0529247910864
591,GTEX-12KS4-1026-SM-5FQTD,0.905335628227,0.0946643717728
592,GTEX-Y9LG-0626-SM-4WWDH,0.899451553931,0.100548446069
593,GTEX-PLZ5-0826-SM-3P5ZW,0.961578400831,0.0384215991693
594,GTEX-WYVS-1026-SM-4SOJW,0.917728852839,0.0822711471611
595,GTEX-1AMFI-0326-SM-731CU,0.944646098004,0.0553539019964
596,GTEX-11EMC-2226-SM-5A5JW,0.901173285199,0.0988267148014
597,GTEX-1GN73-1926-SM-9JGGS,0.894297635605,0.105702364395
598,GTEX-ZEX8-1326-SM-4WWEW,0.942065491184,0.0579345088161
599,GTEX-13OVJ-1426-SM-5K7Z2,0.943016759777,0.0569832402235
600,GTEX-WFG8-0626-SM-3GILJ,0.852713178295,0.147286821705
601,GTEX-1RAZS-0826-SM-E76QP,0.912,0.088
602,GTEX-1HBPH-0226-SM-9WYSM,0.784044016506,0.215955983494
603,GTEX-OXRL-0326-SM-2I3F2,0.809688581315,0.190311418685
604,GTEX-WL46-0926-SM-3LK7T,0.878887070376,0.121112929624
605,GTEX-1C64N-0826-SM-7RHGQ,0.851305334847,0.148694665153
606,GTEX-ZEX8-0426-SM-DO92Y,0.843023255814,0.156976744186
607,GTEX-11TT1-1326-SM-5PNYM,0.82967032967,0.17032967033
608,GTEX-1GN1V-0826-SM-9KNU6,0.908296943231,0.0917030567686
609,GTEX-1GTWX-0926-SM-9MQKM,0.886195286195,0.113804713805
610,GTEX-1122O-0626-SM-5N9B9,0.794587945879,0.205412054121
611,GTEX-1R7EV-0326-SM-E76PA,0.814049586777,0.185950413223
612,GTEX-1EN7A-0726-SM-7PBXT,0.912087912088,0.0879120879121
613,GTEX-1GMRU-1326-SM-9WYUI,0.853773584906,0.146226415094
614,GTEX-1H3O1-0226-SM-9WYSW,0.866115702479,0.133884297521
615,GTEX-18D9U-1426-SM-718BO,0.812282734647,0.187717265353
616,GTEX-WI4N-0726-SM-3TW93,0.862809917355,0.137190082645
617,GTEX-1LGOU-0326-SM-D3LAM,0.791147994467,0.208852005533
618,GTEX-13PVR-0926-SM-5S2RB,0.843400447427,0.156599552573
619,GTEX-ZYT6-1726-SM-5E44P,0.9,0.1
620,GTEX-14PJ2-1026-SM-6EU1M,0.908141962422,0.0918580375783
621,GTEX-131XE-0526-SM-5K7YT,0.846077457795,0.153922542205
622,GTEX-11LCK-0926-SM-5A5KA,0.840620592384,0.159379407616
623,GTEX-1H3NZ-1026-SM-A9SM5,0.844056706652,0.155943293348
624,GTEX-17GQL-0626-SM-731CN,0.845733041575,0.154266958425
625,GTEX-16XZY-0526-SM-7DHKY,0.836653386454,0.163346613546
626,GTEX-ZPU1-0726-SM-5HL6O,0.836046511628,0.163953488372
627,GTEX-1HSGN-1126-SM-CJI4G,0.859967051071,0.140032948929
628,GTEX-14PII-1026-SM-5ZZVW,0.899788285109,0.100211714891
629,GTEX-1HCUA-0526-SM-A9SMH,0.859838274933,0.140161725067
630,GTEX-1I1GV-1326-SM-A96SE,0.885964912281,0.114035087719
631,GTEX-14XAO-1126-SM-6EU11,0.902127659574,0.0978723404255
632,GTEX-145LS-1326-SM-5Q5EP,0.87250650477,0.12749349523
633,GTEX-RWS6-0326-SM-2XCAP,0.83836589698,0.16163410302
634,GTEX-12WSG-1226-SM-5EQ4C,0.812655086849,0.187344913151
635,GTEX-1EMGI-1226-SM-793DD,0.852941176471,0.147058823529
636,GTEX-1JMPZ-1426-SM-CJI3C,0.885072655218,0.114927344782
637,GTEX-132AR-1926-SM-5EGK5,0.858201058201,0.141798941799
638,GTEX-132NY-1726-SM-5EGKK,0.837730870712,0.162269129288
639,GTEX-ZYFG-0426-SM-5E43M,0.838655462185,0.161344537815
640,GTEX-13VXT-1126-SM-5LU3A,0.830985915493,0.169014084507
641,GTEX-1IKOE-0626-SM-A9G31,0.803726708075,0.196273291925
642,GTEX-Q2AH-0526-SM-2I3ED,0.861035422343,0.138964577657
643,GTEX-QEG5-0926-SM-2TC64,0.866492146597,0.133507853403
644,GTEX-ZDXO-0726-SM-57WBT,0.832203389831,0.167796610169
645,GTEX-13FH7-0826-SM-5J2NW,0.844844844845,0.155155155155
646,GTEX-13CF2-0426-SM-5KM1H,0.844736842105,0.155263157895
647,GTEX-1E2YA-0626-SM-7P8P4,0.86529318542,0.13470681458
648,GTEX-XGQ4-0526-SM-4AT6C,0.806318681319,0.193681318681
649,GTEX-13FXS-1026-SM-62LFQ,0.831818181818,0.168181818182
650,GTEX-WHPG-1026-SM-3NMBA,0.883665338645,0.116334661355
651,GTEX-ZZPU-0926-SM-5GZYT,0.891514500537,0.108485499463
652,GTEX-1A8FM-1026-SM-7PC26,0.87527593819,0.12472406181
653,GTEX-ZLFU-0326-SM-4WWBK,0.826815642458,0.173184357542
654,GTEX-1AX9K-0426-SM-73KUG,0.816919191919,0.183080808081
655,GTEX-132NY-1426-SM-5J1MJ,0.852827265686,0.147172734314
656,GTEX-1IKOE-1026-SM-ARZMF,0.823348694316,0.176651305684
657,GTEX-ZVT2-0926-SM-5GICE,0.875,0.125
658,GTEX-13FH7-0926-SM-5J2MR,0.841954022989,0.158045977011
659,GTEX-13OW6-0926-SM-5L3GM,0.859982713915,0.140017286085
660,GTEX-1GN1U-1426-SM-7P8TF,0.842716711349,0.157283288651
661,GTEX-UJMC-0526-SM-3GAE3,0.856777493606,0.143222506394
662,GTEX-1K2DU-0226-SM-DIPF6,0.817164179104,0.182835820896
663,GTEX-17MF6-0926-SM-7LTAL,0.864926220204,0.135073779796
664,GTEX-WK11-0826-SM-EZ6LH,0.889423076923,0.110576923077
665,GTEX-1F48J-1126-SM-9WYSY,0.887800534283,0.112199465717
666,GTEX-WHSE-0926-SM-3NMBS,0.823529411765,0.176470588235
667,GTEX-11ONC-0126-SM-5PNW6,0.909539473684,0.0904605263158
668,GTEX-1BAJH-1626-SM-73KUV,0.856880733945,0.143119266055
669,GTEX-18465-0926-SM-731AY,0.841216216216,0.158783783784
670,GTEX-1HSMO-1226-SM-CL548,0.94004611837,0.0599538816295
671,GTEX-14PHX-2126-SM-6EU2U,0.835463258786,0.164536741214
672,GTEX-1JJEA-0826-SM-CL53T,0.815315315315,0.184684684685
673,GTEX-1JJ6O-2126-SM-CNNP6,0.883629191321,0.116370808679
674,GTEX-11DXY-0826-SM-5EGGR,0.891598915989,0.108401084011
675,GTEX-111YS-0326-SM-5GZZ3,0.811452513966,0.188547486034
676,GTEX-WQUQ-1426-SM-3MJFD,0.827470686767,0.172529313233
677,GTEX-ZAB5-0226-SM-5CVMH,0.828828828829,0.171171171171
678,GTEX-OXRK-0826-SM-2HMK7,0.843922651934,0.156077348066
679,GTEX-13O3P-1426-SM-5L3DT,0.833500501505,0.166499498495
680,GTEX-1IDJH-1026-SM-E9TKH,0.950819672131,0.0491803278689
681,GTEX-1399T-0426-SM-5PNVJ,0.95871559633,0.0412844036697
682,GTEX-ZTPG-1326-SM-51MSQ,0.890433360589,0.109566639411
683,GTEX-1PPH7-2026-SM-E9J3N,0.969418960245,0.0305810397554
684,GTEX-Y5V6-0826-SM-4VBRU,0.83660130719,0.16339869281
685,GTEX-ZDTT-0326-SM-4WKF9,0.874646559849,0.125353440151
686,GTEX-PWCY-0526-SM-5P9HG,0.828483920368,0.171516079632
687,GTEX-1C2JI-0626-SM-7DHM1,0.799719887955,0.200280112045
688,GTEX-1HSGN-0926-SM-CNNQM,0.803977272727,0.196022727273
689,GTEX-1IKOH-0926-SM-A9SLU,0.915712799168,0.0842872008325
690,GTEX-13O3O-1526-SM-5KM1C,0.821256038647,0.178743961353
691,GTEX-17HHY-1426-SM-7EWDQ,0.893162393162,0.106837606838
692,GTEX-O5YV-0326-SM-2I5H2,0.851265822785,0.148734177215
693,GTEX-1A8G6-1626-SM-7MGWO,0.919463087248,0.0805369127517
694,GTEX-11GS4-0526-SM-5A5KQ,0.924137931034,0.0758620689655
695,GTEX-1GMR3-0426-SM-7PC17,0.80374862183,0.19625137817
696,GTEX-YFC4-0526-SM-5ZZVI,0.867625899281,0.132374100719
697,GTEX-OOBJ-0326-SM-33HBO,0.848434925865,0.151565074135
698,GTEX-13FTZ-0326-SM-5J1O1,0.929497568882,0.0705024311183
699,GTEX-X8HC-1626-SM-46MWE,0.899068322981,0.100931677019
700,GTEX-U412-0326-SM-3DB9L,0.883254716981,0.116745283019
701,GTEX-1LG7Z-2126-SM-CXKYU,0.890282131661,0.109717868339
702,GTEX-11ZTT-2626-SM-5EQKK,0.863920099875,0.136079900125
703,GTEX-139T6-2026-SM-5IFFL,0.893048128342,0.106951871658
704,GTEX-1F48J-0526-SM-9WYSX,0.884934756821,0.115065243179
705,GTEX-12WSA-0726-SM-5FQU2,0.886157826649,0.113842173351
706,GTEX-1O9I2-0526-SM-EYYXI,0.866113744076,0.133886255924
707,GTEX-18A7B-0326-SM-7LG65,0.881198347107,0.118801652893
708,GTEX-1F5PK-2626-SM-7RHH6,0.907356948229,0.0926430517711
709,GTEX-13NZA-0526-SM-5L3D7,0.873368146214,0.126631853786
710,GTEX-17JCI-0326-SM-7LG5H,0.881074168798,0.118925831202
711,GTEX-1I1GR-0326-SM-CKZPI,0.860526315789,0.139473684211
712,GTEX-XPVG-2526-SM-4B66D,0.868808567604,0.131191432396
713,GTEX-14JIY-0426-SM-62LF7,0.868621064061,0.131378935939
714,GTEX-WWYW-0526-SM-3NB2W,0.9000999001,0.0999000999001
715,GTEX-1LGRB-2626-SM-CNPPR,0.891100702576,0.108899297424
716,GTEX-145LV-2326-SM-5LU8Z,0.863395225464,0.136604774536
717,GTEX-1R7EV-2026-SM-DTX83,0.83707201889,0.16292798111
718,GTEX-XMD1-0626-SM-EZ6MC,0.870454545455,0.129545454545
719,GTEX-1GMRU-0326-SM-9WYT6,0.870889159562,0.129110840438
720,GTEX-1PBJJ-0326-SM-E8VNT,0.876967095851,0.123032904149
721,GTEX-12WSD-0526-SM-5EQ6F,0.885922330097,0.114077669903
722,GTEX-T8EM-1326-SM-3DB7G,0.866317169069,0.133682830931
723,GTEX-UTHO-0726-SM-3GAEN,0.868453105968,0.131546894032
724,GTEX-145MN-2426-SM-5NQA5,0.879609544469,0.120390455531
725,GTEX-OHPK-1626-SM-2YUN3,0.870418848168,0.129581151832
726,GTEX-TKQ2-0826-SM-33HB6,0.887218045113,0.112781954887
727,GTEX-146FR-1726-SM-5Q5DT,0.877742946708,0.122257053292
728,GTEX-13U4I-1826-SM-5IJD2,0.878555798687,0.121444201313
729,GTEX-1EH9U-0326-SM-7P8S2,0.864501679731,0.135498320269
730,GTEX-13S7M-0326-SM-5S2PH,0.863288718929,0.136711281071
731,GTEX-WRHK-1626-SM-3MJFH,0.875986471251,0.124013528749
732,GTEX-QLQW-1326-SM-2S1QS,0.890011223345,0.109988776655
733,GTEX-1H11D-0326-SM-9WG71,0.889473684211,0.110526315789
734,GTEX-ZLWG-2126-SM-DO91M,0.876657824934,0.123342175066
735,GTEX-1F6I4-0326-SM-7P8T8,0.87265917603,0.12734082397
736,GTEX-1J1R8-2326-SM-CKZPS,0.868381240545,0.131618759455
737,GTEX-1B8L1-2726-SM-793AL,0.859116022099,0.140883977901
738,GTEX-Y5LM-2126-SM-4VDSY,0.910835214447,0.089164785553
739,GTEX-11DXX-2726-SM-5PNXO,0.870731707317,0.129268292683
740,GTEX-13G51-2726-SM-5LZZ9,0.863448275862,0.136551724138
741,GTEX-U4B1-1626-SM-3DB8N,0.894424673784,0.105575326216
742,GTEX-QCQG-2126-SM-DTXFV,0.844927536232,0.155072463768
743,GTEX-13NYS-0326-SM-5MR4L,0.905330882353,0.0946691176471
744,GTEX-R55E-0526-SM-2TC6B,0.883357041252,0.116642958748
745,GTEX-P44G-0526-SM-2XCD1,0.883333333333,0.116666666667
746,GTEX-1H3NZ-0326-SM-9MQL6,0.892323030907,0.107676969093
747,GTEX-14PQA-0526-SM-7KUFS,0.894660894661,0.105339105339
748,GTEX-SUCS-1626-SM-32PLS,0.882016036655,0.117983963345
749,GTEX-1F6IF-0226-SM-7PBZ6,0.868449197861,0.131550802139
750,GTEX-OIZG-1326-SM-2HMIQ,0.870882740448,0.129117259552
751,GTEX-139T4-0326-SM-5K7XN,0.894416243655,0.105583756345
752,GTEX-1HKZK-0226-SM-9WYUG,0.864491844417,0.135508155583
753,GTEX-Y3IK-2626-SM-4WWDK,0.886956521739,0.113043478261
754,GTEX-1J1OQ-0426-SM-A9SLI,0.884615384615,0.115384615385
755,GTEX-1IGQW-0526-SM-CKZO3,0.875218150087,0.124781849913
756,GTEX-1N2DW-0426-SM-E9TK4,0.863699582754,0.136300417246
757,GTEX-1J8JJ-0126-SM-D3L93,0.873325213155,0.126674786845
758,GTEX-XUYS-0326-SM-47JX2,0.892397660819,0.107602339181
759,GTEX-1B996-0326-SM-7DHMU,0.856957087126,0.143042912874
760,GTEX-12696-2826-SM-5FQTY,0.908185840708,0.091814159292
761,GTEX-15DDE-0526-SM-6ETZQ,0.8789407314,0.1210592686
762,GTEX-14DAQ-0326-SM-664MR,0.876063183475,0.123936816525
763,GTEX-16XZZ-0526-SM-7KUF1,0.875894988067,0.124105011933
764,GTEX-15ER7-0226-SM-7KUEU,0.886029411765,0.113970588235
765,GTEX-ZPIC-2526-SM-57WDP,0.871442590775,0.128557409225
766,GTEX-1LSNL-0126-SM-EWRNR,0.871313672922,0.128686327078
767,GTEX-11OF3-2526-SM-5P9JL,0.879533678756,0.120466321244
768,GTEX-1F75A-0626-SM-7PBYI,0.853892215569,0.146107784431
769,GTEX-1I1GP-2126-SM-CKZPJ,0.875949367089,0.124050632911
770,GTEX-U8T8-1426-SM-3DB9H,0.865257595773,0.134742404227
771,GTEX-13PLJ-0326-SM-5L3I7,0.88358556461,0.11641443539
772,GTEX-1AX8Z-5004-SM-ARZLD,0.863387978142,0.136612021858
773,GTEX-REY6-0826-SM-2TF4S,0.868757259001,0.131242740999
774,GTEX-145ME-2026-SM-5SIA5,0.868525896414,0.131474103586
775,GTEX-1I1GU-2126-SM-CGQF9,0.87441314554,0.12558685446
776,GTEX-11DXZ-2426-SM-5N9DT,0.896457765668,0.103542234332
777,GTEX-ZYY3-0526-SM-5E45G,0.869287991498,0.130712008502
778,GTEX-1RQED-0426-SM-E6CJP,0.869158878505,0.130841121495
779,GTEX-11WQC-2626-SM-5CVLF,0.879917184265,0.120082815735
780,GTEX-1IL2V-0526-SM-ARL8B,0.871706758305,0.128293241695
781,GTEX-144GO-1326-SM-5Q5EL,0.886458333333,0.113541666667
782,GTEX-1122O-2426-SM-5GIDN,0.877652933833,0.122347066167
783,GTEX-ZVP2-2126-SM-5GU6E,0.872913992298,0.127086007702
784,GTEX-RU1J-1726-SM-2TF5S,0.881272949816,0.118727050184
785,GTEX-YFCO-1926-SM-4W212,0.876963350785,0.123036649215
786,GTEX-147JS-0526-SM-5TDD3,0.870967741935,0.129032258065
787,GTEX-1K2DA-2226-SM-CGQGM,0.861833105335,0.138166894665
788,GTEX-WOFM-1326-SM-3MJFR,0.868064118372,0.131935881628
789,GTEX-X4XY-0626-SM-4E3IN,0.875598086124,0.124401913876
790,GTEX-1LVAO-0526-SM-EWRNS,0.904572564612,0.0954274353877
791,GTEX-147F3-0226-SM-5NQBV,0.886274509804,0.113725490196
792,GTEX-W5WG-1926-SM-4KKZK,0.872881355932,0.127118644068
793,GTEX-12ZZX-0326-SM-5DUVH,0.876712328767,0.123287671233
794,GTEX-1H3VY-0326-SM-9WYU6,0.863309352518,0.136690647482
795,GTEX-ZF28-0526-SM-4WKGW,0.887715930902,0.112284069098
796,GTEX-13QBU-2426-SM-5LU4L,0.862871927555,0.137128072445
797,GTEX-1NHNU-1226-SM-DTX8I,0.866501854141,0.133498145859
798,GTEX-15RIF-2126-SM-7KUM8,0.862932061979,0.137067938021
799,GTEX-11VI4-1926-SM-5CVLI,0.872812135356,0.127187864644
800,GTEX-YEC4-0008-SM-4W1YR,0.896700143472,0.103299856528
801,GTEX-1KAFJ-2026-SM-CY8ID,0.900154400412,0.0998455995883
802,GTEX-X5EB-0008-SM-46MU3,0.910979228487,0.0890207715134
803,GTEX-17HGU-0226-SM-7DHKV,0.915406427221,0.0845935727788
804,GTEX-ZVZP-0008-SM-51MSX,0.889896373057,0.110103626943
805,GTEX-12WSF-1626-SM-7KUG5,0.868683001531,0.131316998469
806,GTEX-V1D1-2226-SM-3NMAX,0.9,0.1
807,GTEX-1QEPI-2626-SM-DTXF4,0.899485741,0.100514259
808,GTEX-13OVL-0126-SM-5L3GJ,0.870890136327,0.129109863673
809,GTEX-15SKB-2826-SM-6PAMH,0.904,0.096
810,GTEX-15G1A-0008-SM-E76Q5,0.890881913303,0.109118086697
811,GTEX-18A7B-0008-SM-EAZBQ,0.873887240356,0.126112759644
812,GTEX-16MT8-0426-SM-7KUEY,0.90607452782,0.0939254721797
813,GTEX-1JN6P-2926-SM-CL54D,0.902339776195,0.0976602238047
814,GTEX-1IE54-0126-SM-CMKHW,0.90404040404,0.0959595959596
815,GTEX-18D9B-0526-SM-7LTAS,0.912621359223,0.0873786407767
816,GTEX-XPT6-0008-SM-4B64Q,0.896648044693,0.103351955307
817,GTEX-12WSL-2526-SM-5GCNJ,0.911398467433,0.088601532567
818,GTEX-1LB8K-0726-SM-D5OV2,0.897042093288,0.102957906712
819,GTEX-1MJK3-0726-SM-E6CJC,0.879173290938,0.120826709062
820,GTEX-WYVS-0008-SM-4ONDY,0.901470588235,0.0985294117647
821,GTEX-1H1DG-0126-SM-9WYU2,0.91235059761,0.0876494023904
822,GTEX-R53T-0008-SM-48FEW,0.90303030303,0.0969696969697
823,GTEX-12KS4-0326-SM-5EQ41,0.904600484262,0.0953995157385
824,GTEX-1LKK1-2626-SM-DKPQE,0.90852520224,0.0914747977598
825,GTEX-1LB8K-0226-SM-EWRNW,0.899129544291,0.100870455709
826,GTEX-XAJ8-0826-SM-47JY6,0.904279797515,0.095720202485
827,GTEX-1ICLZ-0326-SM-ARL82,0.909401709402,0.0905982905983
828,GTEX-ZUA1-2626-SM-5NQ92,0.848966613672,0.151033386328
829,GTEX-1H3VE-0326-SM-9YFLH,0.911227154047,0.088772845953
830,GTEX-11ZUS-0008-SM-5S2UO,0.891044776119,0.108955223881
831,GTEX-18465-0126-SM-731BN,0.894939759036,0.105060240964
832,GTEX-13CF3-2426-SM-5IFGX,0.91298278269,0.0870172173104
833,GTEX-P4PP-0008-SM-48TDV,0.911764705882,0.0882352941176
834,GTEX-11GS4-0226-SM-5HL77,0.910814966684,0.0891850333162
835,GTEX-1211K-2026-SM-5EQ4Z,0.907172995781,0.0928270042194
836,GTEX-18QFQ-0008-SM-EAZD7,0.882681564246,0.117318435754
837,GTEX-1CB4E-0926-SM-7EPHT,0.891801450084,0.108198549916
838,GTEX-117YX-2326-SM-5H12W,0.901776384535,0.098223615465
839,GTEX-14A6H-2026-SM-5Q5DD,0.903865717192,0.0961342828077
840,GTEX-1KANB-0526-SM-E6CJH,0.897294589178,0.102705410822
841,GTEX-ZWKS-0126-SM-5SIAA,0.900262467192,0.0997375328084
842,GTEX-15CHC-0008-SM-E9U4J,0.863842662632,0.136157337368
843,GTEX-1GZ4H-0526-SM-9KNU9,0.905221339387,0.0947786606129
844,GTEX-131XH-2226-SM-5DUXJ,0.899322362052,0.100677637948
845,GTEX-1IDJF-0126-SM-CM2RS,0.9046701974,0.0953298025999
846,GTEX-132AR-0008-SM-62LDH,0.87741046832,0.12258953168
847,GTEX-17EUY-0426-SM-793BD,0.903268551237,0.0967314487633
848,GTEX-Y5LM-0926-SM-6LLJG,0.892667844523,0.107332155477
849,GTEX-1M4P7-0226-SM-DIPEV,0.909229208925,0.0907707910751
850,GTEX-17F9E-0008-SM-EAZB5,0.892282958199,0.107717041801
851,GTEX-1JJEA-0326-SM-CNPOT,0.899342438037,0.100657561963
852,GTEX-133LE-1826-SM-5J1MV,0.900425985091,0.0995740149095
853,GTEX-1F75I-0326-SM-9YFLU,0.904961147639,0.095038852361
854,GTEX-ZZPU-0826-SM-5GZX5,0.908294693457,0.091705306543
855,GTEX-15RIG-0226-SM-7KFTL,0.904684095861,0.0953159041394
856,GTEX-XK95-0226-SM-4AT58,0.869179600887,0.130820399113
857,GTEX-OIZI-0008-SM-2XCFD,0.885196374622,0.114803625378
858,GTEX-ZE7O-0008-SM-4E3JQ,0.87091503268,0.12908496732
859,GTEX-1J1OQ-0126-SM-D4P2N,0.896197948099,0.103802051901
860,GTEX-1F6RS-0126-SM-9MQKZ,0.898498187468,0.101501812532
861,GTEX-1HUB1-0426-SM-E9U4U,0.926584587323,0.0734154126767
862,GTEX-14JG6-1426-SM-9WG7C,0.86866359447,0.13133640553
863,GTEX-12BJ1-0008-SM-5TDBZ,0.918984280532,0.081015719468
864,GTEX-X3Y1-0008-SM-4PR12,0.908831908832,0.0911680911681
865,GTEX-1CB4J-0626-SM-7DHMP,0.909571909572,0.0904280904281
866,GTEX-1GMR2-0008-SM-EAZD1,0.888349514563,0.111650485437
867,GTEX-16MTA-0008-SM-EAZC6,0.885245901639,0.114754098361
868,GTEX-1E2YA-0126-SM-9KNUC,0.902267818575,0.0977321814255
869,GTEX-12WSJ-1826-SM-5GCNY,0.907614213198,0.092385786802
870,GTEX-QDT8-0126-SM-48TZ1,0.91778697001,0.0822130299897
871,GTEX-1122O-1026-SM-9WYSF,0.901542111507,0.0984578884935
872,GTEX-1LG7Y-0526-SM-DKPQC,0.874704491726,0.125295508274
873,GTEX-QVJO-1626-SM-2S1QW,0.894355256344,0.105644743656
874,GTEX-13X6I-0626-SM-5QGP9,0.906783796974,0.0932162030259
875,GTEX-RVPV-0008-SM-47JYW,0.903899721448,0.0961002785515
876,GTEX-1AMFI-0008-SM-EVYAV,0.885978428351,0.114021571649
877,GTEX-11WQK-0008-SM-5SI6T,0.877094972067,0.122905027933
878,GTEX-13U4I-2226-SM-5LU5H,0.902899824253,0.0971001757469
879,GTEX-13JUV-2026-SM-5K7UA,0.891245487365,0.108754512635
880,GTEX-1GN2E-0426-SM-9MQKX,0.896648044693,0.103351955307
881,GTEX-1IY9M-2826-SM-ARU8H,0.890595009597,0.109404990403
882,GTEX-1GN1V-0126-SM-9WPOS,0.905847373637,0.0941526263627
883,GTEX-16A39-0008-SM-EAZC9,0.886685552408,0.113314447592
884,GTEX-14XAO-1226-SM-6EU1C,0.908229721729,0.0917702782712
885,GTEX-X5EB-1926-SM-4E3IW,0.908619877532,0.0913801224682
886,GTEX-1KWVE-1426-SM-E9TJO,0.877466727857,0.122533272143
887,GTEX-14BMU-1226-SM-5S2OR,0.900323027227,0.0996769727734
888,GTEX-1HFI7-2326-SM-CGQFS,0.903513371788,0.0964866282119
889,GTEX-XQ8I-0426-SM-4BOPO,0.886861313869,0.113138686131
890,GTEX-11NSD-0008-SM-5Q5BC,0.889894419306,0.110105580694
891,GTEX-12696-0008-SM-5TDBX,0.896391152503,0.103608847497
892,GTEX-132NY-0326-SM-5IJBL,0.901812688822,0.0981873111782
893,GTEX-ZYFD-0626-SM-5E44E,0.876912130914,0.123087869086
894,GTEX-ZT9X-1526-SM-5DUXD,0.902215799615,0.0977842003854
895,GTEX-QXCU-0008-SM-48FCH,0.901351351351,0.0986486486486
896,GTEX-1H4P4-2126-SM-9WYSL,0.898148148148,0.101851851852
897,GTEX-147F3-1726-SM-5SIAW,0.901295221081,0.0987047789192
898,GTEX-NL3H-0008-SM-4E3HU,0.88345323741,0.11654676259
899,GTEX-1CAMR-1926-SM-7EPI2,0.86336996337,0.13663003663
900,GTEX-13VXT-0626-SM-5SIA1,0.932396839333,0.0676031606673
901,GTEX-QDVJ-0226-SM-2I5FV,0.925138632163,0.0748613678373
902,GTEX-1B8KE-0626-SM-7189H,0.925531914894,0.0744680851064
903,GTEX-1313W-0726-SM-5EGK1,0.920701168614,0.0792988313856
904,GTEX-13QBU-0626-SM-5J2OG,0.9375534645,0.0624465355004
905,GTEX-1QEPI-0726-SM-E76QG,0.915966386555,0.0840336134454
906,GTEX-X261-0726-SM-EZ6MH,0.92685102587,0.0731489741302
907,GTEX-1H2FU-0626-SM-9WPPS,0.932022932023,0.0679770679771
908,GTEX-15FZZ-0226-SM-6LLI4,0.963244613435,0.0367553865653
909,GTEX-15RIF-0326-SM-7KUFR,0.93480441324,0.0651955867603
910,GTEX-X15G-0526-SM-3NMB7,0.933376877858,0.0666231221424
911,GTEX-QEG5-0826-SM-2I5GF,0.928571428571,0.0714285714286
912,GTEX-14PJO-0626-SM-6LLHH,0.956495098039,0.0435049019608
913,GTEX-WEY5-0526-SM-3GIKZ,0.959915611814,0.0400843881857
914,GTEX-17HG3-0226-SM-7EWEA,0.96,0.04
915,GTEX-ZQG8-0926-SM-57WFF,0.948547717842,0.0514522821577
916,GTEX-1ICLY-0726-SM-A96TB,0.945753033547,0.0542469664525
917,GTEX-ZUA1-0926-SM-4YCDX,0.919515669516,0.0804843304843
918,GTEX-15ETS-0526-SM-6PAN3,0.9496,0.0504
919,GTEX-1HT8W-1526-SM-CE6S3,0.934579439252,0.0654205607477
920,GTEX-1H1CY-0726-SM-9OSXX,0.930086410055,0.069913589945
921,GTEX-1CB4H-0126-SM-7IGN2,0.931150293871,0.0688497061293
922,GTEX-13NYB-0726-SM-5MR4J,0.964711492608,0.0352885073915
923,GTEX-1QP28-0626-SM-E76P5,0.957941339236,0.0420586607637
924,GTEX-14PKV-0626-SM-6AJA2,0.942379182156,0.0576208178439
925,GTEX-13S86-1126-SM-5RQJX,0.946348733234,0.053651266766
926,GTEX-QXCU-0326-SM-2TC63,0.931506849315,0.0684931506849
927,GTEX-1O9I2-1226-SM-E6CQC,0.938450398262,0.0615496017379
928,GTEX-ZXG5-0926-SM-5NQ8H,0.938105891126,0.061894108874
929,GTEX-Y3I4-0226-SM-4TT27,0.941666666667,0.0583333333333
930,GTEX-1A3MV-0326-SM-73KW7,0.956808638272,0.0431913617277
931,GTEX-1PWST-0726-SM-EWRMO,0.943190661479,0.0568093385214
932,GTEX-1H1DG-0726-SM-A96TN,0.940735183796,0.0592648162041
933,GTEX-11EI6-0726-SM-59866,0.933379597502,0.0666204024983
934,GTEX-1HGF4-0726-SM-9WYU9,0.947222222222,0.0527777777778
935,GTEX-14A5H-0726-SM-5Q5DW,0.929978118162,0.0700218818381
936,GTEX-1LSVX-0726-SM-E9TJG,0.947401774398,0.052598225602
937,GTEX-133LE-0326-SM-5P9G4,0.945689069925,0.0543109300747
938,GTEX-1LGOU-0126-SM-EV79W,0.963470319635,0.0365296803653
939,GTEX-1JMQJ-2026-SM-CNPP9,0.937254901961,0.0627450980392
940,GTEX-QV31-0726-SM-3GAEG,0.933980582524,0.0660194174757
941,GTEX-13CF3-0926-SM-5LZZC,0.945803040317,0.0541969596827
942,GTEX-Q2AG-0826-SM-2HMKF,0.936813186813,0.0631868131868
943,GTEX-139T6-0326-SM-5J2LY,0.935956790123,0.0640432098765
944,GTEX-1C2JI-0326-SM-7EWFD,0.956586826347,0.0434131736527
945,GTEX-1C6VQ-0526-SM-7MGWD,0.935215946844,0.0647840531561
946,GTEX-13FXS-0726-SM-5LZXJ,0.949912891986,0.0500871080139
947,GTEX-ZGAY-1026-SM-4WWBR,0.945378151261,0.0546218487395
948,GTEX-117YX-1226-SM-5H11S,0.927522037218,0.0724779627816
949,GTEX-1HSMQ-0526-SM-A96TY,0.943322981366,0.0566770186335
950,GTEX-139YR-1226-SM-5IFEU,0.953698775945,0.0463012240553
951,GTEX-1I6K6-0726-SM-B2LX4,0.96964087375,0.0303591262495
952,GTEX-RM2N-0526-SM-2TF4N,0.941351150705,0.0586488492947
953,GTEX-ZA64-0426-SM-5HL96,0.933749025721,0.066250974279
954,GTEX-145LT-0226-SM-5S2QK,0.939814814815,0.0601851851852
955,GTEX-13W46-0926-SM-5LU3T,0.935805991441,0.0641940085592
956,GTEX-OXRL-2626-SM-2I3F1,0.950583390528,0.0494166094715
957,GTEX-1IL2V-0626-SM-ARU7S,0.927330173776,0.0726698262243
958,GTEX-1OJC4-0526-SM-E6CQV,0.965699208443,0.0343007915567
959,GTEX-OHPL-2626-SM-2HMJA,0.980427046263,0.0195729537367
960,GTEX-11ZTS-1126-SM-5LU9X,0.949500880799,0.0504991192014
961,GTEX-1HCU9-0226-SM-9WPNT,0.963569381907,0.0364306180925
962,GTEX-1HCVE-0726-SM-A96SH,0.938564026647,0.0614359733531
963,GTEX-WXYG-0226-SM-3NB2Y,0.958510638298,0.0414893617021
964,GTEX-ZV6S-0226-SM-59HJT,0.933385579937,0.0666144200627
965,GTEX-131XG-0226-SM-5IFG1,0.947105075054,0.0528949249464
966,GTEX-PLZ4-1226-SM-2I5FE,0.94121763471,0.0587823652904
967,GTEX-1JMPZ-0626-SM-CY8HY,0.939183987683,0.0608160123172
968,GTEX-RWS6-0626-SM-2XCAS,0.938189845475,0.0618101545254
969,GTEX-1IDJH-0826-SM-CE6SY,0.917689530686,0.0823104693141
970,GTEX-POYW-0826-SM-2XCEM,0.930966469428,0.069033530572
971,GTEX-WFJO-0226-SM-3GIKW,0.954605263158,0.0453947368421
972,GTEX-1PDJ9-0826-SM-E76PS,0.951398135819,0.0486018641811
973,GTEX-ZYVF-1126-SM-5E458,0.942379182156,0.0576208178439
974,GTEX-RUSQ-1026-SM-2TF6V,0.932172318973,0.0678276810266
975,GTEX-1B932-0926-SM-73KUP,0.923374613003,0.0766253869969
976,GTEX-1EH9U-0926-SM-7EWF1,0.94404973357,0.0559502664298
977,GTEX-15SHU-0726-SM-7KUFI,0.936893203883,0.0631067961165
978,GTEX-11TT1-1126-SM-5P9GV,0.935014548982,0.0649854510184
979,GTEX-132AR-1126-SM-5P9GA,0.953888888889,0.0461111111111
980,GTEX-1J1R8-0126-SM-CJI36,0.934646374217,0.0653536257833
981,GTEX-14PHW-2926-SM-6AJBA,0.946625766871,0.0533742331288
982,GTEX-U412-0726-SM-EVR2Y,0.926994906621,0.0730050933786
983,GTEX-1MCC2-0526-SM-DHXJS,0.93986013986,0.0601398601399
984,GTEX-PWCY-2326-SM-2I3EQ,0.942307692308,0.0576923076923
985,GTEX-11UD2-0626-SM-5GU6L,0.93201903467,0.0679809653297
986,GTEX-WYBS-1926-SM-3NM8N,0.940580688724,0.0594193112762
987,GTEX-ZAJG-0726-SM-5HL9A,0.939209726444,0.0607902735562
988,GTEX-145LU-0426-SM-5O9AH,0.943440233236,0.0565597667638
989,GTEX-14753-0926-SM-5Q5BI,0.938395415473,0.0616045845272
990,GTEX-1IKOE-0926-SM-ARU7X,0.948698884758,0.0513011152416
991,GTEX-18A7A-0826-SM-7KFTJ,0.932677760968,0.0673222390318
992,GTEX-1R9JW-0226-SM-EVR4K,0.939828080229,0.0601719197708
993,GTEX-ZT9X-0226-SM-51MT2,0.940145985401,0.0598540145985
994,GTEX-1JMLX-0826-SM-CNNPP,0.937395659432,0.0626043405676
995,GTEX-1LB8K-0626-SM-D4P3Z,0.949055523755,0.050944476245
996,GTEX-1OJC3-0626-SM-E8VMO,0.949919224556,0.0500807754443
997,GTEX-14PKU-0326-SM-6AJA7,0.93844856661,0.0615514333895
998,GTEX-1IKJJ-1026-SM-A96SQ,0.931208053691,0.0687919463087
999,GTEX-1269C-0226-SM-5EGKS,0.941778630838,0.0582213691619
