,Topic 1,Topic 2,Topic 3,Topic 4,Topic 5,Topic 6,Topic 7,Topic 8,Topic 9,Topic 10,Topic 11,Topic 12,Topic 13,Topic 14,Topic 15,Topic 16,Topic 17,Topic 18,Topic 19,Topic 20,Topic 21
ENSG00000268903,0.025720050285026597,0.0,0.0,0.0,0.0,0.0,0.0,0.0,0.0,0.0,0.0,0.0,0.0,0.0,0.0,0.0,0.0,0.0,0.0,0.0,0.0
ENSG00000269981,0.0318280330707959,0.0,0.0,0.0,0.0,0.0,0.0,0.0,0.0,0.0,0.0,0.0,0.0,0.0,0.0,0.0,0.0,0.0,0.0,0.0,0.0
ENSG00000225972,0.0,0.023598623476065998,0.0,0.0,0.0,0.0,0.0,0.0,0.0,0.0,0.0,0.0,0.0,0.0,0.0,0.0,0.0,0.0,0.0,0.0,0.0
ENSG00000229344,0.0,0.023642788332433606,0.0,0.0,0.0,0.0,0.0,0.0,0.0,0.0,0.0,0.0,0.0,0.0,0.0,0.0,0.0,0.0,0.0,0.0,0.0
ENSG00000178821,0.0,0.0,0.19770027661767098,0.0,0.0,0.0,0.0,0.0,0.0,0.0,0.0,0.0,0.0,0.0,0.0,0.0,0.0,0.0,0.0,0.0,0.0
ENSG00000242349,0.0,0.0,0.0,0.03166148676103979,0.0,0.0,0.0,0.0,0.0,0.0,0.0,0.0,0.0,0.0,0.0,0.0,0.0,0.0,0.0,0.0,0.0
ENSG00000175206,0.0,0.0,0.0,0.0,0.08076743340775741,0.0,0.0,0.0,0.0,0.0,0.0,0.0,0.0,0.0,0.0,0.0,0.0,0.0,0.0,0.0,0.0
ENSG00000120937,0.0,0.0,0.0,0.0,0.026233307686134934,0.0,0.0,0.0,0.0,0.0,0.0,0.0,0.0,0.0,0.0,0.0,0.0,0.0,0.0,0.0,0.0
ENSG00000162438,0.0,0.0,0.0,0.0,0.0,0.025173638641337096,0.0,0.0,0.0,0.0,0.0,0.0,0.0,0.0,0.0,0.0,0.0,0.0,0.0,0.0,0.0
ENSG00000142615,0.0,0.0,0.0,0.0,0.0,0.0,0.0052647679064858,0.0,0.0,0.0,0.0,0.0,0.0,0.0,0.0,0.0,0.0,0.0,0.0,0.0,0.0
ENSG00000215704,0.0,0.0,0.0,0.0,0.0,0.018061590181091623,0.0,0.0,0.0,0.0,0.0,0.0,0.0,0.0,0.0,0.0,0.0,0.0,0.0,0.0,0.0
ENSG00000158825,0.0,0.0,0.0,0.0,0.0,0.0,0.0,0.03895047982184912,0.0,0.0,0.0,0.0,0.0,0.0,0.0,0.0,0.0,0.0,0.0,0.0,0.0
ENSG00000162551,0.0,0.021070974107169967,0.0,0.0,0.0,0.0,0.0,0.0,0.0,0.0,0.0,0.0,0.0,0.0,0.0,0.0,0.0,0.0,0.0,0.0,0.0
ENSG00000219073,0.0,0.0,0.0,0.0,0.0,0.0,0.006957314873123408,0.0,0.0,0.0,0.0,0.0,0.0,0.0,0.0,0.0,0.0,0.0,0.0,0.0,0.0
ENSG00000142789,0.0,0.0,0.0,0.0,0.0,0.0,0.012454590886578623,0.0,0.0,0.0,0.0,0.0,0.0,0.0,0.0,0.0,0.0,0.0,0.0,0.0,0.0
ENSG00000020633,0.0,0.0,0.0,0.0,0.0,0.0,0.015305196304073542,0.0,0.0,0.0,0.0,0.0,0.0,0.0,0.0,0.0,0.0,0.0,0.0,0.0,0.0
ENSG00000158022,0.0,0.0,0.0,0.0,0.0,0.0,0.0,0.0,0.1172250543841205,0.0,0.0,0.0,0.0,0.0,0.0,0.0,0.0,0.0,0.0,0.0,0.0
ENSG00000169442,0.030768963283312887,0.0,0.0,0.0,0.0,0.0,0.0,0.0,0.0,0.0,0.0,0.0,0.0,0.0,0.0,0.0,0.0,0.0,0.0,0.0,0.0
ENSG00000000938,0.0,0.019932151739405265,0.0,0.0,0.0,0.0,0.0,0.0,0.0,0.0,0.0,0.0,0.0,0.0,0.0,0.0,0.0,0.0,0.0,0.0,0.0
ENSG00000020129,0.0,0.02878996574463328,0.0,0.0,0.0,0.0,0.0,0.0,0.0,0.0,0.0,0.0,0.0,0.0,0.0,0.0,0.0,0.0,0.0,0.0,0.0
ENSG00000119535,0.0,0.0,0.0,0.0,0.0,0.0,0.0,0.03631025809449046,0.0,0.0,0.0,0.0,0.0,0.0,0.0,0.0,0.0,0.0,0.0,0.0,0.0
ENSG00000117399,0.0,0.0,0.0,0.0,0.0,0.0,0.0,0.0,0.0,0.019772561379797736,0.0,0.0,0.0,0.0,0.0,0.0,0.0,0.0,0.0,0.0,0.0
ENSG00000117472,0.0,0.0,0.0,0.0,0.0,0.0,0.0,0.0,0.0,0.0278421874825363,0.0,0.0,0.0,0.0,0.0,0.0,0.0,0.0,0.0,0.0,0.0
ENSG00000184292,0.0,0.0,0.0,0.0,0.0,0.0,0.0,0.0,0.0,0.0,0.09127119676712471,0.0,0.0,0.0,0.0,0.0,0.0,0.0,0.0,0.0,0.0
ENSG00000243480,0.0,0.0,0.0,0.0,0.0,0.02967317877644223,0.0,0.0,0.0,0.0,0.0,0.0,0.0,0.0,0.0,0.0,0.0,0.0,0.0,0.0,0.0
ENSG00000143119,0.0,0.023994529867075613,0.0,0.0,0.0,0.0,0.0,0.0,0.0,0.0,0.0,0.0,0.0,0.0,0.0,0.0,0.0,0.0,0.0,0.0,0.0
ENSG00000064886,0.0,0.0,0.0,0.0,0.0,0.0,0.0,0.0,0.0,0.0,0.0,0.04721170241407161,0.0,0.0,0.0,0.0,0.0,0.0,0.0,0.0,0.0
ENSG00000203814,0.0,0.0,0.0,0.0,0.0,0.0,0.0,0.0,0.0,0.0,0.0,0.035640312303688415,0.0,0.0,0.0,0.0,0.0,0.0,0.0,0.0,0.0
ENSG00000143369,0.04987908764274953,0.0,0.0,0.0,0.0,0.0,0.0,0.0,0.0,0.0,0.0,0.0,0.0,0.0,0.0,0.0,0.0,0.0,0.0,0.0,0.0
ENSG00000163141,0.0,0.0,0.0,0.0,0.0,0.0,0.0,0.0,0.0,0.019371057502749055,0.0,0.0,0.0,0.0,0.0,0.0,0.0,0.0,0.0,0.0,0.0
ENSG00000163157,0.0,0.0,0.0,0.01865393576080289,0.0,0.0,0.0,0.0,0.0,0.0,0.0,0.0,0.0,0.0,0.0,0.0,0.0,0.0,0.0,0.0,0.0
ENSG00000196407,0.0,0.0,0.1563161034875522,0.0,0.0,0.0,0.0,0.0,0.0,0.0,0.0,0.0,0.0,0.0,0.0,0.0,0.0,0.0,0.0,0.0,0.0
ENSG00000143536,0.0,0.0,0.0,0.0,0.0,0.0,0.0,0.0,0.0,0.015572676070626854,0.0,0.0,0.0,0.0,0.0,0.0,0.0,0.0,0.0,0.0,0.0
ENSG00000169509,0.0,0.0,0.0,0.0,0.0,0.0,0.0,0.0,0.0,0.01597675920170368,0.0,0.0,0.0,0.0,0.0,0.0,0.0,0.0,0.0,0.0,0.0
ENSG00000169474,0.0,0.0,0.0,0.0,0.0,0.0,0.0,0.0,0.0,0.019653915694502835,0.0,0.0,0.0,0.0,0.0,0.0,0.0,0.0,0.0,0.0,0.0
ENSG00000163209,0.0,0.0,0.0,0.0,0.0,0.0,0.013021014250786046,0.0,0.0,0.0,0.0,0.0,0.0,0.0,0.0,0.0,0.0,0.0,0.0,0.0,0.0
ENSG00000169469,0.0,0.0,0.0,0.0,0.0,0.0,0.0,0.0,0.0,0.01972183605057745,0.0,0.0,0.0,0.0,0.0,0.0,0.0,0.0,0.0,0.0,0.0
ENSG00000241794,0.0,0.0,0.0,0.0,0.0,0.0,0.0,0.0,0.0,0.011924751123480067,0.0,0.0,0.0,0.0,0.0,0.0,0.0,0.0,0.0,0.0,0.0
ENSG00000203785,0.0,0.0,0.0,0.0,0.0,0.0,0.0,0.0,0.0,0.017417702452096805,0.0,0.0,0.0,0.0,0.0,0.0,0.0,0.0,0.0,0.0,0.0
ENSG00000203782,0.0,0.0,0.0,0.0,0.0,0.0,0.0,0.0,0.0,0.015354299229576821,0.0,0.0,0.0,0.0,0.0,0.0,0.0,0.0,0.0,0.0,0.0
ENSG00000163221,0.0,0.0,0.0,0.0,0.0,0.0,0.0,0.029563914833624378,0.0,0.0,0.0,0.0,0.0,0.0,0.0,0.0,0.0,0.0,0.0,0.0,0.0
ENSG00000143546,0.0,0.0,0.0,0.0,0.0,0.0,0.0,0.06254265528124449,0.0,0.0,0.0,0.0,0.0,0.0,0.0,0.0,0.0,0.0,0.0,0.0,0.0
ENSG00000143556,0.0,0.0,0.0,0.0,0.0,0.0,0.0,0.0,0.0,0.012293584449505514,0.0,0.0,0.0,0.0,0.0,0.0,0.0,0.0,0.0,0.0,0.0
ENSG00000188015,0.019735285468821695,0.0,0.0,0.0,0.0,0.0,0.0,0.0,0.0,0.0,0.0,0.0,0.0,0.0,0.0,0.0,0.0,0.0,0.0,0.0,0.0
ENSG00000196754,0.0,0.0,0.0,0.0,0.0,0.0,0.01632599093274409,0.0,0.0,0.0,0.0,0.0,0.0,0.0,0.0,0.0,0.0,0.0,0.0,0.0,0.0
ENSG00000160781,0.0,0.0,0.0,0.0,0.0,0.0,0.0,0.04283471378907064,0.0,0.0,0.0,0.0,0.0,0.0,0.0,0.0,0.0,0.0,0.0,0.0,0.0
ENSG00000143320,0.0,0.0,0.0,0.0,0.0,0.0,0.03352318694100009,0.0,0.0,0.0,0.0,0.0,0.0,0.0,0.0,0.0,0.0,0.0,0.0,0.0,0.0
ENSG00000163563,0.027538838228412854,0.0,0.0,0.0,0.0,0.0,0.0,0.0,0.0,0.0,0.0,0.0,0.0,0.0,0.0,0.0,0.0,0.0,0.0,0.0,0.0
ENSG00000132693,0.0,0.0,0.0,0.0,0.0,0.028507659129111032,0.0,0.0,0.0,0.0,0.0,0.0,0.0,0.0,0.0,0.0,0.0,0.0,0.0,0.0,0.0
ENSG00000143318,0.0,0.0,0.0,0.0,0.07017734329640452,0.0,0.0,0.0,0.0,0.0,0.0,0.0,0.0,0.0,0.0,0.0,0.0,0.0,0.0,0.0,0.0
ENSG00000117091,0.0,0.0,0.0,0.0,0.0,0.0,0.0,0.0,0.0,0.0,0.0,0.03236291842412277,0.0,0.0,0.0,0.0,0.0,0.0,0.0,0.0,0.0
ENSG00000158874,0.0,0.0,0.0,0.0,0.0,0.02585947163109321,0.0,0.0,0.0,0.0,0.0,0.0,0.0,0.0,0.0,0.0,0.0,0.0,0.0,0.0,0.0
ENSG00000248485,0.0,0.0,0.0,0.0,0.0,0.0,0.0,0.0,0.0,0.0,0.0,0.0,0.04846568973266776,0.0,0.0,0.0,0.0,0.0,0.0,0.0,0.0
ENSG00000143226,0.0,0.0,0.0,0.0,0.0,0.0,0.0,0.035550072894471235,0.0,0.0,0.0,0.0,0.0,0.0,0.0,0.0,0.0,0.0,0.0,0.0,0.0
ENSG00000173110,0.0,0.014776299087561954,0.0,0.0,0.0,0.0,0.0,0.0,0.0,0.0,0.0,0.0,0.0,0.0,0.0,0.0,0.0,0.0,0.0,0.0,0.0
ENSG00000162747,0.0,0.0,0.0,0.0,0.0,0.0,0.0,0.0,0.0,0.015816845451958383,0.0,0.0,0.0,0.0,0.0,0.0,0.0,0.0,0.0,0.0,0.0
ENSG00000188404,0.0,0.0,0.0,0.0480531033151919,0.0,0.0,0.0,0.0,0.0,0.0,0.0,0.0,0.0,0.0,0.0,0.0,0.0,0.0,0.0,0.0,0.0
ENSG00000116701,0.0,0.017268064510659306,0.0,0.0,0.0,0.0,0.0,0.0,0.0,0.0,0.0,0.0,0.0,0.0,0.0,0.0,0.0,0.0,0.0,0.0,0.0
ENSG00000090104,0.04990176579665709,0.0,0.0,0.0,0.0,0.0,0.0,0.0,0.0,0.0,0.0,0.0,0.0,0.0,0.0,0.0,0.0,0.0,0.0,0.0,0.0
ENSG00000081277,0.0,0.0,0.0,0.0,0.0,0.0,0.0,0.0,0.0,0.0,0.0,0.0,0.0,0.14275157450095113,0.0,0.0,0.0,0.0,0.0,0.0,0.0
ENSG00000159173,0.0,0.0,0.0,0.0,0.0,0.0,0.0,0.0,0.07532448640892891,0.0,0.0,0.0,0.0,0.0,0.0,0.0,0.0,0.0,0.0,0.0,0.0
ENSG00000143847,0.0,0.0,0.0,0.0,0.0732691681339067,0.0,0.0,0.0,0.0,0.0,0.0,0.0,0.0,0.0,0.0,0.0,0.0,0.0,0.0,0.0,0.0
ENSG00000133048,0.0,0.0,0.0,0.0,0.0,0.0,0.0351793169752208,0.0,0.0,0.0,0.0,0.0,0.0,0.0,0.0,0.0,0.0,0.0,0.0,0.0,0.0
ENSG00000162896,0.0,0.0,0.0,0.0,0.0,0.07366559893438204,0.0,0.0,0.0,0.0,0.0,0.0,0.0,0.0,0.0,0.0,0.0,0.0,0.0,0.0,0.0
ENSG00000240524,0.0,0.0,0.0,9.57014366197625e-05,0.0,0.0,0.0,0.0,0.0,0.0,0.0,0.0,0.0,0.0,0.0,0.0,0.0,0.0,0.0,0.0,0.0
ENSG00000115705,0.0,0.0,0.0,0.0,0.0,0.0,0.0,0.0,0.0,0.0,0.0,0.0,0.0,0.0,0.18289474797201852,0.0,0.0,0.0,0.0,0.0,0.0
ENSG00000271787,0.0,0.0,0.0,0.0,0.0,0.0,0.0,0.0,0.0,6.8780107417332755e-06,0.0,0.0,0.0,0.0,0.0,0.0,0.0,0.0,0.0,0.0,0.0
ENSG00000163032,0.0,0.0,0.24979660465368553,0.0,0.0,0.0,0.0,0.0,0.0,0.0,0.0,0.0,0.0,0.0,0.0,0.0,0.0,0.0,0.0,0.0,0.0
ENSG00000224220,0.0,0.0,0.0,0.0,0.0,0.0,0.0,0.0,0.0,0.0,0.0,0.003720721529211164,0.0,0.0,0.0,0.0,0.0,0.0,0.0,0.0,0.0
ENSG00000138100,0.0,0.0,0.0,0.0,0.04729547932725668,0.0,0.0,0.0,0.0,0.0,0.0,0.0,0.0,0.0,0.0,0.0,0.0,0.0,0.0,0.0,0.0
ENSG00000152154,0.0,0.017777537675185622,0.0,0.0,0.0,0.0,0.0,0.0,0.0,0.0,0.0,0.0,0.0,0.0,0.0,0.0,0.0,0.0,0.0,0.0,0.0
ENSG00000119888,0.0,0.0,0.0,0.0,0.0,0.14158685103548888,0.0,0.0,0.0,0.0,0.0,0.0,0.0,0.0,0.0,0.0,0.0,0.0,0.0,0.0,0.0
ENSG00000115956,0.0,0.017322087593894683,0.0,0.0,0.0,0.0,0.0,0.0,0.0,0.0,0.0,0.0,0.0,0.0,0.0,0.0,0.0,0.0,0.0,0.0,0.0
ENSG00000169605,0.0,0.0,0.0,0.0,0.0,0.0,0.0,0.0,0.0,0.0,0.0,0.01226240689221933,0.0,0.0,0.0,0.0,0.0,0.0,0.0,0.0,0.0
ENSG00000059728,0.0,0.0,0.0,0.0,0.0,0.0,0.0,0.047740271391723675,0.0,0.0,0.0,0.0,0.0,0.0,0.0,0.0,0.0,0.0,0.0,0.0,0.0
ENSG00000244617,0.0,0.0,0.0,0.0,0.0,0.0,0.021166641641697723,0.0,0.0,0.0,0.0,0.0,0.0,0.0,0.0,0.0,0.0,0.0,0.0,0.0,0.0
ENSG00000172023,0.0,0.0,0.0,0.0,0.0,0.0,0.009551881242702606,0.0,0.0,0.0,0.0,0.0,0.0,0.0,0.0,0.0,0.0,0.0,0.0,0.0,0.0
ENSG00000115386,0.0,0.0,0.0,0.0,0.0,0.0,0.017998928781926445,0.0,0.0,0.0,0.0,0.0,0.0,0.0,0.0,0.0,0.0,0.0,0.0,0.0,0.0
ENSG00000172016,0.0,0.0,0.0,0.0,0.0,0.0,0.005142631117764516,0.0,0.0,0.0,0.0,0.0,0.0,0.0,0.0,0.0,0.0,0.0,0.0,0.0,0.0
ENSG00000168878,0.0,0.0,0.0,0.0,0.0,0.0,0.0,0.0,0.0,0.0,0.0,0.0231248317329265,0.0,0.0,0.0,0.0,0.0,0.0,0.0,0.0,0.0
ENSG00000115523,0.0,0.0,0.0,0.0,0.0,0.0,0.0,0.02359377753568625,0.0,0.0,0.0,0.0,0.0,0.0,0.0,0.0,0.0,0.0,0.0,0.0,0.0
ENSG00000172005,0.0,0.0,0.0,0.0,0.0,0.0,0.03545160357759944,0.0,0.0,0.0,0.0,0.0,0.0,0.0,0.0,0.0,0.0,0.0,0.0,0.0,0.0
ENSG00000158050,0.0,0.0,0.0,0.07459064102704899,0.0,0.0,0.0,0.0,0.0,0.0,0.0,0.0,0.0,0.0,0.0,0.0,0.0,0.0,0.0,0.0,0.0
ENSG00000115590,0.0,0.0,0.0,0.0,0.0,0.0,0.018739032900737525,0.0,0.0,0.0,0.0,0.0,0.0,0.0,0.0,0.0,0.0,0.0,0.0,0.0,0.0
ENSG00000115607,0.0,0.0,0.0,0.0,0.0,0.0,0.0,0.01454444960669027,0.0,0.0,0.0,0.0,0.0,0.0,0.0,0.0,0.0,0.0,0.0,0.0,0.0
ENSG00000136689,0.0,0.0,0.0,0.0,0.0,0.0,0.0,0.0,0.0,0.0,0.06852880602948021,0.0,0.0,0.0,0.0,0.0,0.0,0.0,0.0,0.0,0.0
ENSG00000125618,0.0,0.0,0.0,0.0,0.0,0.0,0.0,0.0,0.0,0.0,0.03793594576184512,0.0,0.0,0.0,0.0,0.0,0.0,0.0,0.0,0.0,0.0
ENSG00000075886,0.0,0.0,0.0,0.0,0.0,0.0,0.0,0.0,0.0,0.0,0.0,0.0,0.0,0.0,0.0,0.33550752440636056,0.0,0.0,0.0,0.0,0.0
ENSG00000121966,0.0,0.025881000160491933,0.0,0.0,0.0,0.0,0.0,0.0,0.0,0.0,0.0,0.0,0.0,0.0,0.0,0.0,0.0,0.0,0.0,0.0,0.0
ENSG00000168280,0.0,0.0,0.0,0.0,0.0,0.0,0.0,0.0,0.0,0.0,0.0,0.0,0.05272228820445961,0.0,0.0,0.0,0.0,0.0,0.0,0.0,0.0
ENSG00000183091,0.0,0.0,0.0,0.018155033189571994,0.0,0.0,0.0,0.0,0.0,0.0,0.0,0.0,0.0,0.0,0.0,0.0,0.0,0.0,0.0,0.0,0.0
ENSG00000115271,0.0,0.02202525046797003,0.0,0.0,0.0,0.0,0.0,0.0,0.0,0.0,0.0,0.0,0.0,0.0,0.0,0.0,0.0,0.0,0.0,0.0,0.0
ENSG00000091428,0.0,0.0,0.0,0.0,0.0,0.0,0.0,0.0,0.0,0.0,0.0,0.0,0.05678391660638966,0.0,0.0,0.0,0.0,0.0,0.0,0.0,0.0
ENSG00000128656,0.0,0.021020105656532277,0.0,0.0,0.0,0.0,0.0,0.0,0.0,0.0,0.0,0.0,0.0,0.0,0.0,0.0,0.0,0.0,0.0,0.0,0.0
ENSG00000155657,0.0,0.0,0.0,0.0,0.0,0.0,0.0,0.0,0.0885816489133094,0.0,0.0,0.0,0.0,0.0,0.0,0.0,0.0,0.0,0.0,0.0,0.0
ENSG00000162998,0.0,0.0,0.0,0.08595714772065849,0.0,0.0,0.0,0.0,0.0,0.0,0.0,0.0,0.0,0.0,0.0,0.0,0.0,0.0,0.0,0.0,0.0
ENSG00000163464,0.0,0.0,0.0,0.0,0.0,0.0,0.0,0.0,0.0,0.011971177695986766,0.0,0.0,0.0,0.0,0.0,0.0,0.0,0.0,0.0,0.0,0.0
ENSG00000018280,0.03445491923175486,0.0,0.0,0.0,0.0,0.0,0.0,0.0,0.0,0.0,0.0,0.0,0.0,0.0,0.0,0.0,0.0,0.0,0.0,0.0,0.0
ENSG00000130294,0.0,0.0,0.0,0.0,0.0,0.0,0.0,0.0,0.0,0.0,0.0,0.0,0.049726297741621496,0.0,0.0,0.0,0.0,0.0,0.0,0.0,0.0
ENSG00000187288,0.0,0.0,0.0,0.0,0.0,0.0,0.0,0.0,0.0,0.02748195166993802,0.0,0.0,0.0,0.0,0.0,0.0,0.0,0.0,0.0,0.0,0.0
ENSG00000157017,0.0,0.0,0.0,0.0,0.0,0.0,0.0,0.0,0.0,0.0,0.0,0.015376469532441891,0.0,0.0,0.0,0.0,0.0,0.0,0.0,0.0,0.0
ENSG00000162267,0.0,0.0,0.0,0.0,0.0,0.0,0.0,0.0,0.0,0.021256492197326688,0.0,0.0,0.0,0.0,0.0,0.0,0.0,0.0,0.0,0.0,0.0
ENSG00000181458,0.04202715482148891,0.0,0.0,0.0,0.0,0.0,0.0,0.0,0.0,0.0,0.0,0.0,0.0,0.0,0.0,0.0,0.0,0.0,0.0,0.0,0.0
ENSG00000180353,0.0,0.024960241771042287,0.0,0.0,0.0,0.0,0.0,0.0,0.0,0.0,0.0,0.0,0.0,0.0,0.0,0.0,0.0,0.0,0.0,0.0,0.0
ENSG00000121552,0.0,0.0,0.0,0.0,0.0,0.0,0.024792647589423178,0.0,0.0,0.0,0.0,0.0,0.0,0.0,0.0,0.0,0.0,0.0,0.0,0.0,0.0
ENSG00000091513,0.0,0.0,0.0,0.0,0.0,0.0,0.0,0.0,0.0,0.0,0.0,0.0,0.0,0.0,0.0,0.0,0.1190804389483129,0.0,0.0,0.0,0.0
ENSG00000174564,0.0,0.0,0.0,0.0,0.0,0.0,0.01612317663220691,0.0,0.0,0.0,0.0,0.0,0.0,0.0,0.0,0.0,0.0,0.0,0.0,0.0,0.0
ENSG00000153002,0.0,0.0,0.0,0.0,0.0,0.0,0.01092956180905874,0.0,0.0,0.0,0.0,0.0,0.0,0.0,0.0,0.0,0.0,0.0,0.0,0.0,0.0
ENSG00000196549,0.0,0.0,0.0,0.0,0.0,0.0,0.0,0.0,0.1994260739624039,0.0,0.0,0.0,0.0,0.0,0.0,0.0,0.0,0.0,0.0,0.0,0.0
ENSG00000240045,0.0,0.0,0.0,0.01906655015147498,0.0,0.0,0.0,0.0,0.0,0.0,0.0,0.0,0.0,0.0,0.0,0.0,0.0,0.0,0.0,0.0,0.0
ENSG00000163661,0.0,0.0,0.0,0.0,0.0,0.0,0.0,0.0,0.0,0.0,0.09312894146506141,0.0,0.0,0.0,0.0,0.0,0.0,0.0,0.0,0.0,0.0
ENSG00000118849,0.0,0.0,0.0,0.07981970476891241,0.0,0.0,0.0,0.0,0.0,0.0,0.0,0.0,0.0,0.0,0.0,0.0,0.0,0.0,0.0,0.0,0.0
ENSG00000013297,0.0,0.0,0.0,0.0,0.0,0.0,0.0,0.0,0.0,0.03508989130163774,0.0,0.0,0.0,0.0,0.0,0.0,0.0,0.0,0.0,0.0,0.0
ENSG00000163347,0.0,0.0,0.0,0.0,0.0,0.0,0.0,0.0,0.0,0.03599263021149023,0.0,0.0,0.0,0.0,0.0,0.0,0.0,0.0,0.0,0.0,0.0
ENSG00000163993,0.0,0.0,0.0,0.0,0.0,0.0,0.0,0.0,0.0,0.0,0.062282389179536046,0.0,0.0,0.0,0.0,0.0,0.0,0.0,0.0,0.0,0.0
ENSG00000251624,0.0,0.0,0.0,0.0,0.0,0.0,0.0,0.0,0.0,0.0,0.0010147680715611247,0.0,0.0,0.0,0.0,0.0,0.0,0.0,0.0,0.0,0.0
ENSG00000171195,0.0,0.0,0.0,0.0,0.0,0.0,0.0,0.0,0.0,0.008775481955108943,0.0,0.0,0.0,0.0,0.0,0.0,0.0,0.0,0.0,0.0,0.0
ENSG00000132465,0.0,0.015902108595861202,0.0,0.0,0.0,0.0,0.0,0.0,0.0,0.0,0.0,0.0,0.0,0.0,0.0,0.0,0.0,0.0,0.0,0.0,0.0
ENSG00000163631,0.0,0.0,0.0,0.0,0.0,0.0,0.0,0.0,0.0,0.0,0.0,0.0425702234586736,0.0,0.0,0.0,0.0,0.0,0.0,0.0,0.0,0.0
ENSG00000169429,0.0,0.0,0.0,0.0,0.0,0.0,0.0,0.0,0.0,0.02263897235641508,0.0,0.0,0.0,0.0,0.0,0.0,0.0,0.0,0.0,0.0,0.0
ENSG00000163739,0.0,0.0,0.0,0.0,0.0,0.0,0.0,0.0,0.0,0.027279910104399605,0.0,0.0,0.0,0.0,0.0,0.0,0.0,0.0,0.0,0.0,0.0
ENSG00000081041,0.03755124317860029,0.0,0.0,0.0,0.0,0.0,0.0,0.0,0.0,0.0,0.0,0.0,0.0,0.0,0.0,0.0,0.0,0.0,0.0,0.0,0.0
ENSG00000169245,0.0,0.0,0.0,0.025177322211048337,0.0,0.0,0.0,0.0,0.0,0.0,0.0,0.0,0.0,0.0,0.0,0.0,0.0,0.0,0.0,0.0,0.0
ENSG00000145287,0.0,0.0,0.0,0.0,0.0,0.0,0.0,0.0,0.0,0.0,0.0,0.0,0.0,0.0,0.1319477926933455,0.0,0.0,0.0,0.0,0.0,0.0
ENSG00000118785,0.0,0.0,0.0,0.0,0.0,0.0,0.03412882854011801,0.0,0.0,0.0,0.0,0.0,0.0,0.0,0.0,0.0,0.0,0.0,0.0,0.0,0.0
ENSG00000145358,0.0,0.0,0.0,0.0,0.05784072617760764,0.0,0.0,0.0,0.0,0.0,0.0,0.0,0.0,0.0,0.0,0.0,0.0,0.0,0.0,0.0,0.0
ENSG00000172399,0.0,0.0,0.0,0.0,0.0520394243069356,0.0,0.0,0.0,0.0,0.0,0.0,0.0,0.0,0.0,0.0,0.0,0.0,0.0,0.0,0.0,0.0
ENSG00000137462,0.0,0.0,0.0,0.0,0.0,0.0,0.0,0.037054422531600954,0.0,0.0,0.0,0.0,0.0,0.0,0.0,0.0,0.0,0.0,0.0,0.0,0.0
ENSG00000171564,0.0,0.0,0.0,0.0,0.0,0.028979417081602232,0.0,0.0,0.0,0.0,0.0,0.0,0.0,0.0,0.0,0.0,0.0,0.0,0.0,0.0,0.0
ENSG00000171560,0.0,0.0,0.0,0.0,0.0,0.03128667026101297,0.0,0.0,0.0,0.0,0.0,0.0,0.0,0.0,0.0,0.0,0.0,0.0,0.0,0.0,0.0
ENSG00000171557,0.0,0.0,0.0,0.0,0.0,0.03975849164314484,0.0,0.0,0.0,0.0,0.0,0.0,0.0,0.0,0.0,0.0,0.0,0.0,0.0,0.0,0.0
ENSG00000066230,0.0,0.0,0.0,0.0,0.0,0.0,0.0,0.0,0.0,0.018421032269047146,0.0,0.0,0.0,0.0,0.0,0.0,0.0,0.0,0.0,0.0,0.0
ENSG00000134057,0.0,0.0,0.0,0.053208429884577794,0.0,0.0,0.0,0.0,0.0,0.0,0.0,0.0,0.0,0.0,0.0,0.0,0.0,0.0,0.0,0.0,0.0
ENSG00000171617,0.0,0.018170289433597546,0.0,0.0,0.0,0.0,0.0,0.0,0.0,0.0,0.0,0.0,0.0,0.0,0.0,0.0,0.0,0.0,0.0,0.0,0.0
ENSG00000120708,0.06517777026878904,0.0,0.0,0.0,0.0,0.0,0.0,0.0,0.0,0.0,0.0,0.0,0.0,0.0,0.0,0.0,0.0,0.0,0.0,0.0,0.0
ENSG00000120729,0.0,0.0,0.0,0.0,0.06456249498463529,0.0,0.0,0.0,0.0,0.0,0.0,0.0,0.0,0.0,0.0,0.0,0.0,0.0,0.0,0.0,0.0
ENSG00000164266,0.0,0.0,0.0,0.0,0.0,0.0621253686847864,0.0,0.0,0.0,0.0,0.0,0.0,0.0,0.0,0.0,0.0,0.0,0.0,0.0,0.0,0.0
ENSG00000133710,0.0,0.0,0.0,0.0,0.0,0.0,0.0,0.0,0.0,0.0,0.0,0.0,0.0,0.1103032672384612,0.0,0.0,0.0,0.0,0.0,0.0,0.0
ENSG00000155850,0.029740131034373278,0.0,0.0,0.0,0.0,0.0,0.0,0.0,0.0,0.0,0.0,0.0,0.0,0.0,0.0,0.0,0.0,0.0,0.0,0.0,0.0
ENSG00000113739,0.0,0.0,0.0,0.0,0.0,0.0,0.0,0.0,0.0,0.0,0.06627753906757197,0.0,0.0,0.0,0.0,0.0,0.0,0.0,0.0,0.0,0.0
ENSG00000074317,0.0,0.0,0.0,0.0,0.0,0.0,0.0,0.0,0.0,0.0,0.0,0.0,0.0,0.0,0.0,0.0,0.0,0.04692919497346272,0.0,0.0,0.0
ENSG00000160883,0.02529445693002807,0.0,0.0,0.0,0.0,0.0,0.0,0.0,0.0,0.0,0.0,0.0,0.0,0.0,0.0,0.0,0.0,0.0,0.0,0.0,0.0
ENSG00000248996,0.0,0.0,0.0,0.029519971007171332,0.0,0.0,0.0,0.0,0.0,0.0,0.0,0.0,0.0,0.0,0.0,0.0,0.0,0.0,0.0,0.0,0.0
ENSG00000146094,0.0,0.0,0.0,0.0,0.0,0.0,0.0,0.030598856117528318,0.0,0.0,0.0,0.0,0.0,0.0,0.0,0.0,0.0,0.0,0.0,0.0,0.0
ENSG00000161055,0.0,0.0,0.0,0.0,0.0,0.0,0.0,0.0,0.0,0.0,0.0,0.03792515480570762,0.0,0.0,0.0,0.0,0.0,0.0,0.0,0.0,0.0
ENSG00000137285,0.0,0.0,0.0,0.0,0.0,0.0,0.0,0.033954404908761754,0.0,0.0,0.0,0.0,0.0,0.0,0.0,0.0,0.0,0.0,0.0,0.0,0.0
ENSG00000172179,0.0,0.0,0.0,0.0,0.0,0.0,0.010422526057715795,0.0,0.0,0.0,0.0,0.0,0.0,0.0,0.0,0.0,0.0,0.0,0.0,0.0,0.0
ENSG00000111913,0.0,0.014760525924573524,0.0,0.0,0.0,0.0,0.0,0.0,0.0,0.0,0.0,0.0,0.0,0.0,0.0,0.0,0.0,0.0,0.0,0.0,0.0
ENSG00000226979,0.0,0.0,0.0,0.0,0.0,0.0,0.0,0.0,0.0,0.0,0.0,0.011002423045858387,0.0,0.0,0.0,0.0,0.0,0.0,0.0,0.0,0.0
ENSG00000232810,0.0,0.0,0.0,0.0,0.0,0.0,0.004636715887419015,0.0,0.0,0.0,0.0,0.0,0.0,0.0,0.0,0.0,0.0,0.0,0.0,0.0,0.0
ENSG00000227507,0.018959692605183168,0.0,0.0,0.0,0.0,0.0,0.0,0.0,0.0,0.0,0.0,0.0,0.0,0.0,0.0,0.0,0.0,0.0,0.0,0.0,0.0
ENSG00000204482,0.0,0.015023937746480318,0.0,0.0,0.0,0.0,0.0,0.0,0.0,0.0,0.0,0.0,0.0,0.0,0.0,0.0,0.0,0.0,0.0,0.0,0.0
ENSG00000204421,0.0,0.0,0.0,0.0,0.0,0.0,0.0,0.0,0.0,0.016131514443392683,0.0,0.0,0.0,0.0,0.0,0.0,0.0,0.0,0.0,0.0,0.0
ENSG00000243649,0.04469183790562713,0.0,0.0,0.0,0.0,0.0,0.0,0.0,0.0,0.0,0.0,0.0,0.0,0.0,0.0,0.0,0.0,0.0,0.0,0.0,0.0
ENSG00000213654,0.0,0.024517410220142092,0.0,0.0,0.0,0.0,0.0,0.0,0.0,0.0,0.0,0.0,0.0,0.0,0.0,0.0,0.0,0.0,0.0,0.0,0.0
ENSG00000124507,0.0,0.0,0.0,0.0,0.0,0.0,0.0,0.0,0.0,0.0,0.0,0.0,0.0,0.0,0.0,0.0,0.0,0.04983760112720032,0.0,0.0,0.0
ENSG00000137392,0.0,0.0,0.0,0.0,0.0,0.0,0.013612089076937213,0.0,0.0,0.0,0.0,0.0,0.0,0.0,0.0,0.0,0.0,0.0,0.0,0.0,0.0
ENSG00000112139,0.018913580358904464,0.0,0.0,0.0,0.0,0.0,0.0,0.0,0.0,0.0,0.0,0.0,0.0,0.0,0.0,0.0,0.0,0.0,0.0,0.0,0.0
ENSG00000124701,0.0,0.0,0.0,0.0,0.0,0.0,0.0,0.0,0.11249082577906493,0.0,0.0,0.0,0.0,0.0,0.0,0.0,0.0,0.0,0.0,0.0,0.0
ENSG00000124731,0.0,0.0,0.0,0.0,0.0,0.0,0.0,0.0,0.0,0.011330662945662855,0.0,0.0,0.0,0.0,0.0,0.0,0.0,0.0,0.0,0.0,0.0
ENSG00000096088,0.0,0.0,0.0,0.0,0.0,0.0,0.013213743862346236,0.0,0.0,0.0,0.0,0.0,0.0,0.0,0.0,0.0,0.0,0.0,0.0,0.0,0.0
ENSG00000135346,0.0,0.0,0.0,0.0,0.0,0.0,0.002772729208172632,0.0,0.0,0.0,0.0,0.0,0.0,0.0,0.0,0.0,0.0,0.0,0.0,0.0,0.0
ENSG00000135549,0.0,0.0,0.0,0.0,0.0,0.06694998572833084,0.0,0.0,0.0,0.0,0.0,0.0,0.0,0.0,0.0,0.0,0.0,0.0,0.0,0.0,0.0
ENSG00000118520,0.0,0.0,0.0,0.0,0.0,0.0,0.0,0.0,0.0,0.0,0.0,0.0,0.0,0.0,0.16626487679853832,0.0,0.0,0.0,0.0,0.0,0.0
ENSG00000112299,0.0,0.0,0.0,0.0,0.0,0.0,0.0,0.012135727903362759,0.0,0.0,0.0,0.0,0.0,0.0,0.0,0.0,0.0,0.0,0.0,0.0,0.0
ENSG00000112303,0.0,0.0,0.0,0.0,0.0,0.0,0.0,0.01918966981207645,0.0,0.0,0.0,0.0,0.0,0.0,0.0,0.0,0.0,0.0,0.0,0.0,0.0
ENSG00000136244,0.0,0.0,0.0,0.0,0.0,0.0,0.018342368467642714,0.0,0.0,0.0,0.0,0.0,0.0,0.0,0.0,0.0,0.0,0.0,0.0,0.0,0.0
ENSG00000011426,0.0,0.0,0.0,0.0,0.0,0.0,0.0,0.0,0.0,0.022052621940682315,0.0,0.0,0.0,0.0,0.0,0.0,0.0,0.0,0.0,0.0,0.0
ENSG00000106631,0.0,0.0,0.0,0.0,0.04348144197046009,0.0,0.0,0.0,0.0,0.0,0.0,0.0,0.0,0.0,0.0,0.0,0.0,0.0,0.0,0.0,0.0
ENSG00000243566,0.0,0.0,0.0,0.0,0.0,0.0,0.0,0.0,0.0,0.0,0.0,0.0333572646504532,0.0,0.0,0.0,0.0,0.0,0.0,0.0,0.0,0.0
ENSG00000105825,0.0,0.0,0.0,0.0,0.0,0.0,0.0,0.0,0.0,0.02122468139764617,0.0,0.0,0.0,0.0,0.0,0.0,0.0,0.0,0.0,0.0,0.0
ENSG00000006128,0.0,0.0,0.0,0.0,0.0,0.0,0.0,0.0,0.0,0.0,0.0,0.04699811540877681,0.0,0.0,0.0,0.0,0.0,0.0,0.0,0.0,0.0
ENSG00000158516,0.0,0.0,0.0,0.0,0.0,0.0,0.008653223402753344,0.0,0.0,0.0,0.0,0.0,0.0,0.0,0.0,0.0,0.0,0.0,0.0,0.0,0.0
ENSG00000091704,0.0,0.0,0.0,0.0,0.0,0.0,0.015583645771938121,0.0,0.0,0.0,0.0,0.0,0.0,0.0,0.0,0.0,0.0,0.0,0.0,0.0,0.0
ENSG00000204983,0.0,0.0,0.0,0.0,0.0,0.0,0.01880514363958666,0.0,0.0,0.0,0.0,0.0,0.0,0.0,0.0,0.0,0.0,0.0,0.0,0.0,0.0
ENSG00000211772,0.0,0.0,0.0,0.0,0.0,0.0,0.0,0.04168682612666015,0.0,0.0,0.0,0.0,0.0,0.0,0.0,0.0,0.0,0.0,0.0,0.0,0.0
ENSG00000159763,0.0,0.0,0.0,0.0,0.0,0.0,0.0,0.0,0.0,0.0,0.0,0.0,0.0,0.07307305398357083,0.0,0.0,0.0,0.0,0.0,0.0,0.0
ENSG00000239839,0.0,0.0,0.0,0.0,0.0,0.0,0.0,0.0,0.0,0.0,0.0,0.03143139190523198,0.0,0.0,0.0,0.0,0.0,0.0,0.0,0.0,0.0
ENSG00000164816,0.0,0.0,0.0,0.0,0.0,0.0,0.0,0.0,0.0,0.0,0.0,0.007859642825091986,0.0,0.0,0.0,0.0,0.0,0.0,0.0,0.0,0.0
ENSG00000173535,0.0,0.0,0.0,0.0,0.0,0.0,0.0,0.01228552203655938,0.0,0.0,0.0,0.0,0.0,0.0,0.0,0.0,0.0,0.0,0.0,0.0,0.0
ENSG00000147454,0.0,0.028950457678040564,0.0,0.0,0.0,0.0,0.0,0.0,0.0,0.0,0.0,0.0,0.0,0.0,0.0,0.0,0.0,0.0,0.0,0.0,0.0
ENSG00000104435,0.0,0.0,0.0,0.0,0.0,0.0,0.0,0.0,0.0,0.0,0.0,0.0,0.0,0.0,0.0,0.0,0.0,0.07935825433890539,0.0,0.0,0.0
ENSG00000164879,0.0,0.0,0.0,0.05213531869362832,0.0,0.0,0.0,0.0,0.0,0.0,0.0,0.0,0.0,0.0,0.0,0.0,0.0,0.0,0.0,0.0,0.0
ENSG00000104267,0.0,0.0,0.0,0.0,0.0,0.0,0.033545037100450224,0.0,0.0,0.0,0.0,0.0,0.0,0.0,0.0,0.0,0.0,0.0,0.0,0.0,0.0
ENSG00000164761,0.0,0.0,0.0,0.0,0.0,0.0,0.0,0.0,0.0,0.02248421711472608,0.0,0.0,0.0,0.0,0.0,0.0,0.0,0.0,0.0,0.0,0.0
ENSG00000136999,0.040410958386343517,0.0,0.0,0.0,0.0,0.0,0.0,0.0,0.0,0.0,0.0,0.0,0.0,0.0,0.0,0.0,0.0,0.0,0.0,0.0,0.0
ENSG00000042832,0.0,0.0,0.0,0.0,0.0,0.0,0.0,0.0,0.0,0.0,0.034747816151192455,0.0,0.0,0.0,0.0,0.0,0.0,0.0,0.0,0.0,0.0
ENSG00000167653,0.0,0.0,0.0,0.0,0.0,0.0,0.0,0.0,0.0,0.0,0.0,0.0,0.0,0.0839860976691188,0.0,0.0,0.0,0.0,0.0,0.0,0.0
ENSG00000160886,0.0,0.0,0.0,0.0,0.0,0.0,0.0,0.0,0.0,0.0,0.0,0.0,0.0,0.0,0.0,0.0,0.0,0.0,0.0877210599062009,0.0,0.0
ENSG00000126233,0.0,0.0,0.0,0.0,0.0,0.0,0.0,0.0,0.0,0.01649518926136183,0.0,0.0,0.0,0.0,0.0,0.0,0.0,0.0,0.0,0.0,0.0
ENSG00000160882,0.0,0.0,0.0,0.0,0.0,0.0,0.0,0.0,0.0,0.0,0.0,0.0,0.0,0.0,0.0,0.0,0.0,0.0,0.032977353542274566,0.0,0.0
ENSG00000165272,0.0,0.0,0.0,0.0,0.0,0.0,0.0,0.0,0.0,0.04631996334020275,0.0,0.0,0.0,0.0,0.0,0.0,0.0,0.0,0.0,0.0,0.0
ENSG00000168913,0.0,0.0,0.0,0.0,0.0,0.0,0.0,0.0,0.0,0.0,0.0,0.0,0.0,0.0,0.0,0.0,0.09995782609064843,0.0,0.0,0.0,0.0
ENSG00000213927,0.0,0.0,0.0,0.0,0.0,0.0,0.0,0.0,0.0,0.0,0.0,0.0,0.0,0.0,0.0,0.0,0.0,0.0,0.10160190905976443,0.0,0.0
ENSG00000172724,0.0,0.0,0.0,0.0,0.0,0.0,0.0,0.0,0.0,0.032779739443758074,0.0,0.0,0.0,0.0,0.0,0.0,0.0,0.0,0.0,0.0,0.0
ENSG00000215187,0.0,0.0,0.0,0.0,0.053573535867528284,0.0,0.0,0.0,0.0,0.0,0.0,0.0,0.0,0.0,0.0,0.0,0.0,0.0,0.0,0.0,0.0
ENSG00000123975,0.0,0.0,0.0,0.08815984963892319,0.0,0.0,0.0,0.0,0.0,0.0,0.0,0.0,0.0,0.0,0.0,0.0,0.0,0.0,0.0,0.0,0.0
ENSG00000130222,0.0,0.030678407683423156,0.0,0.0,0.0,0.0,0.0,0.0,0.0,0.0,0.0,0.0,0.0,0.0,0.0,0.0,0.0,0.0,0.0,0.0,0.0
ENSG00000229314,0.0,0.0,0.0,0.027722039099527924,0.0,0.0,0.0,0.0,0.0,0.0,0.0,0.0,0.0,0.0,0.0,0.0,0.0,0.0,0.0,0.0,0.0
ENSG00000160401,0.0,0.0,0.0,0.0,0.0,0.0,0.0,0.0,0.0,0.0,0.0,0.0,0.0,0.0,0.0,0.0,0.0,0.0,0.05693510850689317,0.0,0.0
ENSG00000148346,0.0,0.0,0.0,0.0,0.0,0.0,0.0,0.0,0.0,0.0,0.06760992155523195,0.0,0.0,0.0,0.0,0.0,0.0,0.0,0.0,0.0,0.0
ENSG00000085265,0.0,0.0,0.0,0.0,0.0,0.0,0.0,0.013653695188964898,0.0,0.0,0.0,0.0,0.0,0.0,0.0,0.0,0.0,0.0,0.0,0.0,0.0
ENSG00000197191,0.0,0.0,0.0,0.0,0.0,0.0,0.0,0.0,0.0,0.022759337544395408,0.0,0.0,0.0,0.0,0.0,0.0,0.0,0.0,0.0,0.0,0.0
ENSG00000178372,0.0,0.0,0.0,0.0,0.0,0.0,0.0,0.0,0.0,0.022712051220545995,0.0,0.0,0.0,0.0,0.0,0.0,0.0,0.0,0.0,0.0,0.0
ENSG00000178363,0.0,0.0,0.0,0.0,0.0,0.0,0.0,0.0,0.0,0.01373108869452777,0.0,0.0,0.0,0.0,0.0,0.0,0.0,0.0,0.0,0.0,0.0
ENSG00000152463,0.0,0.0,0.0,0.0,0.0,0.0,0.0,0.0,0.0,0.0,0.0,0.021662029973974692,0.0,0.0,0.0,0.0,0.0,0.0,0.0,0.0,0.0
ENSG00000077943,0.0,0.0,0.0,0.06358654469178647,0.0,0.0,0.0,0.0,0.0,0.0,0.0,0.0,0.0,0.0,0.0,0.0,0.0,0.0,0.0,0.0,0.0
ENSG00000107984,0.0,0.0,0.0,0.0,0.0,0.0,0.0,0.0,0.0,0.0,0.0,0.0,0.0,0.0,0.0,0.0,0.0,0.0,0.10757362756795709,0.0,0.0
ENSG00000075073,0.0,0.0,0.0,0.0,0.0,0.0,0.0,0.0,0.0,0.0,0.0,0.0,0.0,0.0934783956061769,0.0,0.0,0.0,0.0,0.0,0.0,0.0
ENSG00000148600,0.0,0.0,0.20836723255771908,0.0,0.0,0.0,0.0,0.0,0.0,0.0,0.0,0.0,0.0,0.0,0.0,0.0,0.0,0.0,0.0,0.0,0.0
ENSG00000182333,0.0,0.0,0.0,0.0,0.0,0.0,0.009682421938904713,0.0,0.0,0.0,0.0,0.0,0.0,0.0,0.0,0.0,0.0,0.0,0.0,0.0,0.0
ENSG00000138207,0.0,0.0,0.0,0.0,0.0,0.0,0.028351982537800777,0.0,0.0,0.0,0.0,0.0,0.0,0.0,0.0,0.0,0.0,0.0,0.0,0.0,0.0
ENSG00000165887,0.0,0.0,0.0,0.0,0.046077630765309255,0.0,0.0,0.0,0.0,0.0,0.0,0.0,0.0,0.0,0.0,0.0,0.0,0.0,0.0,0.0,0.0
ENSG00000119927,0.030632138421403943,0.0,0.0,0.0,0.0,0.0,0.0,0.0,0.0,0.0,0.0,0.0,0.0,0.0,0.0,0.0,0.0,0.0,0.0,0.0,0.0
ENSG00000175535,0.0,0.0,0.0,0.0,0.0,0.0,0.011838864598483712,0.0,0.0,0.0,0.0,0.0,0.0,0.0,0.0,0.0,0.0,0.0,0.0,0.0,0.0
ENSG00000187021,0.0,0.0,0.0,0.0,0.0,0.01897339126573848,0.0,0.0,0.0,0.0,0.0,0.0,0.0,0.0,0.0,0.0,0.0,0.0,0.0,0.0,0.0
ENSG00000151651,0.0,0.0,0.0,0.0,0.0,0.0,0.0,0.03140149633925567,0.0,0.0,0.0,0.0,0.0,0.0,0.0,0.0,0.0,0.0,0.0,0.0,0.0
ENSG00000184363,0.0,0.0,0.0,0.0,0.0,0.0,0.0,0.0,0.0,0.0,0.0,0.0,0.0,0.14824385336759652,0.0,0.0,0.0,0.0,0.0,0.0,0.0
ENSG00000184524,0.0,0.0,0.0,0.0,0.0,0.0,0.0,0.0,0.0,0.0,0.0,0.0,0.0,0.0,0.0,0.0,0.0,0.05980644435771411,0.0,0.0,0.0
ENSG00000244734,0.0,0.04744764591457334,0.0,0.0,0.0,0.0,0.0,0.0,0.0,0.0,0.0,0.0,0.0,0.0,0.0,0.0,0.0,0.0,0.0,0.0,0.0
ENSG00000213934,0.0,0.0,0.0,0.0,0.0,0.0,0.0,0.0,0.0,0.0,0.0,0.007303239702055102,0.0,0.0,0.0,0.0,0.0,0.0,0.0,0.0,0.0
ENSG00000196565,0.0,0.0,0.0,0.0,0.0,0.0,0.0,0.0,0.0,0.0,0.0,0.01232881629722696,0.0,0.0,0.0,0.0,0.0,0.0,0.0,0.0,0.0
ENSG00000213931,0.0,0.0,0.0,0.0,0.0,0.0,0.0,0.0,0.0,0.0,0.0,0.007263753028807323,0.0,0.0,0.0,0.0,0.0,0.0,0.0,0.0,0.0
ENSG00000134339,0.0,0.0,0.0,0.0,0.0,0.0,0.0,0.0,0.0,0.020188681029672598,0.0,0.0,0.0,0.0,0.0,0.0,0.0,0.0,0.0,0.0,0.0
ENSG00000134571,0.0,0.0,0.0,0.0,0.0,0.0,0.0,0.0,0.09354068725659387,0.0,0.0,0.0,0.0,0.0,0.0,0.0,0.0,0.0,0.0,0.0,0.0
ENSG00000066336,0.0,0.02241484759378427,0.0,0.0,0.0,0.0,0.0,0.0,0.0,0.0,0.0,0.0,0.0,0.0,0.0,0.0,0.0,0.0,0.0,0.0,0.0
ENSG00000214872,0.0,0.0,0.0,0.017883617639814307,0.0,0.0,0.0,0.0,0.0,0.0,0.0,0.0,0.0,0.0,0.0,0.0,0.0,0.0,0.0,0.0,0.0
ENSG00000229859,0.0,0.0,0.0,0.0,0.0,0.0,0.0,0.0,0.0,0.0,0.0,0.006802476891321906,0.0,0.0,0.0,0.0,0.0,0.0,0.0,0.0,0.0
ENSG00000124920,0.0,0.0,0.0,0.0,0.0,0.0,0.0,0.0,0.0,0.0,0.0,0.059188728349636545,0.0,0.0,0.0,0.0,0.0,0.0,0.0,0.0,0.0
ENSG00000110076,0.0,0.0,0.0,0.0,0.0,0.0,0.0,0.0,0.0,0.0,0.0,0.0,0.04381022119428842,0.0,0.0,0.0,0.0,0.0,0.0,0.0,0.0
ENSG00000172543,0.017714661955658163,0.0,0.0,0.0,0.0,0.0,0.0,0.0,0.0,0.0,0.0,0.0,0.0,0.0,0.0,0.0,0.0,0.0,0.0,0.0,0.0
ENSG00000175315,0.0,0.0,0.0,0.0,0.0,0.0,0.0,0.0,0.0,0.0,0.0,0.0,0.0,0.0,0.0,0.0,0.0,0.0,0.18283145695755412,0.0,0.0
ENSG00000174871,0.0,0.0,0.0,0.0,0.0,0.0,0.0,0.0,0.0,0.0,0.0,0.0,0.0,0.0,0.0,0.0,0.0,0.056485701622665724,0.0,0.0,0.0
ENSG00000172508,0.0,0.0,0.0,0.0,0.0,0.0,0.0,0.0,0.0,0.0,0.0,0.0689652696760298,0.0,0.0,0.0,0.0,0.0,0.0,0.0,0.0,0.0
ENSG00000021300,0.0,0.0,0.0,0.0,0.0,0.0,0.0,0.04659318476745863,0.0,0.0,0.0,0.0,0.0,0.0,0.0,0.0,0.0,0.0,0.0,0.0,0.0
ENSG00000175564,0.0,0.0,0.0,0.03064956173448656,0.0,0.0,0.0,0.0,0.0,0.0,0.0,0.0,0.0,0.0,0.0,0.0,0.0,0.0,0.0,0.0,0.0
ENSG00000110245,0.0,0.0,0.0,0.0,0.0,0.03282087469474485,0.0,0.0,0.0,0.0,0.0,0.0,0.0,0.0,0.0,0.0,0.0,0.0,0.0,0.0,0.0
ENSG00000137699,0.0,0.0,0.0,0.0,0.0,0.0,0.0,0.0,0.0,0.0,0.0,0.0,0.0,0.1389708651769496,0.0,0.0,0.0,0.0,0.0,0.0,0.0
ENSG00000249790,0.0,0.0,0.0,0.0,0.0,0.0,0.0,0.0,0.0,0.0,0.0,0.01888898860271022,0.0,0.0,0.0,0.0,0.0,0.0,0.0,0.0,0.0
ENSG00000231503,2.494596929831524e-05,0.0,0.0,0.0,0.0,0.0,0.0,0.0,0.0,0.0,0.0,0.0,0.0,0.0,0.0,0.0,0.0,0.0,0.0,0.0,0.0
ENSG00000111215,0.024882470467374074,0.0,0.0,0.0,0.0,0.0,0.0,0.0,0.0,0.0,0.0,0.0,0.0,0.0,0.0,0.0,0.0,0.0,0.0,0.0,0.0
ENSG00000121316,0.0,0.0,0.0,0.0,0.0,0.0,0.03230742165877446,0.0,0.0,0.0,0.0,0.0,0.0,0.0,0.0,0.0,0.0,0.0,0.0,0.0,0.0
ENSG00000172602,0.0,0.0,0.0,0.0,0.0,0.0,0.0,0.0,0.0,0.0,0.0,0.0,0.0,0.0,0.0,0.0,0.08962097260394171,0.0,0.0,0.0,0.0
ENSG00000258232,1.4362830808120895e-05,0.0,0.0,0.0,0.0,0.0,0.0,0.0,0.0,0.0,0.0,0.0,0.0,0.0,0.0,0.0,0.0,0.0,0.0,0.0,0.0
ENSG00000135480,0.0,0.0,0.0,0.0,0.0,0.0,0.0,0.0,0.0,0.0,0.08157097283897348,0.0,0.0,0.0,0.0,0.0,0.0,0.0,0.0,0.0,0.0
ENSG00000205420,0.0,0.0,0.0,0.0,0.0,0.0,0.017266668310097464,0.0,0.0,0.0,0.0,0.0,0.0,0.0,0.0,0.0,0.0,0.0,0.0,0.0,0.0
ENSG00000172867,0.0,0.0,0.0,0.0,0.0,0.0,0.0,0.0,0.0,0.02060566043089018,0.0,0.0,0.0,0.0,0.0,0.0,0.0,0.0,0.0,0.0,0.0
ENSG00000170477,0.0,0.0,0.0,0.0,0.0,0.0,0.014758382057321372,0.0,0.0,0.0,0.0,0.0,0.0,0.0,0.0,0.0,0.0,0.0,0.0,0.0,0.0
ENSG00000139626,0.0,0.0,0.0,0.0,0.0,0.0,0.010698174223086766,0.0,0.0,0.0,0.0,0.0,0.0,0.0,0.0,0.0,0.0,0.0,0.0,0.0,0.0
ENSG00000161634,0.0,0.0,0.0,0.0,0.0,0.0,0.0,0.0,0.0,0.013253926699320023,0.0,0.0,0.0,0.0,0.0,0.0,0.0,0.0,0.0,0.0,0.0
ENSG00000172551,0.0,0.0,0.0,0.0,0.0,0.0,0.0,0.0,0.0,0.0,0.0,0.0,0.0,0.0,0.10771351959465747,0.0,0.0,0.0,0.0,0.0,0.0
ENSG00000258345,0.0,0.0,0.0,0.0,0.0,0.0,0.0,0.0,0.0,0.0,0.0,0.002146639145651979,0.0,0.0,0.0,0.0,0.0,0.0,0.0,0.0,0.0
ENSG00000139540,0.0,0.0,0.0,0.0,0.0,0.0,0.0,0.0,0.0,0.0,0.0,0.0,0.0,0.0,0.0,0.0,0.0,0.0,0.0,1.0,0.0
ENSG00000185482,0.0,0.0,0.0,0.053671248307575005,0.0,0.0,0.0,0.0,0.0,0.0,0.0,0.0,0.0,0.0,0.0,0.0,0.0,0.0,0.0,0.0,0.0
ENSG00000123329,0.0,0.0,0.0,0.0,0.0,0.0,0.0,0.031706691872666976,0.0,0.0,0.0,0.0,0.0,0.0,0.0,0.0,0.0,0.0,0.0,0.0,0.0
ENSG00000155980,0.0,0.0,0.0,0.0,0.0,0.0,0.0,0.0,0.0,0.0,0.0,0.0,0.05031269627235086,0.0,0.0,0.0,0.0,0.0,0.0,0.0,0.0
ENSG00000090382,0.0,0.0,0.0,0.0,0.0,0.0,0.03458207928358369,0.0,0.0,0.0,0.0,0.0,0.0,0.0,0.0,0.0,0.0,0.0,0.0,0.0,0.0
ENSG00000257453,0.0,0.0,0.0,0.0,0.0,0.0,0.0,0.0,0.0,2.6652291624216446e-05,0.0,0.0,0.0,0.0,0.0,0.0,0.0,0.0,0.0,0.0,0.0
ENSG00000257715,0.0,0.0,0.0,0.0,0.0,0.0,0.0,0.0,0.0,0.0,0.0,0.0014861347931436775,0.0,0.0,0.0,0.0,0.0,0.0,0.0,0.0,0.0
ENSG00000258177,0.0,0.0,0.0,0.0,0.0,0.0,0.0,0.0,0.0,0.0,0.0,0.0,0.0,0.0,0.0,0.0,0.0,0.0,0.0,0.0,0.06498440601077403
ENSG00000110876,0.0,0.01789504773944943,0.0,0.0,0.0,0.0,0.0,0.0,0.0,0.0,0.0,0.0,0.0,0.0,0.0,0.0,0.0,0.0,0.0,0.0,0.0
ENSG00000111245,0.0,0.0,0.0,0.0,0.10347700484779253,0.0,0.0,0.0,0.0,0.0,0.0,0.0,0.0,0.0,0.0,0.0,0.0,0.0,0.0,0.0,0.0
ENSG00000170890,0.0,0.0,0.0,0.0,0.0,0.0,0.010474630284096894,0.0,0.0,0.0,0.0,0.0,0.0,0.0,0.0,0.0,0.0,0.0,0.0,0.0,0.0
ENSG00000165474,0.0,0.0,0.0,0.0,0.0,0.0,0.0,0.0,0.0,0.02222457220922565,0.0,0.0,0.0,0.0,0.0,0.0,0.0,0.0,0.0,0.0,0.0
ENSG00000132965,0.0,0.020177030094800652,0.0,0.0,0.0,0.0,0.0,0.0,0.0,0.0,0.0,0.0,0.0,0.0,0.0,0.0,0.0,0.0,0.0,0.0,0.0
ENSG00000102837,0.0,0.0,0.0,0.0,0.0,0.0,0.0,0.0,0.0,0.0,0.0,0.0,0.0,0.0,0.15279011343162383,0.0,0.0,0.0,0.0,0.0,0.0
ENSG00000234377,0.0,0.0,0.0,0.0,0.0,0.0,0.0,0.0,0.0,0.0,0.0,0.0,0.0,0.0,0.0,0.0,0.0,0.005422115793814069,0.0,0.0,0.0
ENSG00000153531,0.0,0.0,0.0,0.0,0.0,0.0,0.0,0.0,0.15060930051111154,0.0,0.0,0.0,0.0,0.0,0.0,0.0,0.0,0.0,0.0,0.0,0.0
ENSG00000169385,0.01754381986288788,0.0,0.0,0.0,0.0,0.0,0.0,0.0,0.0,0.0,0.0,0.0,0.0,0.0,0.0,0.0,0.0,0.0,0.0,0.0,0.0
ENSG00000197616,0.0,0.0,0.0,0.0,0.04087817266071589,0.0,0.0,0.0,0.0,0.0,0.0,0.0,0.0,0.0,0.0,0.0,0.0,0.0,0.0,0.0,0.0
ENSG00000258444,0.0,0.0,0.0,0.0,0.0,0.0,0.0,0.0,0.04114679414701235,0.0,0.0,0.0,0.0,0.0,0.0,0.0,0.0,0.0,0.0,0.0,0.0
ENSG00000092295,0.0,0.0,0.0,0.0,0.0,0.0,0.0,0.0,0.0,0.024483998737885027,0.0,0.0,0.0,0.0,0.0,0.0,0.0,0.0,0.0,0.0,0.0
ENSG00000139899,0.029809677373023126,0.0,0.0,0.0,0.0,0.0,0.0,0.0,0.0,0.0,0.0,0.0,0.0,0.0,0.0,0.0,0.0,0.0,0.0,0.0,0.0
ENSG00000151838,0.0,0.0,0.0,0.0,0.0,0.0,0.0,0.0,0.0,0.0,0.0,0.0,0.0,0.0,0.0,0.0,0.0,0.0,0.0,0.0,0.15004252906152538
ENSG00000139970,0.0,0.019761407250055502,0.0,0.0,0.0,0.0,0.0,0.0,0.0,0.0,0.0,0.0,0.0,0.0,0.0,0.0,0.0,0.0,0.0,0.0,0.0
ENSG00000176153,0.0,0.0,0.0,0.0,0.0,0.08968158320383116,0.0,0.0,0.0,0.0,0.0,0.0,0.0,0.0,0.0,0.0,0.0,0.0,0.0,0.0,0.0
ENSG00000054690,0.0,0.0,0.0,0.0,0.0,0.0,0.0,0.0,0.0,0.0,0.0,0.0,0.0,0.0,0.0,0.0,0.12343086167806872,0.0,0.0,0.0,0.0
ENSG00000100604,0.0,0.0,0.0,0.0,0.0,0.0,0.0,0.0,0.0,0.0,0.0,0.0,0.0,0.0,0.0,0.0,0.0,0.06206878303378294,0.0,0.0,0.0
ENSG00000197249,0.0,0.0,0.0,0.0,0.0,0.0,0.024343878929947268,0.0,0.0,0.0,0.0,0.0,0.0,0.0,0.0,0.0,0.0,0.0,0.0,0.0,0.0
ENSG00000197119,0.0,0.027446880916168398,0.0,0.0,0.0,0.0,0.0,0.0,0.0,0.0,0.0,0.0,0.0,0.0,0.0,0.0,0.0,0.0,0.0,0.0,0.0
ENSG00000211890,0.0,0.01882724167206569,0.0,0.0,0.0,0.0,0.0,0.0,0.0,0.0,0.0,0.0,0.0,0.0,0.0,0.0,0.0,0.0,0.0,0.0,0.0
ENSG00000211892,0.0,0.010404372636243654,0.0,0.0,0.0,0.0,0.0,0.0,0.0,0.0,0.0,0.0,0.0,0.0,0.0,0.0,0.0,0.0,0.0,0.0,0.0
ENSG00000211893,0.0,0.01809378959310366,0.0,0.0,0.0,0.0,0.0,0.0,0.0,0.0,0.0,0.0,0.0,0.0,0.0,0.0,0.0,0.0,0.0,0.0,0.0
ENSG00000211896,0.0,0.020668758450964983,0.0,0.0,0.0,0.0,0.0,0.0,0.0,0.0,0.0,0.0,0.0,0.0,0.0,0.0,0.0,0.0,0.0,0.0,0.0
ENSG00000211897,0.0,0.015769219697683672,0.0,0.0,0.0,0.0,0.0,0.0,0.0,0.0,0.0,0.0,0.0,0.0,0.0,0.0,0.0,0.0,0.0,0.0,0.0
ENSG00000211899,0.0,0.017703009480065285,0.0,0.0,0.0,0.0,0.0,0.0,0.0,0.0,0.0,0.0,0.0,0.0,0.0,0.0,0.0,0.0,0.0,0.0,0.0
ENSG00000166922,0.0,0.0,0.0,0.0,0.0,0.0,0.0,0.0,0.0,0.0,0.0,0.0,0.0,0.0,0.0,0.0,0.0,0.08373078610756472,0.0,0.0,0.0
ENSG00000166923,0.0,0.0,0.0,0.0,0.0,0.0,0.0,0.0,0.0,0.01934612471381027,0.0,0.0,0.0,0.0,0.0,0.0,0.0,0.0,0.0,0.0,0.0
ENSG00000104140,0.0,0.0,0.0,0.0,0.0,0.09897402556214518,0.0,0.0,0.0,0.0,0.0,0.0,0.0,0.0,0.0,0.0,0.0,0.0,0.0,0.0,0.0
ENSG00000166920,0.0,0.0,0.0,0.0,0.0,0.0,0.0,0.0,0.0,0.0,0.048245430047921825,0.0,0.0,0.0,0.0,0.0,0.0,0.0,0.0,0.0,0.0
ENSG00000103569,0.0,0.0,0.0,0.0,0.0,0.0,0.0,0.0,0.0,0.023272609095997255,0.0,0.0,0.0,0.0,0.0,0.0,0.0,0.0,0.0,0.0,0.0
ENSG00000138623,0.0,0.0,0.0,0.0,0.0,0.0,0.0,0.0,0.0,0.0,0.0,0.0,0.0,0.0,0.0,0.0,0.0,0.08659068207526575,0.0,0.0,0.0
ENSG00000140465,0.0,0.0,0.0,0.0,0.0,0.0,0.0,0.0,0.0,0.0,0.0,0.0,0.0,0.0,0.11755948604731815,0.0,0.0,0.0,0.0,0.0,0.0
ENSG00000198794,0.0,0.0,0.0,0.0,0.0,0.0,0.0,0.0,0.0,0.0,0.0,0.0,0.06353791795778525,0.0,0.0,0.0,0.0,0.0,0.0,0.0,0.0
ENSG00000260235,0.0,2.918035152859694e-05,0.0,0.0,0.0,0.0,0.0,0.0,0.0,0.0,0.0,0.0,0.0,0.0,0.0,0.0,0.0,0.0,0.0,0.0,0.0
ENSG00000140379,0.0,0.0,0.0,0.0,0.0,0.0,0.0,0.020565853345936334,0.0,0.0,0.0,0.0,0.0,0.0,0.0,0.0,0.0,0.0,0.0,0.0,0.0
ENSG00000103888,0.0,0.0,0.0,0.0,0.0,0.0,0.0,0.0,0.0,0.0,0.0,0.0,0.0,0.0,0.0,0.0,0.0,0.0,0.12681780056468475,0.0,0.0
ENSG00000140519,0.0,0.0,0.0,0.0,0.0,0.0,0.01304902727572212,0.0,0.0,0.0,0.0,0.0,0.0,0.0,0.0,0.0,0.0,0.0,0.0,0.0,0.0
ENSG00000166819,0.0,0.0,0.0,0.0,0.0,0.0,0.0,0.0,0.0,0.0,0.0,0.0,0.0,0.0,0.0,0.0,0.11540366658269624,0.0,0.0,0.0,0.0
ENSG00000166825,0.0,0.0,0.0,0.0,0.0,0.0,0.03477424863464516,0.0,0.0,0.0,0.0,0.0,0.0,0.0,0.0,0.0,0.0,0.0,0.0,0.0,0.0
ENSG00000185615,0.0,0.0,0.0,0.0,0.0,0.0,0.0,0.0,0.0,0.0,0.0,0.0,0.0,0.0,0.0,0.0,0.0,0.0661855338215222,0.0,0.0,0.0
ENSG00000127585,0.0,0.0,0.0,0.0,0.0,0.0,0.0,0.0,0.0,0.0,0.0,0.0,0.0,0.0,0.0,0.0,0.0,0.09110433438512237,0.0,0.0,0.0
ENSG00000172382,0.0,0.0,0.0,0.0,0.0,0.0,0.012213678872128386,0.0,0.0,0.0,0.0,0.0,0.0,0.0,0.0,0.0,0.0,0.0,0.0,0.0,0.0
ENSG00000162078,0.0,0.0,0.0,0.0,0.0,0.0,0.0,0.0,0.0,0.013469724286341904,0.0,0.0,0.0,0.0,0.0,0.0,0.0,0.0,0.0,0.0,0.0
ENSG00000008516,0.0,0.0,0.0,0.0,0.0,0.0,0.0,0.016210608949198162,0.0,0.0,0.0,0.0,0.0,0.0,0.0,0.0,0.0,0.0,0.0,0.0,0.0
ENSG00000122304,0.0,0.0,0.0,0.0,0.0,0.0,0.0,0.0,0.0,0.0,0.0,0.024578659247958358,0.0,0.0,0.0,0.0,0.0,0.0,0.0,0.0,0.0
ENSG00000175646,0.0,0.0,0.0,0.0,0.0,0.0,0.0,0.0,0.0,0.0,0.0,0.023939693080857936,0.0,0.0,0.0,0.0,0.0,0.0,0.0,0.0,0.0
ENSG00000261448,0.0,0.0,0.0,0.0,0.0,0.0,0.0,0.0,0.0,0.0,0.0,0.00493762900475635,0.0,0.0,0.0,0.0,0.0,0.0,0.0,0.0,0.0
ENSG00000140749,0.013990909084036923,0.0,0.0,0.0,0.0,0.0,0.0,0.0,0.0,0.0,0.0,0.0,0.0,0.0,0.0,0.0,0.0,0.0,0.0,0.0,0.0
ENSG00000184730,0.02018733667004571,0.0,0.0,0.0,0.0,0.0,0.0,0.0,0.0,0.0,0.0,0.0,0.0,0.0,0.0,0.0,0.0,0.0,0.0,0.0,0.0
ENSG00000196296,0.0,0.0,0.0,0.030387559440789833,0.0,0.0,0.0,0.0,0.0,0.0,0.0,0.0,0.0,0.0,0.0,0.0,0.0,0.0,0.0,0.0,0.0
ENSG00000180209,0.0,0.0,0.0,0.0252181129873125,0.0,0.0,0.0,0.0,0.0,0.0,0.0,0.0,0.0,0.0,0.0,0.0,0.0,0.0,0.0,0.0,0.0
ENSG00000099365,0.0,0.0,0.0,0.0,0.0,0.0,0.0,0.0,0.0,0.0,0.0,0.0,0.046248091228132844,0.0,0.0,0.0,0.0,0.0,0.0,0.0,0.0
ENSG00000140678,0.0,0.0,0.0,0.0,0.0,0.0,0.0,0.030458674442076932,0.0,0.0,0.0,0.0,0.0,0.0,0.0,0.0,0.0,0.0,0.0,0.0,0.0
ENSG00000087250,0.0,0.0,0.0,0.0,0.0,0.0,0.0,0.0,0.0,0.0,0.0,0.0,0.06365103036472798,0.0,0.0,0.0,0.0,0.0,0.0,0.0,0.0
ENSG00000260549,0.04617725698657227,0.0,0.0,0.0,0.0,0.0,0.0,0.0,0.0,0.0,0.0,0.0,0.0,0.0,0.0,0.0,0.0,0.0,0.0,0.0,0.0
ENSG00000198417,0.0,0.0,0.0,0.0,0.0,0.0,0.029676438356778367,0.0,0.0,0.0,0.0,0.0,0.0,0.0,0.0,0.0,0.0,0.0,0.0,0.0,0.0
ENSG00000140932,0.0,0.0,0.0,0.0,0.0,0.0,0.0,0.0,0.0,0.0,0.0,0.026100691016781835,0.0,0.0,0.0,0.0,0.0,0.0,0.0,0.0,0.0
ENSG00000176387,0.0,0.0,0.0,0.0,0.0,0.1395888173543497,0.0,0.0,0.0,0.0,0.0,0.0,0.0,0.0,0.0,0.0,0.0,0.0,0.0,0.0,0.0
ENSG00000257017,0.0,0.0,0.0,0.0,0.0,0.0,0.0167826032392021,0.0,0.0,0.0,0.0,0.0,0.0,0.0,0.0,0.0,0.0,0.0,0.0,0.0,0.0
ENSG00000168928,0.0,0.0,0.0,0.0,0.0,0.0,0.010298708487498347,0.0,0.0,0.0,0.0,0.0,0.0,0.0,0.0,0.0,0.0,0.0,0.0,0.0,0.0
ENSG00000168925,0.0,0.0,0.0,0.0,0.0,0.0,0.009488571806347079,0.0,0.0,0.0,0.0,0.0,0.0,0.0,0.0,0.0,0.0,0.0,0.0,0.0,0.0
ENSG00000240338,0.0,0.0,0.0,0.0,0.0,0.024337160254987156,0.0,0.0,0.0,0.0,0.0,0.0,0.0,0.0,0.0,0.0,0.0,0.0,0.0,0.0,0.0
ENSG00000261317,0.0,0.0,0.0,0.0,0.0,0.0,0.0,0.0,0.0,7.737762084449935e-06,0.0,0.0,0.0,0.0,0.0,0.0,0.0,0.0,0.0,0.0,0.0
ENSG00000108405,0.0,0.0,0.0,0.0,0.0,0.0,0.02151904549539354,0.0,0.0,0.0,0.0,0.0,0.0,0.0,0.0,0.0,0.0,0.0,0.0,0.0,0.0
ENSG00000181885,0.0,0.0,0.0,0.0,0.0,0.0,0.0,0.0,0.0,0.0,0.07419193099577114,0.0,0.0,0.0,0.0,0.0,0.0,0.0,0.0,0.0,0.0
ENSG00000129244,0.0,0.020880513164084666,0.0,0.0,0.0,0.0,0.0,0.0,0.0,0.0,0.0,0.0,0.0,0.0,0.0,0.0,0.0,0.0,0.0,0.0,0.0
ENSG00000133026,0.05194204370987384,0.0,0.0,0.0,0.0,0.0,0.0,0.0,0.0,0.0,0.0,0.0,0.0,0.0,0.0,0.0,0.0,0.0,0.0,0.0,0.0
ENSG00000109061,0.0,0.0,0.0,0.01796990582037311,0.0,0.0,0.0,0.0,0.0,0.0,0.0,0.0,0.0,0.0,0.0,0.0,0.0,0.0,0.0,0.0,0.0
ENSG00000125414,0.0,0.0,0.0,0.016350825777887948,0.0,0.0,0.0,0.0,0.0,0.0,0.0,0.0,0.0,0.0,0.0,0.0,0.0,0.0,0.0,0.0,0.0
ENSG00000108602,0.0,0.0,0.0,0.0,0.0,0.0,0.0,0.0,0.0,0.0,0.0,0.0,0.0,0.0886440459787651,0.0,0.0,0.0,0.0,0.0,0.0,0.0
ENSG00000131771,0.0,0.0,0.0,0.0,0.0,0.0,0.0,0.0,0.0,0.0,0.0,0.0,0.0,0.0,0.0,0.0,0.16162513904653,0.0,0.0,0.0,0.0
ENSG00000108342,0.0,0.0,0.0,0.0,0.05018904974769765,0.0,0.0,0.0,0.0,0.0,0.0,0.0,0.0,0.0,0.0,0.0,0.0,0.0,0.0,0.0,0.0
ENSG00000126353,0.0,0.0,0.0,0.0,0.0,0.0,0.0113822522920257,0.0,0.0,0.0,0.0,0.0,0.0,0.0,0.0,0.0,0.0,0.0,0.0,0.0,0.0
ENSG00000171401,0.0,0.0,0.0,0.0,0.0,0.0,0.01927856376100632,0.0,0.0,0.0,0.0,0.0,0.0,0.0,0.0,0.0,0.0,0.0,0.0,0.0,0.0
ENSG00000171346,0.0,0.0,0.0,0.0,0.0,0.0,0.0,0.0,0.0,0.0,0.0,0.0,0.0,0.12054884647840991,0.0,0.0,0.0,0.0,0.0,0.0,0.0
ENSG00000171345,0.04754021403641658,0.0,0.0,0.0,0.0,0.0,0.0,0.0,0.0,0.0,0.0,0.0,0.0,0.0,0.0,0.0,0.0,0.0,0.0,0.0,0.0
ENSG00000186847,0.0,0.0,0.0,0.0,0.0,0.0,0.026733389956994404,0.0,0.0,0.0,0.0,0.0,0.0,0.0,0.0,0.0,0.0,0.0,0.0,0.0,0.0
ENSG00000186832,0.0,0.0,0.0,0.0,0.0,0.0,0.0,0.0,0.0,0.0,0.0,0.0,0.0,0.0,0.0,0.0,0.0,0.0,0.14991907760280687,0.0,0.0
ENSG00000108309,0.0,0.0,0.0,0.0,0.0,0.0,0.0,0.0,0.0,0.0,0.0,0.0,0.0,0.0,0.0,0.0,0.0,0.08276278739528967,0.0,0.0,0.0
ENSG00000005961,0.0,0.0,0.0,0.0,0.0,0.0,0.0,0.0,0.0,0.0,0.0,0.030352687786054024,0.0,0.0,0.0,0.0,0.0,0.0,0.0,0.0,0.0
ENSG00000073670,0.0,0.0,0.0,0.0,0.05559856312751063,0.0,0.0,0.0,0.0,0.0,0.0,0.0,0.0,0.0,0.0,0.0,0.0,0.0,0.0,0.0,0.0
ENSG00000131095,0.0,0.0,0.0,0.0,0.0,0.0,0.0,0.0,0.0,0.0,0.0,0.0,0.0,0.0,0.0,0.0,0.10162213875499224,0.0,0.0,0.0,0.0
ENSG00000120088,0.0,0.0,0.0,0.0,0.0,0.0,0.0,0.0,0.0,0.0,0.0,0.0,0.0,0.0,0.0,0.0,0.0,0.0,0.0,0.0,0.5091012191664304
ENSG00000198336,0.0,0.0,0.0,0.0,0.0,0.0,0.0,0.0,0.12165512863745462,0.0,0.0,0.0,0.0,0.0,0.0,0.0,0.0,0.0,0.0,0.0,0.0
ENSG00000173868,0.0,0.0,0.0,0.0,0.0,0.0,0.0,0.0,0.0,0.0,0.0,0.02666965808130665,0.0,0.0,0.0,0.0,0.0,0.0,0.0,0.0,0.0
ENSG00000259384,0.0,0.0,0.0,0.0,0.0,0.0,0.011543607315657489,0.0,0.0,0.0,0.0,0.0,0.0,0.0,0.0,0.0,0.0,0.0,0.0,0.0,0.0
ENSG00000091583,0.0,0.0,0.0,0.0,0.0,0.02399622593638007,0.0,0.0,0.0,0.0,0.0,0.0,0.0,0.0,0.0,0.0,0.0,0.0,0.0,0.0,0.0
ENSG00000182676,0.0,0.0,0.0,0.014319131344730694,0.0,0.0,0.0,0.0,0.0,0.0,0.0,0.0,0.0,0.0,0.0,0.0,0.0,0.0,0.0,0.0,0.0
ENSG00000173762,0.0,0.0,0.0,0.0,0.0,0.0,0.0,0.0,0.0,0.0,0.045209116133014524,0.0,0.0,0.0,0.0,0.0,0.0,0.0,0.0,0.0,0.0
ENSG00000266495,0.0,0.0,0.0,0.0,0.0,0.0,0.0,0.0,0.0,0.0,1.997574944017962e-05,0.0,0.0,0.0,0.0,0.0,0.0,0.0,0.0,0.0,0.0
ENSG00000118271,0.0,0.0,0.0,0.0,0.0,0.0,0.0,0.0,0.0,0.0,0.0,0.0,0.0,0.0,0.0,0.6644924755936394,0.0,0.0,0.0,0.0,0.0
ENSG00000141682,0.0,0.0,0.0,0.0,0.0,0.0,0.0,0.0,0.0,0.020487014745595278,0.0,0.0,0.0,0.0,0.0,0.0,0.0,0.0,0.0,0.0,0.0
ENSG00000150637,0.0,0.0,0.0,0.0,0.0,0.0,0.0,0.0,0.0,0.0,0.0,0.005359418468993987,0.0,0.0,0.0,0.0,0.0,0.0,0.0,0.0,0.0
ENSG00000197971,0.0,0.0,0.0,0.0,0.0,0.0,0.0,0.05053429244300613,0.0,0.0,0.0,0.0,0.0,0.0,0.0,0.0,0.0,0.0,0.0,0.0,0.0
ENSG00000197540,0.0,0.0,0.0,0.0,0.0,0.0,0.0,0.014347394222912896,0.0,0.0,0.0,0.0,0.0,0.0,0.0,0.0,0.0,0.0,0.0,0.0,0.0
ENSG00000172232,0.0,0.0,0.0,0.0,0.0,0.0,0.0,0.0,0.0,0.0,0.0,0.018135152113434444,0.0,0.0,0.0,0.0,0.0,0.0,0.0,0.0,0.0
ENSG00000176533,0.0,0.02153312778273099,0.0,0.0,0.0,0.0,0.0,0.0,0.0,0.0,0.0,0.0,0.0,0.0,0.0,0.0,0.0,0.0,0.0,0.0,0.0
ENSG00000077009,0.0,0.0,0.0,0.0,0.048761145910530615,0.0,0.0,0.0,0.0,0.0,0.0,0.0,0.0,0.0,0.0,0.0,0.0,0.0,0.0,0.0,0.0
ENSG00000105246,0.0,0.0,0.0,0.03289932993305606,0.0,0.0,0.0,0.0,0.0,0.0,0.0,0.0,0.0,0.0,0.0,0.0,0.0,0.0,0.0,0.0,0.0
ENSG00000171236,0.0,0.0,0.0,0.0,0.0,0.0,0.0,0.0,0.0,0.0,0.05641750914389931,0.0,0.0,0.0,0.0,0.0,0.0,0.0,0.0,0.0,0.0
ENSG00000104833,0.0,0.0,0.0,0.0,0.0,0.0,0.0,0.0,0.0,0.0,0.0,0.0,0.049233663442963066,0.0,0.0,0.0,0.0,0.0,0.0,0.0,0.0
ENSG00000178531,0.0,0.0,0.0,0.0,0.0,0.0,0.0,0.0,0.0,0.0,0.0,0.0,0.0781294184533962,0.0,0.0,0.0,0.0,0.0,0.0,0.0,0.0
ENSG00000142347,0.0,0.0,0.0,0.0,0.0,0.0,0.0,0.03228664348996299,0.0,0.0,0.0,0.0,0.0,0.0,0.0,0.0,0.0,0.0,0.0,0.0,0.0
ENSG00000267607,0.0,0.0,0.0,0.0,0.0,0.0,0.0,0.0,0.0,0.0,0.0,0.0012761374854168537,0.0,0.0,0.0,0.0,0.0,0.0,0.0,0.0,0.0
ENSG00000076662,0.0,0.0,0.0,0.0,0.0,0.0,0.0,0.0,0.0,0.0,0.0,0.03231625235573903,0.0,0.0,0.0,0.0,0.0,0.0,0.0,0.0,0.0
ENSG00000214212,0.0,0.0,0.0,0.029636067831923175,0.0,0.0,0.0,0.0,0.0,0.0,0.0,0.0,0.0,0.0,0.0,0.0,0.0,0.0,0.0,0.0,0.0
ENSG00000105649,0.0,0.019902577058801958,0.0,0.0,0.0,0.0,0.0,0.0,0.0,0.0,0.0,0.0,0.0,0.0,0.0,0.0,0.0,0.0,0.0,0.0,0.0
ENSG00000130513,0.0,0.0,0.0,0.0,0.0,0.0,0.0,0.0,0.0,0.0,0.07143927272291438,0.0,0.0,0.0,0.0,0.0,0.0,0.0,0.0,0.0,0.0
ENSG00000105696,0.0,0.01876099438751428,0.0,0.0,0.0,0.0,0.0,0.0,0.0,0.0,0.0,0.0,0.0,0.0,0.0,0.0,0.0,0.0,0.0,0.0,0.0
ENSG00000268751,0.0,0.0,0.0,0.0,0.0,0.0,0.018051593268806263,0.0,0.0,0.0,0.0,0.0,0.0,0.0,0.0,0.0,0.0,0.0,0.0,0.0,0.0
ENSG00000221946,0.0,0.0,0.0,0.0,0.0,0.0,0.0,0.02348403530976145,0.0,0.0,0.0,0.0,0.0,0.0,0.0,0.0,0.0,0.0,0.0,0.0,0.0
ENSG00000105697,0.0,0.0,0.0,0.0,0.0,0.0,0.0,0.0,0.0,0.0,0.0,0.02734452122408687,0.0,0.0,0.0,0.0,0.0,0.0,0.0,0.0,0.0
ENSG00000012124,0.0,0.0,0.0,0.0,0.0,0.0,0.0,0.0,0.0,0.0,0.0,0.05083550210894732,0.0,0.0,0.0,0.0,0.0,0.0,0.0,0.0,0.0
ENSG00000188508,0.0,0.0,0.0,0.0,0.0,0.0,0.0,0.0,0.0,0.025128812244922524,0.0,0.0,0.0,0.0,0.0,0.0,0.0,0.0,0.0,0.0,0.0
ENSG00000161249,0.0,0.0,0.0,0.0,0.0,0.0,0.02891616486001331,0.0,0.0,0.0,0.0,0.0,0.0,0.0,0.0,0.0,0.0,0.0,0.0,0.0,0.0
ENSG00000105679,0.0,0.0,0.0,0.0,0.0,0.0,0.0,0.0,0.0,0.0,0.0,0.0,0.0,0.0,0.0,0.0,0.0,0.0,0.0,0.0,0.22699177771477175
ENSG00000011590,0.0,0.0,0.0,0.0,0.0,0.0,0.0,0.0,0.0,0.0,0.0,0.01088216817733106,0.0,0.0,0.0,0.0,0.0,0.0,0.0,0.0,0.0
ENSG00000105290,0.0,0.0,0.0,0.0,0.0,0.0,0.0,0.0,0.0,0.0,0.0,0.0,0.0,0.0,0.0,0.0,0.0,0.09364229911821711,0.0,0.0,0.0
ENSG00000196218,0.0,0.0,0.1878197826833722,0.0,0.0,0.0,0.0,0.0,0.0,0.0,0.0,0.0,0.0,0.0,0.0,0.0,0.0,0.0,0.0,0.0,0.0
ENSG00000171747,0.0,0.0,0.0,0.0,0.0,0.0,0.0,0.0,0.0,0.0,0.04335536658496585,0.0,0.0,0.0,0.0,0.0,0.0,0.0,0.0,0.0,0.0
ENSG00000188505,0.0,0.0,0.0,0.0,0.0,0.0,0.0,0.0,0.0,0.017242313178182606,0.0,0.0,0.0,0.0,0.0,0.0,0.0,0.0,0.0,0.0,0.0
ENSG00000179751,0.0,0.0,0.0,0.0,0.0,0.0,0.006412741668366123,0.0,0.0,0.0,0.0,0.0,0.0,0.0,0.0,0.0,0.0,0.0,0.0,0.0,0.0
ENSG00000130755,0.0,0.024379395043993324,0.0,0.0,0.0,0.0,0.0,0.0,0.0,0.0,0.0,0.0,0.0,0.0,0.0,0.0,0.0,0.0,0.0,0.0,0.0
ENSG00000105369,0.0,0.0,0.0,0.0,0.0,0.0,0.0,0.0,0.0,0.0,0.0,0.0,0.0,0.0,0.1408294634624982,0.0,0.0,0.0,0.0,0.0,0.0
ENSG00000105427,0.0,0.0,0.0,0.0,0.0,0.0,0.019342433457860568,0.0,0.0,0.0,0.0,0.0,0.0,0.0,0.0,0.0,0.0,0.0,0.0,0.0,0.0
ENSG00000079435,0.03470286704781084,0.0,0.0,0.0,0.0,0.0,0.0,0.0,0.0,0.0,0.0,0.0,0.0,0.0,0.0,0.0,0.0,0.0,0.0,0.0,0.0
ENSG00000079385,0.0,0.0,0.0,0.0,0.0,0.0,0.01666943061846036,0.0,0.0,0.0,0.0,0.0,0.0,0.0,0.0,0.0,0.0,0.0,0.0,0.0,0.0
ENSG00000204936,0.0,0.0,0.0,0.0,0.0,0.0,0.0,0.014668610519232926,0.0,0.0,0.0,0.0,0.0,0.0,0.0,0.0,0.0,0.0,0.0,0.0,0.0
ENSG00000125740,0.0335984409525127,0.0,0.0,0.0,0.0,0.0,0.0,0.0,0.0,0.0,0.0,0.0,0.0,0.0,0.0,0.0,0.0,0.0,0.0,0.0,0.0
ENSG00000008438,0.0,0.0,0.0,0.0,0.0,0.0,0.0,0.0,0.0,0.0,0.0,0.020990756528762453,0.0,0.0,0.0,0.0,0.0,0.0,0.0,0.0,0.0
ENSG00000197405,0.0,0.0,0.0,0.0,0.0,0.0,0.0,0.03910027395504574,0.0,0.0,0.0,0.0,0.0,0.0,0.0,0.0,0.0,0.0,0.0,0.0,0.0
ENSG00000088002,0.0,0.0,0.0,0.0,0.0,0.0,0.0,0.0,0.0,0.017936992263097667,0.0,0.0,0.0,0.0,0.0,0.0,0.0,0.0,0.0,0.0,0.0
ENSG00000063180,0.0,0.02745831645933501,0.0,0.0,0.0,0.0,0.0,0.0,0.0,0.0,0.0,0.0,0.0,0.0,0.0,0.0,0.0,0.0,0.0,0.0,0.0
ENSG00000104894,0.0,0.01878623144829577,0.0,0.0,0.0,0.0,0.0,0.0,0.0,0.0,0.0,0.0,0.0,0.0,0.0,0.0,0.0,0.0,0.0,0.0,0.0
ENSG00000104888,0.0,0.0,0.0,0.0,0.0,0.0,0.0,0.0,0.0,0.0,0.0,0.0,0.0,0.0,0.0,0.0,0.08755756455580117,0.0,0.0,0.0,0.0
ENSG00000104951,0.0,0.0,0.0,0.0,0.0,0.0,0.0,0.0,0.0,0.0,0.0,0.016993628286816834,0.0,0.0,0.0,0.0,0.0,0.0,0.0,0.0,0.0
ENSG00000086967,0.0,0.0,0.0,0.015451859824066244,0.0,0.0,0.0,0.0,0.0,0.0,0.0,0.0,0.0,0.0,0.0,0.0,0.0,0.0,0.0,0.0,0.0
ENSG00000186806,0.0,0.0,0.0,0.0,0.0,0.0,0.017648205709726795,0.0,0.0,0.0,0.0,0.0,0.0,0.0,0.0,0.0,0.0,0.0,0.0,0.0,0.0
ENSG00000105374,0.0,0.0,0.0,0.0,0.0,0.0,0.0,0.02773274163315657,0.0,0.0,0.0,0.0,0.0,0.0,0.0,0.0,0.0,0.0,0.0,0.0,0.0
ENSG00000142512,0.01851293297320425,0.0,0.0,0.0,0.0,0.0,0.0,0.0,0.0,0.0,0.0,0.0,0.0,0.0,0.0,0.0,0.0,0.0,0.0,0.0,0.0
ENSG00000171051,0.0,0.0,0.0,0.0,0.0,0.0,0.0,0.029535077460388665,0.0,0.0,0.0,0.0,0.0,0.0,0.0,0.0,0.0,0.0,0.0,0.0,0.0
ENSG00000170909,0.0,0.0,0.0,0.0,0.0,0.0,0.0,0.021185055832358735,0.0,0.0,0.0,0.0,0.0,0.0,0.0,0.0,0.0,0.0,0.0,0.0,0.0
ENSG00000244482,0.020132153162203983,0.0,0.0,0.0,0.0,0.0,0.0,0.0,0.0,0.0,0.0,0.0,0.0,0.0,0.0,0.0,0.0,0.0,0.0,0.0,0.0
ENSG00000187116,0.0,0.0,0.0,0.0,0.0,0.0,0.0,0.018238036495297906,0.0,0.0,0.0,0.0,0.0,0.0,0.0,0.0,0.0,0.0,0.0,0.0,0.0
ENSG00000105048,0.0,0.0,0.0,0.0,0.0857780777818163,0.0,0.0,0.0,0.0,0.0,0.0,0.0,0.0,0.0,0.0,0.0,0.0,0.0,0.0,0.0,0.0
ENSG00000101307,0.0,0.0,0.0,0.0,0.0,0.0,0.0,0.0,0.0,0.008728195631259527,0.0,0.0,0.0,0.0,0.0,0.0,0.0,0.0,0.0,0.0,0.0
ENSG00000125780,0.0,0.0,0.0,0.0,0.0,0.0,0.0,0.0,0.0,0.016539896331183097,0.0,0.0,0.0,0.0,0.0,0.0,0.0,0.0,0.0,0.0,0.0
ENSG00000101405,0.0,0.0,0.0,0.0,0.0,0.0,0.0,0.0,0.0,0.0,0.0,0.015019294624427892,0.0,0.0,0.0,0.0,0.0,0.0,0.0,0.0,0.0
ENSG00000088836,0.0,0.0,0.0,0.0,0.0,0.0,0.0,0.0,0.0,0.0,0.0,0.0,0.0,0.0,0.0,0.0,0.0,0.0,0.15362260629186406,0.0,0.0
ENSG00000089199,0.0,0.0,0.0,0.0,0.0,0.0,0.0,0.0,0.0,0.0,0.0,0.0,0.0,0.0,0.0,0.0,0.0,0.05942056787787781,0.0,0.0,0.0
ENSG00000132639,0.0,0.0,0.0,0.0,0.0,0.0,0.0,0.0,0.0,0.0,0.0,0.0,0.058203774977749596,0.0,0.0,0.0,0.0,0.0,0.0,0.0,0.0
ENSG00000237259,0.0,0.0,0.0,0.0,0.0,0.0,0.0,0.0,0.0,0.0,0.0,0.0,0.0,0.0,0.0,0.0,0.0,0.0,0.0,0.0,0.04888006804649844
ENSG00000088325,0.0,0.0,0.0,0.0,0.0,0.0,0.0,0.0,0.0,0.020027047777241867,0.0,0.0,0.0,0.0,0.0,0.0,0.0,0.0,0.0,0.0,0.0
ENSG00000101336,0.0,0.017632818904766766,0.0,0.0,0.0,0.0,0.0,0.0,0.0,0.0,0.0,0.0,0.0,0.0,0.0,0.0,0.0,0.0,0.0,0.0,0.0
ENSG00000053438,0.0,0.0,0.0,0.0,0.0,0.0,0.0,0.0,0.0,0.0,0.0,0.0,0.07795974984298212,0.0,0.0,0.0,0.0,0.0,0.0,0.0,0.0
ENSG00000101447,0.0,0.0,0.0,0.0,0.0,0.0,0.0,0.0,0.0,0.030111931027308282,0.0,0.0,0.0,0.0,0.0,0.0,0.0,0.0,0.0,0.0,0.0
ENSG00000124102,0.0,0.0,0.0,0.0,0.0,0.0,0.0,0.0,0.0,0.0,0.05675310173449433,0.0,0.0,0.0,0.0,0.0,0.0,0.0,0.0,0.0,0.0
ENSG00000100985,0.0,0.0,0.0,0.0,0.0,0.0,0.0,0.019761611047918102,0.0,0.0,0.0,0.0,0.0,0.0,0.0,0.0,0.0,0.0,0.0,0.0,0.0
ENSG00000204044,0.0,0.0,0.0,0.0,0.0,0.0,0.0,0.0,0.0,0.0,0.0,0.002026384277124652,0.0,0.0,0.0,0.0,0.0,0.0,0.0,0.0,0.0
ENSG00000124253,0.0,0.0,0.0,0.0,0.0,0.0,0.0,0.0,0.0,0.01926444833625219,0.0,0.0,0.0,0.0,0.0,0.0,0.0,0.0,0.0,0.0,0.0
ENSG00000228314,0.0,0.0,0.0,0.0,0.0,0.0,0.0,0.0,0.0,0.0,0.0,0.051768823476622094,0.0,0.0,0.0,0.0,0.0,0.0,0.0,0.0,0.0
ENSG00000234883,0.0,0.0,0.0,0.0,0.0,0.0,0.0,0.0,0.0,0.0,0.0,0.023593287265547876,0.0,0.0,0.0,0.0,0.0,0.0,0.0,0.0,0.0
ENSG00000156299,0.0,0.0,0.0,0.0,0.0,0.0,0.0,0.0,0.0,0.0,0.0,0.0,0.0,0.0,0.0,0.0,0.0,0.07665491397159509,0.0,0.0,0.0
ENSG00000183036,0.0,0.0,0.0,0.0,0.0,0.0,0.0,0.0,0.0,0.0,0.0,0.0,0.07107328790977202,0.0,0.0,0.0,0.0,0.0,0.0,0.0,0.0
ENSG00000160213,0.0,0.04013993950203336,0.0,0.0,0.0,0.0,0.0,0.0,0.0,0.0,0.0,0.0,0.0,0.0,0.0,0.0,0.0,0.0,0.0,0.0,0.0
ENSG00000160255,0.0,0.021869884812533987,0.0,0.0,0.0,0.0,0.0,0.0,0.0,0.0,0.0,0.0,0.0,0.0,0.0,0.0,0.0,0.0,0.0,0.0,0.0
ENSG00000160307,0.0,0.0,0.0,0.0,0.0,0.0,0.0,0.0,0.0,0.0,0.0,0.0,0.10341897133195813,0.0,0.0,0.0,0.0,0.0,0.0,0.0,0.0
ENSG00000211675,0.0,0.022400651747094682,0.0,0.0,0.0,0.0,0.0,0.0,0.0,0.0,0.0,0.0,0.0,0.0,0.0,0.0,0.0,0.0,0.0,0.0,0.0
ENSG00000211679,0.0,0.018943963078180078,0.0,0.0,0.0,0.0,0.0,0.0,0.0,0.0,0.0,0.0,0.0,0.0,0.0,0.0,0.0,0.0,0.0,0.0,0.0
ENSG00000100285,0.0,0.0,0.0,0.0,0.0,0.0,0.0,0.0,0.0,0.0,0.0,0.0,0.03525535125867319,0.0,0.0,0.0,0.0,0.0,0.0,0.0,0.0
ENSG00000185133,0.0,0.0,0.0,0.0,0.0,0.0,0.0,0.0,0.0,0.0,0.0,0.0,0.0,0.0,0.0,0.0,0.1017013917390086,0.0,0.0,0.0,0.0
ENSG00000100365,0.0,0.020610397747907787,0.0,0.0,0.0,0.0,0.0,0.0,0.0,0.0,0.0,0.0,0.0,0.0,0.0,0.0,0.0,0.0,0.0,0.0,0.0
ENSG00000100385,0.0,0.0,0.0,0.0,0.0,0.0,0.010271255723060995,0.0,0.0,0.0,0.0,0.0,0.0,0.0,0.0,0.0,0.0,0.0,0.0,0.0,0.0
ENSG00000008735,0.0,0.0,0.0,0.0,0.0,0.0,0.0,0.0,0.0,0.0,0.0,0.0,0.0514676334800818,0.0,0.0,0.0,0.0,0.0,0.0,0.0,0.0
